date,horizon,model,actual,probability_up,threshold,feature_set,tuned,n_train,train_end,gap
2020-01-03,1w,HistoricalBaseRate,1,0.48717948717948717,0.5,benchmark,False,780,2019-12-20,1
2020-01-03,1w,Logistic,1,0.5095152518841611,0.5,core,False,780,2019-12-20,1
2020-01-03,1w,ElasticNet,1,0.5090336462739424,0.5,core,False,780,2019-12-20,1
2020-01-03,1w,XGBoost,1,0.5008915662765503,0.5,core,False,780,2019-12-20,1
2020-01-10,1w,HistoricalBaseRate,1,0.48655569782330343,0.5,benchmark,False,781,2019-12-27,1
2020-01-10,1w,Logistic,1,0.47235997617890785,0.5,core,False,781,2019-12-27,1
2020-01-10,1w,ElasticNet,1,0.47286369033522385,0.5,core,False,781,2019-12-27,1
2020-01-10,1w,XGBoost,1,0.4785306453704834,0.5,core,False,781,2019-12-27,1
2020-01-17,1w,HistoricalBaseRate,1,0.48721227621483376,0.5,benchmark,False,782,2020-01-03,1
2020-01-17,1w,Logistic,1,0.5172288860939512,0.5,core,False,782,2020-01-03,1
2020-01-17,1w,ElasticNet,1,0.5167516682467892,0.5,core,False,782,2020-01-03,1
2020-01-17,1w,XGBoost,1,0.5475654006004333,0.5,core,False,782,2020-01-03,1
2020-01-24,1w,HistoricalBaseRate,1,0.4878671775223499,0.5,benchmark,False,783,2020-01-10,1
2020-01-24,1w,Logistic,1,0.5265272022139532,0.5,core,False,783,2020-01-10,1
2020-01-24,1w,ElasticNet,1,0.5248945596607778,0.5,core,False,783,2020-01-10,1
2020-01-24,1w,XGBoost,1,0.5655849575996399,0.5,core,False,783,2020-01-10,1
2020-01-31,1w,HistoricalBaseRate,1,0.4885204081632653,0.5,benchmark,False,784,2020-01-17,1
2020-01-31,1w,Logistic,1,0.4816927178968862,0.5,core,False,784,2020-01-17,1
2020-01-31,1w,ElasticNet,1,0.4811457852975105,0.5,core,False,784,2020-01-17,1
2020-01-31,1w,XGBoost,1,0.5650284886360168,0.5,core,False,784,2020-01-17,1
2020-02-07,1w,HistoricalBaseRate,0,0.489171974522293,0.5,benchmark,False,785,2020-01-24,1
2020-02-07,1w,Logistic,0,0.48129807970852145,0.5,core,False,785,2020-01-24,1
2020-02-07,1w,ElasticNet,0,0.48258472346002723,0.5,core,False,785,2020-01-24,1
2020-02-07,1w,XGBoost,0,0.5478150844573975,0.5,core,False,785,2020-01-24,1
2020-02-14,1w,HistoricalBaseRate,0,0.48982188295165396,0.5,benchmark,False,786,2020-01-31,1
2020-02-14,1w,Logistic,0,0.4747737493995975,0.5,core,False,786,2020-01-31,1
2020-02-14,1w,ElasticNet,0,0.47551606586008394,0.5,core,False,786,2020-01-31,1
2020-02-14,1w,XGBoost,0,0.42873111367225647,0.5,core,False,786,2020-01-31,1
2020-02-21,1w,HistoricalBaseRate,1,0.4891994917407878,0.5,benchmark,False,787,2020-02-07,1
2020-02-21,1w,Logistic,1,0.4846550640372911,0.5,core,False,787,2020-02-07,1
2020-02-21,1w,ElasticNet,1,0.4849730279254977,0.5,core,False,787,2020-02-07,1
2020-02-21,1w,XGBoost,1,0.5931892991065979,0.5,core,False,787,2020-02-07,1
2020-02-28,1w,HistoricalBaseRate,1,0.4885786802030457,0.5,benchmark,False,788,2020-02-14,1
2020-02-28,1w,Logistic,1,0.5246447541849295,0.5,core,False,788,2020-02-14,1
2020-02-28,1w,ElasticNet,1,0.5199412146138493,0.5,core,False,788,2020-02-14,1
2020-02-28,1w,XGBoost,1,0.5441067218780518,0.5,core,False,788,2020-02-14,1
2020-03-06,1w,HistoricalBaseRate,1,0.4892268694550063,0.5,benchmark,False,789,2020-02-21,1
2020-03-06,1w,Logistic,1,0.55596704829765,0.5,core,False,789,2020-02-21,1
2020-03-06,1w,ElasticNet,1,0.551697259201592,0.5,core,False,789,2020-02-21,1
2020-03-06,1w,XGBoost,1,0.5941008925437927,0.5,core,False,789,2020-02-21,1
2020-03-13,1w,HistoricalBaseRate,1,0.489873417721519,0.5,benchmark,False,790,2020-02-28,1
2020-03-13,1w,Logistic,1,0.6646433900962042,0.5,core,False,790,2020-02-28,1
2020-03-13,1w,ElasticNet,1,0.6611885492778189,0.5,core,False,790,2020-02-28,1
2020-03-13,1w,XGBoost,1,0.5336954593658447,0.5,core,False,790,2020-02-28,1
2020-03-20,1w,HistoricalBaseRate,0,0.49051833122629585,0.5,benchmark,False,791,2020-03-06,1
2020-03-20,1w,Logistic,0,0.5893692620134094,0.5,core,False,791,2020-03-06,1
2020-03-20,1w,ElasticNet,0,0.5881700454610364,0.5,core,False,791,2020-03-06,1
2020-03-20,1w,XGBoost,0,0.4846503734588623,0.5,core,False,791,2020-03-06,1
2020-03-27,1w,HistoricalBaseRate,1,0.4911616161616162,0.5,benchmark,False,792,2020-03-13,1
2020-03-27,1w,Logistic,1,0.629838892774474,0.5,core,False,792,2020-03-13,1
2020-03-27,1w,ElasticNet,1,0.6228136409366997,0.5,core,False,792,2020-03-13,1
2020-03-27,1w,XGBoost,1,0.5622347593307495,0.5,core,False,792,2020-03-13,1
2020-04-03,1w,HistoricalBaseRate,0,0.4905422446406053,0.5,benchmark,False,793,2020-03-20,1
2020-04-03,1w,Logistic,0,0.24039387656941058,0.5,core,False,793,2020-03-20,1
2020-04-03,1w,ElasticNet,0,0.2502541161849277,0.5,core,False,793,2020-03-20,1
2020-04-03,1w,XGBoost,0,0.3856092095375061,0.5,core,False,793,2020-03-20,1
2020-04-10,1w,HistoricalBaseRate,1,0.491183879093199,0.5,benchmark,False,794,2020-03-27,1
2020-04-10,1w,Logistic,1,0.580699520106016,0.5,core,False,794,2020-03-27,1
2020-04-10,1w,ElasticNet,1,0.5763356484821779,0.5,core,False,794,2020-03-27,1
2020-04-10,1w,XGBoost,1,0.5685036182403564,0.5,core,False,794,2020-03-27,1
2020-04-17,1w,HistoricalBaseRate,1,0.49056603773584906,0.5,benchmark,False,795,2020-04-03,1
2020-04-17,1w,Logistic,1,0.5241052422728815,0.5,core,False,795,2020-04-03,1
2020-04-17,1w,ElasticNet,1,0.5230150067624646,0.5,core,False,795,2020-04-03,1
2020-04-17,1w,XGBoost,1,0.5234136581420898,0.5,core,False,795,2020-04-03,1
2020-04-24,1w,HistoricalBaseRate,1,0.49120603015075376,0.5,benchmark,False,796,2020-04-10,1
2020-04-24,1w,Logistic,1,0.5258495324250274,0.5,core,False,796,2020-04-10,1
2020-04-24,1w,ElasticNet,1,0.5255231246197939,0.5,core,False,796,2020-04-10,1
2020-04-24,1w,XGBoost,1,0.5496824383735657,0.5,core,False,796,2020-04-10,1
2020-05-01,1w,HistoricalBaseRate,0,0.4918444165621079,0.5,benchmark,False,797,2020-04-17,1
2020-05-01,1w,Logistic,0,0.4524346039812842,0.5,core,False,797,2020-04-17,1
2020-05-01,1w,ElasticNet,0,0.4527307187291469,0.5,core,False,797,2020-04-17,1
2020-05-01,1w,XGBoost,0,0.41679102182388306,0.5,core,False,797,2020-04-17,1
2020-05-08,1w,HistoricalBaseRate,1,0.4924812030075188,0.5,benchmark,False,798,2020-04-24,1
2020-05-08,1w,Logistic,1,0.34998089196231613,0.5,core,False,798,2020-04-24,1
2020-05-08,1w,ElasticNet,1,0.3536965670106308,0.5,core,False,798,2020-04-24,1
2020-05-08,1w,XGBoost,1,0.4283704459667206,0.5,core,False,798,2020-04-24,1
2020-05-15,1w,HistoricalBaseRate,0,0.4918648310387985,0.5,benchmark,False,799,2020-05-01,1
2020-05-15,1w,Logistic,0,0.4028685896392352,0.5,core,False,799,2020-05-01,1
2020-05-15,1w,ElasticNet,0,0.40516058676764993,0.5,core,False,799,2020-05-01,1
2020-05-15,1w,XGBoost,0,0.5522344708442688,0.5,core,False,799,2020-05-01,1
2020-05-22,1w,HistoricalBaseRate,0,0.4925,0.5,benchmark,False,800,2020-05-08,1
2020-05-22,1w,Logistic,0,0.4584041868010943,0.5,core,False,800,2020-05-08,1
2020-05-22,1w,ElasticNet,0,0.45902701589647166,0.5,core,False,800,2020-05-08,1
2020-05-22,1w,XGBoost,0,0.4501243829727173,0.5,core,False,800,2020-05-08,1
2020-05-29,1w,HistoricalBaseRate,0,0.4918851435705368,0.5,benchmark,False,801,2020-05-15,1
2020-05-29,1w,Logistic,0,0.4951324848154195,0.5,core,False,801,2020-05-15,1
2020-05-29,1w,ElasticNet,0,0.49431201235390776,0.5,core,False,801,2020-05-15,1
2020-05-29,1w,XGBoost,0,0.4283296465873718,0.5,core,False,801,2020-05-15,1
2020-06-05,1w,HistoricalBaseRate,1,0.4912718204488778,0.5,benchmark,False,802,2020-05-22,1
2020-06-05,1w,Logistic,1,0.4611242607880641,0.5,core,False,802,2020-05-22,1
2020-06-05,1w,ElasticNet,1,0.46073800974407597,0.5,core,False,802,2020-05-22,1
2020-06-05,1w,XGBoost,1,0.44305112957954407,0.5,core,False,802,2020-05-22,1
2020-06-12,1w,HistoricalBaseRate,1,0.49066002490660027,0.5,benchmark,False,803,2020-05-29,1
2020-06-12,1w,Logistic,1,0.5661342410241854,0.5,core,False,803,2020-05-29,1
2020-06-12,1w,ElasticNet,1,0.5637406930952514,0.5,core,False,803,2020-05-29,1
2020-06-12,1w,XGBoost,1,0.6429412961006165,0.5,core,False,803,2020-05-29,1
2020-06-19,1w,HistoricalBaseRate,1,0.49129353233830847,0.5,benchmark,False,804,2020-06-05,1
2020-06-19,1w,Logistic,1,0.42715947722595327,0.5,core,False,804,2020-06-05,1
2020-06-19,1w,ElasticNet,1,0.4288109692769445,0.5,core,False,804,2020-06-05,1
2020-06-19,1w,XGBoost,1,0.43184593319892883,0.5,core,False,804,2020-06-05,1
2020-06-26,1w,HistoricalBaseRate,0,0.4919254658385093,0.5,benchmark,False,805,2020-06-12,1
2020-06-26,1w,Logistic,0,0.4983498743798521,0.5,core,False,805,2020-06-12,1
2020-06-26,1w,ElasticNet,0,0.49825399084110017,0.5,core,False,805,2020-06-12,1
2020-06-26,1w,XGBoost,0,0.4927157461643219,0.5,core,False,805,2020-06-12,1
2020-07-03,1w,HistoricalBaseRate,0,0.49255583126550867,0.5,benchmark,False,806,2020-06-19,1
2020-07-03,1w,Logistic,0,0.44394449245530343,0.5,core,False,806,2020-06-19,1
2020-07-03,1w,ElasticNet,0,0.44530224404500895,0.5,core,False,806,2020-06-19,1
2020-07-03,1w,XGBoost,0,0.4256638288497925,0.5,core,False,806,2020-06-19,1
2020-07-10,1w,HistoricalBaseRate,0,0.4919454770755886,0.5,benchmark,False,807,2020-06-26,1
2020-07-10,1w,Logistic,0,0.49586162561296926,0.5,core,False,807,2020-06-26,1
2020-07-10,1w,ElasticNet,0,0.4952931563622459,0.5,core,False,807,2020-06-26,1
2020-07-10,1w,XGBoost,0,0.4918888807296753,0.5,core,False,807,2020-06-26,1
2020-07-17,1w,HistoricalBaseRate,0,0.49133663366336633,0.5,benchmark,False,808,2020-07-03,1
2020-07-17,1w,Logistic,0,0.4960555762641799,0.5,core,False,808,2020-07-03,1
2020-07-17,1w,ElasticNet,0,0.495874993088258,0.5,core,False,808,2020-07-03,1
2020-07-17,1w,XGBoost,0,0.5224377512931824,0.5,core,False,808,2020-07-03,1
2020-07-24,1w,HistoricalBaseRate,0,0.4907292954264524,0.5,benchmark,False,809,2020-07-10,1
2020-07-24,1w,Logistic,0,0.5183367345798359,0.5,core,False,809,2020-07-10,1
2020-07-24,1w,ElasticNet,0,0.5169228279251188,0.5,core,False,809,2020-07-10,1
2020-07-24,1w,XGBoost,0,0.48390915989875793,0.5,core,False,809,2020-07-10,1
2020-07-31,1w,HistoricalBaseRate,1,0.4901234567901235,0.5,benchmark,False,810,2020-07-17,1
2020-07-31,1w,Logistic,1,0.4939457972797106,0.5,core,False,810,2020-07-17,1
2020-07-31,1w,ElasticNet,1,0.4933818896547369,0.5,core,False,810,2020-07-17,1
2020-07-31,1w,XGBoost,1,0.48526090383529663,0.5,core,False,810,2020-07-17,1
2020-08-07,1w,HistoricalBaseRate,0,0.48951911220715166,0.5,benchmark,False,811,2020-07-24,1
2020-08-07,1w,Logistic,0,0.4793711541985077,0.5,core,False,811,2020-07-24,1
2020-08-07,1w,ElasticNet,0,0.47991954460362046,0.5,core,False,811,2020-07-24,1
2020-08-07,1w,XGBoost,0,0.5074104070663452,0.5,core,False,811,2020-07-24,1
2020-08-14,1w,HistoricalBaseRate,0,0.49014778325123154,0.5,benchmark,False,812,2020-07-31,1
2020-08-14,1w,Logistic,0,0.4763326384454602,0.5,core,False,812,2020-07-31,1
2020-08-14,1w,ElasticNet,0,0.4764773621573637,0.5,core,False,812,2020-07-31,1
2020-08-14,1w,XGBoost,0,0.4805920720100403,0.5,core,False,812,2020-07-31,1
2020-08-21,1w,HistoricalBaseRate,0,0.48954489544895446,0.5,benchmark,False,813,2020-08-07,1
2020-08-21,1w,Logistic,0,0.474253905585046,0.5,core,False,813,2020-08-07,1
2020-08-21,1w,ElasticNet,0,0.4748102859633237,0.5,core,False,813,2020-08-07,1
2020-08-21,1w,XGBoost,0,0.5108758211135864,0.5,core,False,813,2020-08-07,1
2020-08-28,1w,HistoricalBaseRate,0,0.48894348894348894,0.5,benchmark,False,814,2020-08-14,1
2020-08-28,1w,Logistic,0,0.5008105210112522,0.5,core,False,814,2020-08-14,1
2020-08-28,1w,ElasticNet,0,0.4995044427829288,0.5,core,False,814,2020-08-14,1
2020-08-28,1w,XGBoost,0,0.4497712552547455,0.5,core,False,814,2020-08-14,1
2020-09-04,1w,HistoricalBaseRate,1,0.4883435582822086,0.5,benchmark,False,815,2020-08-21,1
2020-09-04,1w,Logistic,1,0.5455282122788497,0.5,core,False,815,2020-08-21,1
2020-09-04,1w,ElasticNet,1,0.5441996917716525,0.5,core,False,815,2020-08-21,1
2020-09-04,1w,XGBoost,1,0.6531087160110474,0.5,core,False,815,2020-08-21,1
2020-09-11,1w,HistoricalBaseRate,0,0.4877450980392157,0.5,benchmark,False,816,2020-08-28,1
2020-09-11,1w,Logistic,0,0.48859071047499086,0.5,core,False,816,2020-08-28,1
2020-09-11,1w,ElasticNet,0,0.48923189524817035,0.5,core,False,816,2020-08-28,1
2020-09-11,1w,XGBoost,0,0.5547540783882141,0.5,core,False,816,2020-08-28,1
2020-09-18,1w,HistoricalBaseRate,1,0.4883720930232558,0.5,benchmark,False,817,2020-09-04,1
2020-09-18,1w,Logistic,1,0.4432917260420769,0.5,core,False,817,2020-09-04,1
2020-09-18,1w,ElasticNet,1,0.4439584980955637,0.5,core,False,817,2020-09-04,1
2020-09-18,1w,XGBoost,1,0.40254586935043335,0.5,core,False,817,2020-09-04,1
2020-09-25,1w,HistoricalBaseRate,0,0.4877750611246944,0.5,benchmark,False,818,2020-09-11,1
2020-09-25,1w,Logistic,0,0.4553016117110881,0.5,core,False,818,2020-09-11,1
2020-09-25,1w,ElasticNet,0,0.45767438610010774,0.5,core,False,818,2020-09-11,1
2020-09-25,1w,XGBoost,0,0.4033266305923462,0.5,core,False,818,2020-09-11,1
2020-10-02,1w,HistoricalBaseRate,0,0.4884004884004884,0.5,benchmark,False,819,2020-09-18,1
2020-10-02,1w,Logistic,0,0.5589913672283342,0.5,core,False,819,2020-09-18,1
2020-10-02,1w,ElasticNet,0,0.5565369271323923,0.5,core,False,819,2020-09-18,1
2020-10-02,1w,XGBoost,0,0.48123347759246826,0.5,core,False,819,2020-09-18,1
2020-10-09,1w,HistoricalBaseRate,1,0.4878048780487805,0.5,benchmark,False,820,2020-09-25,1
2020-10-09,1w,Logistic,1,0.4608254370555959,0.5,core,False,820,2020-09-25,1
2020-10-09,1w,ElasticNet,1,0.4611358978411702,0.5,core,False,820,2020-09-25,1
2020-10-09,1w,XGBoost,1,0.4507741630077362,0.5,core,False,820,2020-09-25,1
2020-10-16,1w,HistoricalBaseRate,0,0.48721071863581,0.5,benchmark,False,821,2020-10-02,1
2020-10-16,1w,Logistic,0,0.46660396449622904,0.5,core,False,821,2020-10-02,1
2020-10-16,1w,ElasticNet,0,0.46739661217259126,0.5,core,False,821,2020-10-02,1
2020-10-16,1w,XGBoost,0,0.5486718416213989,0.5,core,False,821,2020-10-02,1
2020-10-23,1w,HistoricalBaseRate,1,0.4878345498783455,0.5,benchmark,False,822,2020-10-09,1
2020-10-23,1w,Logistic,1,0.5055366891253887,0.5,core,False,822,2020-10-09,1
2020-10-23,1w,ElasticNet,1,0.504667918952246,0.5,core,False,822,2020-10-09,1
2020-10-23,1w,XGBoost,1,0.47593453526496887,0.5,core,False,822,2020-10-09,1
2020-10-30,1w,HistoricalBaseRate,0,0.48724179829890646,0.5,benchmark,False,823,2020-10-16,1
2020-10-30,1w,Logistic,0,0.552438702486931,0.5,core,False,823,2020-10-16,1
2020-10-30,1w,ElasticNet,0,0.5508244495971262,0.5,core,False,823,2020-10-16,1
2020-10-30,1w,XGBoost,0,0.6262551546096802,0.5,core,False,823,2020-10-16,1
2020-11-06,1w,HistoricalBaseRate,1,0.4878640776699029,0.5,benchmark,False,824,2020-10-23,1
2020-11-06,1w,Logistic,1,0.44098112268127604,0.5,core,False,824,2020-10-23,1
2020-11-06,1w,ElasticNet,1,0.44173066753117884,0.5,core,False,824,2020-10-23,1
2020-11-06,1w,XGBoost,1,0.4242503046989441,0.5,core,False,824,2020-10-23,1
2020-11-13,1w,HistoricalBaseRate,0,0.48727272727272725,0.5,benchmark,False,825,2020-10-30,1
2020-11-13,1w,Logistic,0,0.4329564835031011,0.5,core,False,825,2020-10-30,1
2020-11-13,1w,ElasticNet,0,0.4345717261786489,0.5,core,False,825,2020-10-30,1
2020-11-13,1w,XGBoost,0,0.4639802575111389,0.5,core,False,825,2020-10-30,1
2020-11-20,1w,HistoricalBaseRate,0,0.48789346246973364,0.5,benchmark,False,826,2020-11-06,1
2020-11-20,1w,Logistic,0,0.4794939331664892,0.5,core,False,826,2020-11-06,1
2020-11-20,1w,ElasticNet,0,0.4791304385215815,0.5,core,False,826,2020-11-06,1
2020-11-20,1w,XGBoost,0,0.3938349187374115,0.5,core,False,826,2020-11-06,1
2020-11-27,1w,HistoricalBaseRate,0,0.4873035066505441,0.5,benchmark,False,827,2020-11-13,1
2020-11-27,1w,Logistic,0,0.44416705921393096,0.5,core,False,827,2020-11-13,1
2020-11-27,1w,ElasticNet,0,0.44502374483431434,0.5,core,False,827,2020-11-13,1
2020-11-27,1w,XGBoost,0,0.4353007674217224,0.5,core,False,827,2020-11-13,1
2020-12-04,1w,HistoricalBaseRate,0,0.4867149758454106,0.5,benchmark,False,828,2020-11-20,1
2020-12-04,1w,Logistic,0,0.48921783260977597,0.5,core,False,828,2020-11-20,1
2020-12-04,1w,ElasticNet,0,0.48865282844178365,0.5,core,False,828,2020-11-20,1
2020-12-04,1w,XGBoost,0,0.4476809501647949,0.5,core,False,828,2020-11-20,1
2020-12-11,1w,HistoricalBaseRate,1,0.48612786489746684,0.5,benchmark,False,829,2020-11-27,1
2020-12-11,1w,Logistic,1,0.4867613713785429,0.5,core,False,829,2020-11-27,1
2020-12-11,1w,ElasticNet,1,0.4864922811769672,0.5,core,False,829,2020-11-27,1
2020-12-11,1w,XGBoost,1,0.47876793146133423,0.5,core,False,829,2020-11-27,1
2020-12-18,1w,HistoricalBaseRate,1,0.4855421686746988,0.5,benchmark,False,830,2020-12-04,1
2020-12-18,1w,Logistic,1,0.47058694509155385,0.5,core,False,830,2020-12-04,1
2020-12-18,1w,ElasticNet,1,0.47032369073494146,0.5,core,False,830,2020-12-04,1
2020-12-18,1w,XGBoost,1,0.42125552892684937,0.5,core,False,830,2020-12-04,1
2020-12-25,1w,HistoricalBaseRate,0,0.4861612515042118,0.5,benchmark,False,831,2020-12-11,1
2020-12-25,1w,Logistic,0,0.5091943716602342,0.5,core,False,831,2020-12-11,1
2020-12-25,1w,ElasticNet,0,0.5088339619698474,0.5,core,False,831,2020-12-11,1
2020-12-25,1w,XGBoost,0,0.5712143778800964,0.5,core,False,831,2020-12-11,1
2021-01-01,1w,HistoricalBaseRate,0,0.48677884615384615,0.5,benchmark,False,832,2020-12-18,1
2021-01-01,1w,Logistic,0,0.498305927521557,0.5,core,False,832,2020-12-18,1
2021-01-01,1w,ElasticNet,0,0.4975026436256282,0.5,core,False,832,2020-12-18,1
2021-01-01,1w,XGBoost,0,0.39637598395347595,0.5,core,False,832,2020-12-18,1
2021-01-08,1w,HistoricalBaseRate,1,0.48619447779111646,0.5,benchmark,False,833,2020-12-25,1
2021-01-08,1w,Logistic,1,0.4518610265149715,0.5,core,False,833,2020-12-25,1
2021-01-08,1w,ElasticNet,1,0.4524707064071404,0.5,core,False,833,2020-12-25,1
2021-01-08,1w,XGBoost,1,0.4265543222427368,0.5,core,False,833,2020-12-25,1
2021-01-15,1w,HistoricalBaseRate,1,0.4856115107913669,0.5,benchmark,False,834,2021-01-01,1
2021-01-15,1w,Logistic,1,0.4821036678259833,0.5,core,False,834,2021-01-01,1
2021-01-15,1w,ElasticNet,1,0.48229974363235906,0.5,core,False,834,2021-01-01,1
2021-01-15,1w,XGBoost,1,0.5214440226554871,0.5,core,False,834,2021-01-01,1
2021-01-22,1w,HistoricalBaseRate,1,0.48622754491017967,0.5,benchmark,False,835,2021-01-08,1
2021-01-22,1w,Logistic,1,0.47448528227780623,0.5,core,False,835,2021-01-08,1
2021-01-22,1w,ElasticNet,1,0.47477514470635424,0.5,core,False,835,2021-01-08,1
2021-01-22,1w,XGBoost,1,0.4757336676120758,0.5,core,False,835,2021-01-08,1
2021-01-29,1w,HistoricalBaseRate,1,0.4868421052631579,0.5,benchmark,False,836,2021-01-15,1
2021-01-29,1w,Logistic,1,0.5259046282274569,0.5,core,False,836,2021-01-15,1
2021-01-29,1w,ElasticNet,1,0.5240689414618253,0.5,core,False,836,2021-01-15,1
2021-01-29,1w,XGBoost,1,0.5920092463493347,0.5,core,False,836,2021-01-15,1
2021-02-05,1w,HistoricalBaseRate,0,0.4874551971326165,0.5,benchmark,False,837,2021-01-22,1
2021-02-05,1w,Logistic,0,0.37885874677722714,0.5,core,False,837,2021-01-22,1
2021-02-05,1w,ElasticNet,0,0.38256624933756705,0.5,core,False,837,2021-01-22,1
2021-02-05,1w,XGBoost,0,0.4476555287837982,0.5,core,False,837,2021-01-22,1
2021-02-12,1w,HistoricalBaseRate,0,0.4880668257756563,0.5,benchmark,False,838,2021-01-29,1
2021-02-12,1w,Logistic,0,0.47009998759296806,0.5,core,False,838,2021-01-29,1
2021-02-12,1w,ElasticNet,0,0.4701115160496133,0.5,core,False,838,2021-01-29,1
2021-02-12,1w,XGBoost,0,0.4097333252429962,0.5,core,False,838,2021-01-29,1
2021-02-19,1w,HistoricalBaseRate,1,0.48748510131108463,0.5,benchmark,False,839,2021-02-05,1
2021-02-19,1w,Logistic,1,0.49151876896717117,0.5,core,False,839,2021-02-05,1
2021-02-19,1w,ElasticNet,1,0.4910746887412682,0.5,core,False,839,2021-02-05,1
2021-02-19,1w,XGBoost,1,0.5678170323371887,0.5,core,False,839,2021-02-05,1
2021-02-26,1w,HistoricalBaseRate,0,0.4869047619047619,0.5,benchmark,False,840,2021-02-12,1
2021-02-26,1w,Logistic,0,0.45480219229839713,0.5,core,False,840,2021-02-12,1
2021-02-26,1w,ElasticNet,0,0.45571731445786184,0.5,core,False,840,2021-02-12,1
2021-02-26,1w,XGBoost,0,0.4651568531990051,0.5,core,False,840,2021-02-12,1
2021-03-05,1w,HistoricalBaseRate,0,0.4875148632580262,0.5,benchmark,False,841,2021-02-19,1
2021-03-05,1w,Logistic,0,0.432266795443559,0.5,core,False,841,2021-02-19,1
2021-03-05,1w,ElasticNet,0,0.4342243961272577,0.5,core,False,841,2021-02-19,1
2021-03-05,1w,XGBoost,0,0.49097877740859985,0.5,core,False,841,2021-02-19,1
2021-03-12,1w,HistoricalBaseRate,1,0.48693586698337293,0.5,benchmark,False,842,2021-02-26,1
2021-03-12,1w,Logistic,1,0.47572788655743287,0.5,core,False,842,2021-02-26,1
2021-03-12,1w,ElasticNet,1,0.4759936982298915,0.5,core,False,842,2021-02-26,1
2021-03-12,1w,XGBoost,1,0.5150825381278992,0.5,core,False,842,2021-02-26,1
2021-03-19,1w,HistoricalBaseRate,1,0.4863582443653618,0.5,benchmark,False,843,2021-03-05,1
2021-03-19,1w,Logistic,1,0.5179442159817821,0.5,core,False,843,2021-03-05,1
2021-03-19,1w,ElasticNet,1,0.5174587572944056,0.5,core,False,843,2021-03-05,1
2021-03-19,1w,XGBoost,1,0.5077738165855408,0.5,core,False,843,2021-03-05,1
2021-03-26,1w,HistoricalBaseRate,0,0.48696682464454977,0.5,benchmark,False,844,2021-03-12,1
2021-03-26,1w,Logistic,0,0.4580393323609336,0.5,core,False,844,2021-03-12,1
2021-03-26,1w,ElasticNet,0,0.4593039334106264,0.5,core,False,844,2021-03-12,1
2021-03-26,1w,XGBoost,0,0.5430638194084167,0.5,core,False,844,2021-03-12,1
2021-04-02,1w,HistoricalBaseRate,0,0.48757396449704143,0.5,benchmark,False,845,2021-03-19,1
2021-04-02,1w,Logistic,0,0.47344172152484665,0.5,core,False,845,2021-03-19,1
2021-04-02,1w,ElasticNet,0,0.4739631880825353,0.5,core,False,845,2021-03-19,1
2021-04-02,1w,XGBoost,0,0.48583370447158813,0.5,core,False,845,2021-03-19,1
2021-04-09,1w,HistoricalBaseRate,0,0.48699763593380613,0.5,benchmark,False,846,2021-03-26,1
2021-04-09,1w,Logistic,0,0.5115676881795593,0.5,core,False,846,2021-03-26,1
2021-04-09,1w,ElasticNet,0,0.5107731804504531,0.5,core,False,846,2021-03-26,1
2021-04-09,1w,XGBoost,0,0.508212685585022,0.5,core,False,846,2021-03-26,1
2021-04-16,1w,HistoricalBaseRate,0,0.48642266824085006,0.5,benchmark,False,847,2021-04-02,1
2021-04-16,1w,Logistic,0,0.4659092002635726,0.5,core,False,847,2021-04-02,1
2021-04-16,1w,ElasticNet,0,0.46593082895813875,0.5,core,False,847,2021-04-02,1
2021-04-16,1w,XGBoost,0,0.4029616415500641,0.5,core,False,847,2021-04-02,1
2021-04-23,1w,HistoricalBaseRate,0,0.4858490566037736,0.5,benchmark,False,848,2021-04-09,1
2021-04-23,1w,Logistic,0,0.48523814467144727,0.5,core,False,848,2021-04-09,1
2021-04-23,1w,ElasticNet,0,0.48496536798272805,0.5,core,False,848,2021-04-09,1
2021-04-23,1w,XGBoost,0,0.395636647939682,0.5,core,False,848,2021-04-09,1
2021-04-30,1w,HistoricalBaseRate,0,0.48527679623085984,0.5,benchmark,False,849,2021-04-16,1
2021-04-30,1w,Logistic,0,0.4711385666844577,0.5,core,False,849,2021-04-16,1
2021-04-30,1w,ElasticNet,0,0.47146439854450733,0.5,core,False,849,2021-04-16,1
2021-04-30,1w,XGBoost,0,0.35827744007110596,0.5,core,False,849,2021-04-16,1
2021-05-07,1w,HistoricalBaseRate,0,0.48470588235294115,0.5,benchmark,False,850,2021-04-23,1
2021-05-07,1w,Logistic,0,0.4950988393455949,0.5,core,False,850,2021-04-23,1
2021-05-07,1w,ElasticNet,0,0.4944301421643891,0.5,core,False,850,2021-04-23,1
2021-05-07,1w,XGBoost,0,0.4675081968307495,0.5,core,False,850,2021-04-23,1
2021-05-14,1w,HistoricalBaseRate,0,0.48413631022326675,0.5,benchmark,False,851,2021-04-30,1
2021-05-14,1w,Logistic,0,0.49423081104064287,0.5,core,False,851,2021-04-30,1
2021-05-14,1w,ElasticNet,0,0.4940197315397343,0.5,core,False,851,2021-04-30,1
2021-05-14,1w,XGBoost,0,0.5484243631362915,0.5,core,False,851,2021-04-30,1
2021-05-21,1w,HistoricalBaseRate,1,0.4835680751173709,0.5,benchmark,False,852,2021-05-07,1
2021-05-21,1w,Logistic,1,0.4764716391355477,0.5,core,False,852,2021-05-07,1
2021-05-21,1w,ElasticNet,1,0.4766432855615908,0.5,core,False,852,2021-05-07,1
2021-05-21,1w,XGBoost,1,0.3567318022251129,0.5,core,False,852,2021-05-07,1
2021-05-28,1w,HistoricalBaseRate,1,0.48300117233294254,0.5,benchmark,False,853,2021-05-14,1
2021-05-28,1w,Logistic,1,0.44925963931373375,0.5,core,False,853,2021-05-14,1
2021-05-28,1w,ElasticNet,1,0.45016180730044586,0.5,core,False,853,2021-05-14,1
2021-05-28,1w,XGBoost,1,0.4094705879688263,0.5,core,False,853,2021-05-14,1
2021-06-04,1w,HistoricalBaseRate,1,0.48360655737704916,0.5,benchmark,False,854,2021-05-21,1
2021-06-04,1w,Logistic,1,0.45605727074193825,0.5,core,False,854,2021-05-21,1
2021-06-04,1w,ElasticNet,1,0.4565960943724495,0.5,core,False,854,2021-05-21,1
2021-06-04,1w,XGBoost,1,0.3936547636985779,0.5,core,False,854,2021-05-21,1
2021-06-11,1w,HistoricalBaseRate,1,0.4842105263157895,0.5,benchmark,False,855,2021-05-28,1
2021-06-11,1w,Logistic,1,0.4611754552149278,0.5,core,False,855,2021-05-28,1
2021-06-11,1w,ElasticNet,1,0.46196859711194566,0.5,core,False,855,2021-05-28,1
2021-06-11,1w,XGBoost,1,0.47582682967185974,0.5,core,False,855,2021-05-28,1
2021-06-18,1w,HistoricalBaseRate,0,0.4848130841121495,0.5,benchmark,False,856,2021-06-04,1
2021-06-18,1w,Logistic,0,0.4680885603541626,0.5,core,False,856,2021-06-04,1
2021-06-18,1w,ElasticNet,0,0.46913741910253093,0.5,core,False,856,2021-06-04,1
2021-06-18,1w,XGBoost,0,0.4693455994129181,0.5,core,False,856,2021-06-04,1
2021-06-25,1w,HistoricalBaseRate,1,0.485414235705951,0.5,benchmark,False,857,2021-06-11,1
2021-06-25,1w,Logistic,1,0.4656592975441153,0.5,core,False,857,2021-06-11,1
2021-06-25,1w,ElasticNet,1,0.4660315517766616,0.5,core,False,857,2021-06-11,1
2021-06-25,1w,XGBoost,1,0.40832361578941345,0.5,core,False,857,2021-06-11,1
2021-07-02,1w,HistoricalBaseRate,1,0.48484848484848486,0.5,benchmark,False,858,2021-06-18,1
2021-07-02,1w,Logistic,1,0.45432383359247713,0.5,core,False,858,2021-06-18,1
2021-07-02,1w,ElasticNet,1,0.4553900576530587,0.5,core,False,858,2021-06-18,1
2021-07-02,1w,XGBoost,1,0.4724602997303009,0.5,core,False,858,2021-06-18,1
2021-07-09,1w,HistoricalBaseRate,1,0.48544819557625146,0.5,benchmark,False,859,2021-06-25,1
2021-07-09,1w,Logistic,1,0.48725689381634585,0.5,core,False,859,2021-06-25,1
2021-07-09,1w,ElasticNet,1,0.4871001640777596,0.5,core,False,859,2021-06-25,1
2021-07-09,1w,XGBoost,1,0.40317028760910034,0.5,core,False,859,2021-06-25,1
2021-07-16,1w,HistoricalBaseRate,0,0.48604651162790696,0.5,benchmark,False,860,2021-07-02,1
2021-07-16,1w,Logistic,0,0.48450088661580537,0.5,core,False,860,2021-07-02,1
2021-07-16,1w,ElasticNet,0,0.4846465251074605,0.5,core,False,860,2021-07-02,1
2021-07-16,1w,XGBoost,0,0.5442526340484619,0.5,core,False,860,2021-07-02,1
2021-07-23,1w,HistoricalBaseRate,0,0.48664343786295006,0.5,benchmark,False,861,2021-07-09,1
2021-07-23,1w,Logistic,0,0.4733889630404755,0.5,core,False,861,2021-07-09,1
2021-07-23,1w,ElasticNet,0,0.4739541330284985,0.5,core,False,861,2021-07-09,1
2021-07-23,1w,XGBoost,0,0.4910057783126831,0.5,core,False,861,2021-07-09,1
2021-07-30,1w,HistoricalBaseRate,1,0.48607888631090485,0.5,benchmark,False,862,2021-07-16,1
2021-07-30,1w,Logistic,1,0.49813607785374614,0.5,core,False,862,2021-07-16,1
2021-07-30,1w,ElasticNet,1,0.49736250914347524,0.5,core,False,862,2021-07-16,1
2021-07-30,1w,XGBoost,1,0.40574750304222107,0.5,core,False,862,2021-07-16,1
2021-08-06,1w,HistoricalBaseRate,0,0.4855156431054461,0.5,benchmark,False,863,2021-07-23,1
2021-08-06,1w,Logistic,0,0.5076997523510683,0.5,core,False,863,2021-07-23,1
2021-08-06,1w,ElasticNet,0,0.507792820074108,0.5,core,False,863,2021-07-23,1
2021-08-06,1w,XGBoost,0,0.5549929738044739,0.5,core,False,863,2021-07-23,1
2021-08-13,1w,HistoricalBaseRate,1,0.4861111111111111,0.5,benchmark,False,864,2021-07-30,1
2021-08-13,1w,Logistic,1,0.5041560368686627,0.5,core,False,864,2021-07-30,1
2021-08-13,1w,ElasticNet,1,0.5036938309116128,0.5,core,False,864,2021-07-30,1
2021-08-13,1w,XGBoost,1,0.5107712149620056,0.5,core,False,864,2021-07-30,1
2021-08-20,1w,HistoricalBaseRate,0,0.48554913294797686,0.5,benchmark,False,865,2021-08-06,1
2021-08-20,1w,Logistic,0,0.4889832803770756,0.5,core,False,865,2021-08-06,1
2021-08-20,1w,ElasticNet,0,0.48946510243452873,0.5,core,False,865,2021-08-06,1
2021-08-20,1w,XGBoost,0,0.4304514527320862,0.5,core,False,865,2021-08-06,1
2021-08-27,1w,HistoricalBaseRate,0,0.48614318706697457,0.5,benchmark,False,866,2021-08-13,1
2021-08-27,1w,Logistic,0,0.4641140303252526,0.5,core,False,866,2021-08-13,1
2021-08-27,1w,ElasticNet,0,0.46397482084631925,0.5,core,False,866,2021-08-13,1
2021-08-27,1w,XGBoost,0,0.45316940546035767,0.5,core,False,866,2021-08-13,1
2021-09-03,1w,HistoricalBaseRate,1,0.4855824682814302,0.5,benchmark,False,867,2021-08-20,1
2021-09-03,1w,Logistic,1,0.5159316592263091,0.5,core,False,867,2021-08-20,1
2021-09-03,1w,ElasticNet,1,0.5149659336630232,0.5,core,False,867,2021-08-20,1
2021-09-03,1w,XGBoost,1,0.4888343811035156,0.5,core,False,867,2021-08-20,1
2021-09-10,1w,HistoricalBaseRate,1,0.48502304147465436,0.5,benchmark,False,868,2021-08-27,1
2021-09-10,1w,Logistic,1,0.485424354699537,0.5,core,False,868,2021-08-27,1
2021-09-10,1w,ElasticNet,1,0.48512521559277033,0.5,core,False,868,2021-08-27,1
2021-09-10,1w,XGBoost,1,0.547733724117279,0.5,core,False,868,2021-08-27,1
2021-09-17,1w,HistoricalBaseRate,0,0.4856156501726122,0.5,benchmark,False,869,2021-09-03,1
2021-09-17,1w,Logistic,0,0.4526459282117519,0.5,core,False,869,2021-09-03,1
2021-09-17,1w,ElasticNet,0,0.45364513313464755,0.5,core,False,869,2021-09-03,1
2021-09-17,1w,XGBoost,0,0.46398496627807617,0.5,core,False,869,2021-09-03,1
2021-09-24,1w,HistoricalBaseRate,0,0.4862068965517241,0.5,benchmark,False,870,2021-09-10,1
2021-09-24,1w,Logistic,0,0.46047017303616905,0.5,core,False,870,2021-09-10,1
2021-09-24,1w,ElasticNet,0,0.4612771330712024,0.5,core,False,870,2021-09-10,1
2021-09-24,1w,XGBoost,0,0.4323176145553589,0.5,core,False,870,2021-09-10,1
2021-10-01,1w,HistoricalBaseRate,0,0.4856486796785304,0.5,benchmark,False,871,2021-09-17,1
2021-10-01,1w,Logistic,0,0.48342917706197985,0.5,core,False,871,2021-09-17,1
2021-10-01,1w,ElasticNet,0,0.4833830224357113,0.5,core,False,871,2021-09-17,1
2021-10-01,1w,XGBoost,0,0.5845489501953125,0.5,core,False,871,2021-09-17,1
2021-10-08,1w,HistoricalBaseRate,0,0.48509174311926606,0.5,benchmark,False,872,2021-09-24,1
2021-10-08,1w,Logistic,0,0.43355077027801786,0.5,core,False,872,2021-09-24,1
2021-10-08,1w,ElasticNet,0,0.43471308241696865,0.5,core,False,872,2021-09-24,1
2021-10-08,1w,XGBoost,0,0.40999525785446167,0.5,core,False,872,2021-09-24,1
2021-10-15,1w,HistoricalBaseRate,0,0.4845360824742268,0.5,benchmark,False,873,2021-10-01,1
2021-10-15,1w,Logistic,0,0.4520092390955355,0.5,core,False,873,2021-10-01,1
2021-10-15,1w,ElasticNet,0,0.45255610195748314,0.5,core,False,873,2021-10-01,1
2021-10-15,1w,XGBoost,0,0.3957941234111786,0.5,core,False,873,2021-10-01,1
2021-10-22,1w,HistoricalBaseRate,1,0.4839816933638444,0.5,benchmark,False,874,2021-10-08,1
2021-10-22,1w,Logistic,1,0.45347741696263083,0.5,core,False,874,2021-10-08,1
2021-10-22,1w,ElasticNet,1,0.45388461301198196,0.5,core,False,874,2021-10-08,1
2021-10-22,1w,XGBoost,1,0.41994962096214294,0.5,core,False,874,2021-10-08,1
2021-10-29,1w,HistoricalBaseRate,1,0.48342857142857143,0.5,benchmark,False,875,2021-10-15,1
2021-10-29,1w,Logistic,1,0.4262048684677247,0.5,core,False,875,2021-10-15,1
2021-10-29,1w,ElasticNet,1,0.4272716764087422,0.5,core,False,875,2021-10-15,1
2021-10-29,1w,XGBoost,1,0.47042420506477356,0.5,core,False,875,2021-10-15,1
2021-11-05,1w,HistoricalBaseRate,1,0.4840182648401826,0.5,benchmark,False,876,2021-10-22,1
2021-11-05,1w,Logistic,1,0.5282670789500779,0.5,core,False,876,2021-10-22,1
2021-11-05,1w,ElasticNet,1,0.5275387385031916,0.5,core,False,876,2021-10-22,1
2021-11-05,1w,XGBoost,1,0.5576516389846802,0.5,core,False,876,2021-10-22,1
2021-11-12,1w,HistoricalBaseRate,1,0.4846066134549601,0.5,benchmark,False,877,2021-10-29,1
2021-11-12,1w,Logistic,1,0.4717155192925644,0.5,core,False,877,2021-10-29,1
2021-11-12,1w,ElasticNet,1,0.4724128950483397,0.5,core,False,877,2021-10-29,1
2021-11-12,1w,XGBoost,1,0.5313546061515808,0.5,core,False,877,2021-10-29,1
2021-11-19,1w,HistoricalBaseRate,1,0.48519362186788156,0.5,benchmark,False,878,2021-11-05,1
2021-11-19,1w,Logistic,1,0.5208554023551426,0.5,core,False,878,2021-11-05,1
2021-11-19,1w,ElasticNet,1,0.5203606278754592,0.5,core,False,878,2021-11-05,1
2021-11-19,1w,XGBoost,1,0.4806756377220154,0.5,core,False,878,2021-11-05,1
2021-11-26,1w,HistoricalBaseRate,1,0.4857792946530148,0.5,benchmark,False,879,2021-11-12,1
2021-11-26,1w,Logistic,1,0.5380293199711039,0.5,core,False,879,2021-11-12,1
2021-11-26,1w,ElasticNet,1,0.5363470772563292,0.5,core,False,879,2021-11-12,1
2021-11-26,1w,XGBoost,1,0.5399709939956665,0.5,core,False,879,2021-11-12,1
2021-12-03,1w,HistoricalBaseRate,0,0.4863636363636364,0.5,benchmark,False,880,2021-11-19,1
2021-12-03,1w,Logistic,0,0.5709576689950906,0.5,core,False,880,2021-11-19,1
2021-12-03,1w,ElasticNet,0,0.5695839183534187,0.5,core,False,880,2021-11-19,1
2021-12-03,1w,XGBoost,0,0.5812041759490967,0.5,core,False,880,2021-11-19,1
2021-12-10,1w,HistoricalBaseRate,1,0.4869466515323496,0.5,benchmark,False,881,2021-11-26,1
2021-12-10,1w,Logistic,1,0.4435825209889039,0.5,core,False,881,2021-11-26,1
2021-12-10,1w,ElasticNet,1,0.4448555586590141,0.5,core,False,881,2021-11-26,1
2021-12-10,1w,XGBoost,1,0.46366116404533386,0.5,core,False,881,2021-11-26,1
2021-12-17,1w,HistoricalBaseRate,0,0.48639455782312924,0.5,benchmark,False,882,2021-12-03,1
2021-12-17,1w,Logistic,0,0.5020846929718732,0.5,core,False,882,2021-12-03,1
2021-12-17,1w,ElasticNet,0,0.5016969652151907,0.5,core,False,882,2021-12-03,1
2021-12-17,1w,XGBoost,0,0.5582678914070129,0.5,core,False,882,2021-12-03,1
2021-12-24,1w,HistoricalBaseRate,0,0.4869762174405436,0.5,benchmark,False,883,2021-12-10,1
2021-12-24,1w,Logistic,0,0.4730231205431693,0.5,core,False,883,2021-12-10,1
2021-12-24,1w,ElasticNet,0,0.4733129313856453,0.5,core,False,883,2021-12-10,1
2021-12-24,1w,XGBoost,0,0.43048614263534546,0.5,core,False,883,2021-12-10,1
2021-12-31,1w,HistoricalBaseRate,0,0.48642533936651583,0.5,benchmark,False,884,2021-12-17,1
2021-12-31,1w,Logistic,0,0.51754020815505,0.5,core,False,884,2021-12-17,1
2021-12-31,1w,ElasticNet,0,0.5169072863649721,0.5,core,False,884,2021-12-17,1
2021-12-31,1w,XGBoost,0,0.5288184285163879,0.5,core,False,884,2021-12-17,1
2022-01-07,1w,HistoricalBaseRate,0,0.4858757062146893,0.5,benchmark,False,885,2021-12-24,1
2022-01-07,1w,Logistic,0,0.44084389367949783,0.5,core,False,885,2021-12-24,1
2022-01-07,1w,ElasticNet,0,0.4416823335058656,0.5,core,False,885,2021-12-24,1
2022-01-07,1w,XGBoost,0,0.30662301182746887,0.5,core,False,885,2021-12-24,1
2022-01-14,1w,HistoricalBaseRate,0,0.4853273137697517,0.5,benchmark,False,886,2021-12-31,1
2022-01-14,1w,Logistic,0,0.4869342850052919,0.5,core,False,886,2021-12-31,1
2022-01-14,1w,ElasticNet,0,0.48650101236844856,0.5,core,False,886,2021-12-31,1
2022-01-14,1w,XGBoost,0,0.3818606436252594,0.5,core,False,886,2021-12-31,1
2022-01-21,1w,HistoricalBaseRate,1,0.48478015783540024,0.5,benchmark,False,887,2022-01-07,1
2022-01-21,1w,Logistic,1,0.5303693923836866,0.5,core,False,887,2022-01-07,1
2022-01-21,1w,ElasticNet,1,0.5288612272674161,0.5,core,False,887,2022-01-07,1
2022-01-21,1w,XGBoost,1,0.5882324576377869,0.5,core,False,887,2022-01-07,1
2022-01-28,1w,HistoricalBaseRate,1,0.48423423423423423,0.5,benchmark,False,888,2022-01-14,1
2022-01-28,1w,Logistic,1,0.5204620966049435,0.5,core,False,888,2022-01-14,1
2022-01-28,1w,ElasticNet,1,0.520684636132817,0.5,core,False,888,2022-01-14,1
2022-01-28,1w,XGBoost,1,0.41927099227905273,0.5,core,False,888,2022-01-14,1
2022-02-04,1w,HistoricalBaseRate,0,0.484814398200225,0.5,benchmark,False,889,2022-01-21,1
2022-02-04,1w,Logistic,0,0.4727041198499459,0.5,core,False,889,2022-01-21,1
2022-02-04,1w,ElasticNet,0,0.47264536361013704,0.5,core,False,889,2022-01-21,1
2022-02-04,1w,XGBoost,0,0.4045570492744446,0.5,core,False,889,2022-01-21,1
2022-02-11,1w,HistoricalBaseRate,1,0.4853932584269663,0.5,benchmark,False,890,2022-01-28,1
2022-02-11,1w,Logistic,1,0.554191352102947,0.5,core,False,890,2022-01-28,1
2022-02-11,1w,ElasticNet,1,0.5525033683168307,0.5,core,False,890,2022-01-28,1
2022-02-11,1w,XGBoost,1,0.5741077065467834,0.5,core,False,890,2022-01-28,1
2022-02-18,1w,HistoricalBaseRate,0,0.48484848484848486,0.5,benchmark,False,891,2022-02-04,1
2022-02-18,1w,Logistic,0,0.44428291380784823,0.5,core,False,891,2022-02-04,1
2022-02-18,1w,ElasticNet,0,0.4452237289060316,0.5,core,False,891,2022-02-04,1
2022-02-18,1w,XGBoost,0,0.45601972937583923,0.5,core,False,891,2022-02-04,1
2022-02-25,1w,HistoricalBaseRate,1,0.4854260089686099,0.5,benchmark,False,892,2022-02-11,1
2022-02-25,1w,Logistic,1,0.5127967321696436,0.5,core,False,892,2022-02-11,1
2022-02-25,1w,ElasticNet,1,0.5123217296368233,0.5,core,False,892,2022-02-11,1
2022-02-25,1w,XGBoost,1,0.5134651064872742,0.5,core,False,892,2022-02-11,1
2022-03-04,1w,HistoricalBaseRate,0,0.48488241881298993,0.5,benchmark,False,893,2022-02-18,1
2022-03-04,1w,Logistic,0,0.38144293926797573,0.5,core,False,893,2022-02-18,1
2022-03-04,1w,ElasticNet,0,0.3833270733703879,0.5,core,False,893,2022-02-18,1
2022-03-04,1w,XGBoost,0,0.5074524283409119,0.5,core,False,893,2022-02-18,1
2022-03-11,1w,HistoricalBaseRate,0,0.4854586129753915,0.5,benchmark,False,894,2022-02-25,1
2022-03-11,1w,Logistic,0,0.4892002668898278,0.5,core,False,894,2022-02-25,1
2022-03-11,1w,ElasticNet,0,0.48945515342180235,0.5,core,False,894,2022-02-25,1
2022-03-11,1w,XGBoost,0,0.49618881940841675,0.5,core,False,894,2022-02-25,1
2022-03-18,1w,HistoricalBaseRate,0,0.4849162011173184,0.5,benchmark,False,895,2022-03-04,1
2022-03-18,1w,Logistic,0,0.4532639550662692,0.5,core,False,895,2022-03-04,1
2022-03-18,1w,ElasticNet,0,0.45405887468651057,0.5,core,False,895,2022-03-04,1
2022-03-18,1w,XGBoost,0,0.47793588042259216,0.5,core,False,895,2022-03-04,1
2022-03-25,1w,HistoricalBaseRate,0,0.484375,0.5,benchmark,False,896,2022-03-11,1
2022-03-25,1w,Logistic,0,0.4841730409025395,0.5,core,False,896,2022-03-11,1
2022-03-25,1w,ElasticNet,0,0.48442869980616265,0.5,core,False,896,2022-03-11,1
2022-03-25,1w,XGBoost,0,0.4938811659812927,0.5,core,False,896,2022-03-11,1
2022-04-01,1w,HistoricalBaseRate,1,0.483835005574136,0.5,benchmark,False,897,2022-03-18,1
2022-04-01,1w,Logistic,1,0.5546880840151752,0.5,core,False,897,2022-03-18,1
2022-04-01,1w,ElasticNet,1,0.5535276998130171,0.5,core,False,897,2022-03-18,1
2022-04-01,1w,XGBoost,1,0.48847314715385437,0.5,core,False,897,2022-03-18,1
2022-04-08,1w,HistoricalBaseRate,1,0.48329621380846327,0.5,benchmark,False,898,2022-03-25,1
2022-04-08,1w,Logistic,1,0.4219058393653811,0.5,core,False,898,2022-03-25,1
2022-04-08,1w,ElasticNet,1,0.4232088364377234,0.5,core,False,898,2022-03-25,1
2022-04-08,1w,XGBoost,1,0.4098600447177887,0.5,core,False,898,2022-03-25,1
2022-04-15,1w,HistoricalBaseRate,1,0.4838709677419355,0.5,benchmark,False,899,2022-04-01,1
2022-04-15,1w,Logistic,1,0.4883144454071009,0.5,core,False,899,2022-04-01,1
2022-04-15,1w,ElasticNet,1,0.4884896254358137,0.5,core,False,899,2022-04-01,1
2022-04-15,1w,XGBoost,1,0.4703883230686188,0.5,core,False,899,2022-04-01,1
2022-04-22,1w,HistoricalBaseRate,1,0.48444444444444446,0.5,benchmark,False,900,2022-04-08,1
2022-04-22,1w,Logistic,1,0.4368088269199074,0.5,core,False,900,2022-04-08,1
2022-04-22,1w,ElasticNet,1,0.43794655494157103,0.5,core,False,900,2022-04-08,1
2022-04-22,1w,XGBoost,1,0.5397173762321472,0.5,core,False,900,2022-04-08,1
2022-04-29,1w,HistoricalBaseRate,1,0.48501664816870144,0.5,benchmark,False,901,2022-04-15,1
2022-04-29,1w,Logistic,1,0.46640941848213324,0.5,core,False,901,2022-04-15,1
2022-04-29,1w,ElasticNet,1,0.4674407234416092,0.5,core,False,901,2022-04-15,1
2022-04-29,1w,XGBoost,1,0.48420417308807373,0.5,core,False,901,2022-04-15,1
2022-05-06,1w,HistoricalBaseRate,1,0.48558758314855877,0.5,benchmark,False,902,2022-04-22,1
2022-05-06,1w,Logistic,1,0.44198735680384466,0.5,core,False,902,2022-04-22,1
2022-05-06,1w,ElasticNet,1,0.4433396109481797,0.5,core,False,902,2022-04-22,1
2022-05-06,1w,XGBoost,1,0.45453333854675293,0.5,core,False,902,2022-04-22,1
2022-05-13,1w,HistoricalBaseRate,0,0.48615725359911405,0.5,benchmark,False,903,2022-04-29,1
2022-05-13,1w,Logistic,0,0.42644846582211576,0.5,core,False,903,2022-04-29,1
2022-05-13,1w,ElasticNet,0,0.42839938347063244,0.5,core,False,903,2022-04-29,1
2022-05-13,1w,XGBoost,0,0.39880916476249695,0.5,core,False,903,2022-04-29,1
2022-05-20,1w,HistoricalBaseRate,0,0.48672566371681414,0.5,benchmark,False,904,2022-05-06,1
2022-05-20,1w,Logistic,0,0.49515650859904403,0.5,core,False,904,2022-05-06,1
2022-05-20,1w,ElasticNet,0,0.4941788945882174,0.5,core,False,904,2022-05-06,1
2022-05-20,1w,XGBoost,0,0.430507630109787,0.5,core,False,904,2022-05-06,1
2022-05-27,1w,HistoricalBaseRate,0,0.4861878453038674,0.5,benchmark,False,905,2022-05-13,1
2022-05-27,1w,Logistic,0,0.5117521179692823,0.5,core,False,905,2022-05-13,1
2022-05-27,1w,ElasticNet,0,0.5106599128115484,0.5,core,False,905,2022-05-13,1
2022-05-27,1w,XGBoost,0,0.49260425567626953,0.5,core,False,905,2022-05-13,1
2022-06-03,1w,HistoricalBaseRate,1,0.4856512141280353,0.5,benchmark,False,906,2022-05-20,1
2022-06-03,1w,Logistic,1,0.3912385008045422,0.5,core,False,906,2022-05-20,1
2022-06-03,1w,ElasticNet,1,0.3931285862074827,0.5,core,False,906,2022-05-20,1
2022-06-03,1w,XGBoost,1,0.40550151467323303,0.5,core,False,906,2022-05-20,1
2022-06-10,1w,HistoricalBaseRate,1,0.48511576626240355,0.5,benchmark,False,907,2022-05-27,1
2022-06-10,1w,Logistic,1,0.5347221269832622,0.5,core,False,907,2022-05-27,1
2022-06-10,1w,ElasticNet,1,0.5346756000592588,0.5,core,False,907,2022-05-27,1
2022-06-10,1w,XGBoost,1,0.5009236931800842,0.5,core,False,907,2022-05-27,1
2022-06-17,1w,HistoricalBaseRate,0,0.4856828193832599,0.5,benchmark,False,908,2022-06-03,1
2022-06-17,1w,Logistic,0,0.6182125528142033,0.5,core,False,908,2022-06-03,1
2022-06-17,1w,ElasticNet,0,0.6160398700623698,0.5,core,False,908,2022-06-03,1
2022-06-17,1w,XGBoost,0,0.627734899520874,0.5,core,False,908,2022-06-03,1
2022-06-24,1w,HistoricalBaseRate,0,0.48624862486248627,0.5,benchmark,False,909,2022-06-10,1
2022-06-24,1w,Logistic,0,0.4800556477246647,0.5,core,False,909,2022-06-10,1
2022-06-24,1w,ElasticNet,0,0.47996835689685835,0.5,core,False,909,2022-06-10,1
2022-06-24,1w,XGBoost,0,0.4936329126358032,0.5,core,False,909,2022-06-10,1
2022-07-01,1w,HistoricalBaseRate,1,0.4857142857142857,0.5,benchmark,False,910,2022-06-17,1
2022-07-01,1w,Logistic,1,0.4311120905369593,0.5,core,False,910,2022-06-17,1
2022-07-01,1w,ElasticNet,1,0.43291653272596414,0.5,core,False,910,2022-06-17,1
2022-07-01,1w,XGBoost,1,0.46743398904800415,0.5,core,False,910,2022-06-17,1
2022-07-08,1w,HistoricalBaseRate,1,0.48518111964873767,0.5,benchmark,False,911,2022-06-24,1
2022-07-08,1w,Logistic,1,0.4750618558612062,0.5,core,False,911,2022-06-24,1
2022-07-08,1w,ElasticNet,1,0.4757628833750161,0.5,core,False,911,2022-06-24,1
2022-07-08,1w,XGBoost,1,0.49555861949920654,0.5,core,False,911,2022-06-24,1
2022-07-15,1w,HistoricalBaseRate,0,0.4857456140350877,0.5,benchmark,False,912,2022-07-01,1
2022-07-15,1w,Logistic,0,0.5615356631697848,0.5,core,False,912,2022-07-01,1
2022-07-15,1w,ElasticNet,0,0.5602882297617422,0.5,core,False,912,2022-07-01,1
2022-07-15,1w,XGBoost,0,0.6002621054649353,0.5,core,False,912,2022-07-01,1
2022-07-22,1w,HistoricalBaseRate,0,0.48630887185104055,0.5,benchmark,False,913,2022-07-08,1
2022-07-22,1w,Logistic,0,0.48541491143290416,0.5,core,False,913,2022-07-08,1
2022-07-22,1w,ElasticNet,0,0.4845139328331236,0.5,core,False,913,2022-07-08,1
2022-07-22,1w,XGBoost,0,0.4878998100757599,0.5,core,False,913,2022-07-08,1
2022-07-29,1w,HistoricalBaseRate,1,0.48577680525164113,0.5,benchmark,False,914,2022-07-15,1
2022-07-29,1w,Logistic,1,0.47688780105336975,0.5,core,False,914,2022-07-15,1
2022-07-29,1w,ElasticNet,1,0.47663074538337097,0.5,core,False,914,2022-07-15,1
2022-07-29,1w,XGBoost,1,0.40443968772888184,0.5,core,False,914,2022-07-15,1
2022-08-05,1w,HistoricalBaseRate,0,0.4852459016393443,0.5,benchmark,False,915,2022-07-22,1
2022-08-05,1w,Logistic,0,0.5432339972454914,0.5,core,False,915,2022-07-22,1
2022-08-05,1w,ElasticNet,0,0.542448500460717,0.5,core,False,915,2022-07-22,1
2022-08-05,1w,XGBoost,0,0.5801172852516174,0.5,core,False,915,2022-07-22,1
2022-08-12,1w,HistoricalBaseRate,1,0.48580786026200873,0.5,benchmark,False,916,2022-07-29,1
2022-08-12,1w,Logistic,1,0.4578654198824363,0.5,core,False,916,2022-07-29,1
2022-08-12,1w,ElasticNet,1,0.45767124368509476,0.5,core,False,916,2022-07-29,1
2022-08-12,1w,XGBoost,1,0.40649205446243286,0.5,core,False,916,2022-07-29,1
2022-08-19,1w,HistoricalBaseRate,1,0.48527808069792805,0.5,benchmark,False,917,2022-08-05,1
2022-08-19,1w,Logistic,1,0.37692945088679936,0.5,core,False,917,2022-08-05,1
2022-08-19,1w,ElasticNet,1,0.3806498629475438,0.5,core,False,917,2022-08-05,1
2022-08-19,1w,XGBoost,1,0.37320253252983093,0.5,core,False,917,2022-08-05,1
2022-08-26,1w,HistoricalBaseRate,1,0.485838779956427,0.5,benchmark,False,918,2022-08-12,1
2022-08-26,1w,Logistic,1,0.5611126306118305,0.5,core,False,918,2022-08-12,1
2022-08-26,1w,ElasticNet,1,0.5593293365100778,0.5,core,False,918,2022-08-12,1
2022-08-26,1w,XGBoost,1,0.6056653261184692,0.5,core,False,918,2022-08-12,1
2022-09-02,1w,HistoricalBaseRate,0,0.48639825897714906,0.5,benchmark,False,919,2022-08-19,1
2022-09-02,1w,Logistic,0,0.5207725258284746,0.5,core,False,919,2022-08-19,1
2022-09-02,1w,ElasticNet,0,0.5205577527839579,0.5,core,False,919,2022-08-19,1
2022-09-02,1w,XGBoost,0,0.5639198422431946,0.5,core,False,919,2022-08-19,1
2022-09-09,1w,HistoricalBaseRate,1,0.48695652173913045,0.5,benchmark,False,920,2022-08-26,1
2022-09-09,1w,Logistic,1,0.526973740379055,0.5,core,False,920,2022-08-26,1
2022-09-09,1w,ElasticNet,1,0.5258613320814601,0.5,core,False,920,2022-08-26,1
2022-09-09,1w,XGBoost,1,0.5480775237083435,0.5,core,False,920,2022-08-26,1
2022-09-16,1w,HistoricalBaseRate,1,0.48642779587404994,0.5,benchmark,False,921,2022-09-02,1
2022-09-16,1w,Logistic,1,0.5388067257622882,0.5,core,False,921,2022-09-02,1
2022-09-16,1w,ElasticNet,1,0.5381934693142184,0.5,core,False,921,2022-09-02,1
2022-09-16,1w,XGBoost,1,0.592754065990448,0.5,core,False,921,2022-09-02,1
2022-09-23,1w,HistoricalBaseRate,1,0.48698481561822127,0.5,benchmark,False,922,2022-09-09,1
2022-09-23,1w,Logistic,1,0.530745372519745,0.5,core,False,922,2022-09-09,1
2022-09-23,1w,ElasticNet,1,0.5310878515329926,0.5,core,False,922,2022-09-09,1
2022-09-23,1w,XGBoost,1,0.48265013098716736,0.5,core,False,922,2022-09-09,1
2022-09-30,1w,HistoricalBaseRate,0,0.4875406283856988,0.5,benchmark,False,923,2022-09-16,1
2022-09-30,1w,Logistic,0,0.43678090759265714,0.5,core,False,923,2022-09-16,1
2022-09-30,1w,ElasticNet,0,0.43816458560115407,0.5,core,False,923,2022-09-16,1
2022-09-30,1w,XGBoost,0,0.4339948296546936,0.5,core,False,923,2022-09-16,1
2022-10-07,1w,HistoricalBaseRate,1,0.4880952380952381,0.5,benchmark,False,924,2022-09-23,1
2022-10-07,1w,Logistic,1,0.4395714327056778,0.5,core,False,924,2022-09-23,1
2022-10-07,1w,ElasticNet,1,0.4408493354434939,0.5,core,False,924,2022-09-23,1
2022-10-07,1w,XGBoost,1,0.4617635905742645,0.5,core,False,924,2022-09-23,1
2022-10-14,1w,HistoricalBaseRate,0,0.4875675675675676,0.5,benchmark,False,925,2022-09-30,1
2022-10-14,1w,Logistic,0,0.5663322610740484,0.5,core,False,925,2022-09-30,1
2022-10-14,1w,ElasticNet,0,0.56514388183677,0.5,core,False,925,2022-09-30,1
2022-10-14,1w,XGBoost,0,0.540492832660675,0.5,core,False,925,2022-09-30,1
2022-10-21,1w,HistoricalBaseRate,0,0.48812095032397407,0.5,benchmark,False,926,2022-10-07,1
2022-10-21,1w,Logistic,0,0.41038263161119304,0.5,core,False,926,2022-10-07,1
2022-10-21,1w,ElasticNet,0,0.4111982093921024,0.5,core,False,926,2022-10-07,1
2022-10-21,1w,XGBoost,0,0.4963341951370239,0.5,core,False,926,2022-10-07,1
2022-10-28,1w,HistoricalBaseRate,0,0.48759439050701187,0.5,benchmark,False,927,2022-10-14,1
2022-10-28,1w,Logistic,0,0.5161374648233916,0.5,core,False,927,2022-10-14,1
2022-10-28,1w,ElasticNet,0,0.5150835599175747,0.5,core,False,927,2022-10-14,1
2022-10-28,1w,XGBoost,0,0.5055973529815674,0.5,core,False,927,2022-10-14,1
2022-11-04,1w,HistoricalBaseRate,0,0.4870689655172414,0.5,benchmark,False,928,2022-10-21,1
2022-11-04,1w,Logistic,0,0.44238856154053957,0.5,core,False,928,2022-10-21,1
2022-11-04,1w,ElasticNet,0,0.4437902205480173,0.5,core,False,928,2022-10-21,1
2022-11-04,1w,XGBoost,0,0.44131311774253845,0.5,core,False,928,2022-10-21,1
2022-11-11,1w,HistoricalBaseRate,1,0.4865446716899892,0.5,benchmark,False,929,2022-10-28,1
2022-11-11,1w,Logistic,1,0.46969796417895954,0.5,core,False,929,2022-10-28,1
2022-11-11,1w,ElasticNet,1,0.46805685675593783,0.5,core,False,929,2022-10-28,1
2022-11-11,1w,XGBoost,1,0.47941625118255615,0.5,core,False,929,2022-10-28,1
2022-11-18,1w,HistoricalBaseRate,0,0.4860215053763441,0.5,benchmark,False,930,2022-11-04,1
2022-11-18,1w,Logistic,0,0.5305106475570959,0.5,core,False,930,2022-11-04,1
2022-11-18,1w,ElasticNet,0,0.5285965947573562,0.5,core,False,930,2022-11-04,1
2022-11-18,1w,XGBoost,0,0.49113237857818604,0.5,core,False,930,2022-11-04,1
2022-11-25,1w,HistoricalBaseRate,1,0.4865735767991407,0.5,benchmark,False,931,2022-11-11,1
2022-11-25,1w,Logistic,1,0.4707240731437085,0.5,core,False,931,2022-11-11,1
2022-11-25,1w,ElasticNet,1,0.4702805646654126,0.5,core,False,931,2022-11-11,1
2022-11-25,1w,XGBoost,1,0.4694077670574188,0.5,core,False,931,2022-11-11,1
2022-12-02,1w,HistoricalBaseRate,1,0.48605150214592274,0.5,benchmark,False,932,2022-11-18,1
2022-12-02,1w,Logistic,1,0.4590356187862823,0.5,core,False,932,2022-11-18,1
2022-12-02,1w,ElasticNet,1,0.45892340885419086,0.5,core,False,932,2022-11-18,1
2022-12-02,1w,XGBoost,1,0.40572407841682434,0.5,core,False,932,2022-11-18,1
2022-12-09,1w,HistoricalBaseRate,1,0.4866023579849946,0.5,benchmark,False,933,2022-11-25,1
2022-12-09,1w,Logistic,1,0.49891453438714123,0.5,core,False,933,2022-11-25,1
2022-12-09,1w,ElasticNet,1,0.4985120442029134,0.5,core,False,933,2022-11-25,1
2022-12-09,1w,XGBoost,1,0.5303197503089905,0.5,core,False,933,2022-11-25,1
2022-12-16,1w,HistoricalBaseRate,0,0.487152034261242,0.5,benchmark,False,934,2022-12-02,1
2022-12-16,1w,Logistic,0,0.42972899918969043,0.5,core,False,934,2022-12-02,1
2022-12-16,1w,ElasticNet,0,0.43131895803251197,0.5,core,False,934,2022-12-02,1
2022-12-16,1w,XGBoost,0,0.37494757771492004,0.5,core,False,934,2022-12-02,1
2022-12-23,1w,HistoricalBaseRate,0,0.48770053475935826,0.5,benchmark,False,935,2022-12-09,1
2022-12-23,1w,Logistic,0,0.4099588652587368,0.5,core,False,935,2022-12-09,1
2022-12-23,1w,ElasticNet,0,0.4118048986989421,0.5,core,False,935,2022-12-09,1
2022-12-23,1w,XGBoost,0,0.41347482800483704,0.5,core,False,935,2022-12-09,1
2022-12-30,1w,HistoricalBaseRate,0,0.48717948717948717,0.5,benchmark,False,936,2022-12-16,1
2022-12-30,1w,Logistic,0,0.482597113011632,0.5,core,False,936,2022-12-16,1
2022-12-30,1w,ElasticNet,0,0.4823386517615509,0.5,core,False,936,2022-12-16,1
2022-12-30,1w,XGBoost,0,0.44717442989349365,0.5,core,False,936,2022-12-16,1
2023-01-06,1w,HistoricalBaseRate,0,0.48665955176093917,0.5,benchmark,False,937,2022-12-23,1
2023-01-06,1w,Logistic,0,0.47663236146274646,0.5,core,False,937,2022-12-23,1
2023-01-06,1w,ElasticNet,0,0.4770096435964575,0.5,core,False,937,2022-12-23,1
2023-01-06,1w,XGBoost,0,0.4613777697086334,0.5,core,False,937,2022-12-23,1
2023-01-13,1w,HistoricalBaseRate,1,0.4861407249466951,0.5,benchmark,False,938,2022-12-30,1
2023-01-13,1w,Logistic,1,0.45062700321251226,0.5,core,False,938,2022-12-30,1
2023-01-13,1w,ElasticNet,1,0.4508247028679221,0.5,core,False,938,2022-12-30,1
2023-01-13,1w,XGBoost,1,0.45205551385879517,0.5,core,False,938,2022-12-30,1
2023-01-20,1w,HistoricalBaseRate,0,0.48562300319488816,0.5,benchmark,False,939,2023-01-06,1
2023-01-20,1w,Logistic,0,0.4941805598994881,0.5,core,False,939,2023-01-06,1
2023-01-20,1w,ElasticNet,0,0.49381370649890804,0.5,core,False,939,2023-01-06,1
2023-01-20,1w,XGBoost,0,0.46688517928123474,0.5,core,False,939,2023-01-06,1
2023-01-27,1w,HistoricalBaseRate,1,0.48617021276595745,0.5,benchmark,False,940,2023-01-13,1
2023-01-27,1w,Logistic,1,0.4726478489133555,0.5,core,False,940,2023-01-13,1
2023-01-27,1w,ElasticNet,1,0.4727272476744437,0.5,core,False,940,2023-01-13,1
2023-01-27,1w,XGBoost,1,0.5023233294487,0.5,core,False,940,2023-01-13,1
2023-02-03,1w,HistoricalBaseRate,0,0.485653560042508,0.5,benchmark,False,941,2023-01-20,1
2023-02-03,1w,Logistic,0,0.48236380315890737,0.5,core,False,941,2023-01-20,1
2023-02-03,1w,ElasticNet,0,0.48307330841341206,0.5,core,False,941,2023-01-20,1
2023-02-03,1w,XGBoost,0,0.42233937978744507,0.5,core,False,941,2023-01-20,1
2023-02-10,1w,HistoricalBaseRate,1,0.4861995753715499,0.5,benchmark,False,942,2023-01-27,1
2023-02-10,1w,Logistic,1,0.43690303978363915,0.5,core,False,942,2023-01-27,1
2023-02-10,1w,ElasticNet,1,0.43822698656518544,0.5,core,False,942,2023-01-27,1
2023-02-10,1w,XGBoost,1,0.37339043617248535,0.5,core,False,942,2023-01-27,1
2023-02-17,1w,HistoricalBaseRate,1,0.48568398727465534,0.5,benchmark,False,943,2023-02-03,1
2023-02-17,1w,Logistic,1,0.5038578445435528,0.5,core,False,943,2023-02-03,1
2023-02-17,1w,ElasticNet,1,0.5036857167993899,0.5,core,False,943,2023-02-03,1
2023-02-17,1w,XGBoost,1,0.5544782280921936,0.5,core,False,943,2023-02-03,1
2023-02-24,1w,HistoricalBaseRate,0,0.486228813559322,0.5,benchmark,False,944,2023-02-10,1
2023-02-24,1w,Logistic,0,0.4705998728203423,0.5,core,False,944,2023-02-10,1
2023-02-24,1w,ElasticNet,0,0.47145773857075224,0.5,core,False,944,2023-02-10,1
2023-02-24,1w,XGBoost,0,0.44183096289634705,0.5,core,False,944,2023-02-10,1
2023-03-03,1w,HistoricalBaseRate,1,0.48677248677248675,0.5,benchmark,False,945,2023-02-17,1
2023-03-03,1w,Logistic,1,0.43218725279605014,0.5,core,False,945,2023-02-17,1
2023-03-03,1w,ElasticNet,1,0.43331659405051365,0.5,core,False,945,2023-02-17,1
2023-03-03,1w,XGBoost,1,0.4518568217754364,0.5,core,False,945,2023-02-17,1
2023-03-10,1w,HistoricalBaseRate,0,0.48625792811839325,0.5,benchmark,False,946,2023-02-24,1
2023-03-10,1w,Logistic,0,0.4935965603752694,0.5,core,False,946,2023-02-24,1
2023-03-10,1w,ElasticNet,0,0.4935806734746612,0.5,core,False,946,2023-02-24,1
2023-03-10,1w,XGBoost,0,0.5856428146362305,0.5,core,False,946,2023-02-24,1
2023-03-17,1w,HistoricalBaseRate,1,0.48680042238648363,0.5,benchmark,False,947,2023-03-03,1
2023-03-17,1w,Logistic,1,0.46817158276991955,0.5,core,False,947,2023-03-03,1
2023-03-17,1w,ElasticNet,1,0.4679371210049634,0.5,core,False,947,2023-03-03,1
2023-03-17,1w,XGBoost,1,0.4168669283390045,0.5,core,False,947,2023-03-03,1
2023-03-24,1w,HistoricalBaseRate,0,0.48628691983122363,0.5,benchmark,False,948,2023-03-10,1
2023-03-24,1w,Logistic,0,0.48498159688995235,0.5,core,False,948,2023-03-10,1
2023-03-24,1w,ElasticNet,0,0.4848098108762186,0.5,core,False,948,2023-03-10,1
2023-03-24,1w,XGBoost,0,0.4671618640422821,0.5,core,False,948,2023-03-10,1
2023-03-31,1w,HistoricalBaseRate,0,0.4868282402528978,0.5,benchmark,False,949,2023-03-17,1
2023-03-31,1w,Logistic,0,0.42035414121926173,0.5,core,False,949,2023-03-17,1
2023-03-31,1w,ElasticNet,0,0.4217011513559555,0.5,core,False,949,2023-03-17,1
2023-03-31,1w,XGBoost,0,0.42517486214637756,0.5,core,False,949,2023-03-17,1
2023-04-07,1w,HistoricalBaseRate,0,0.4863157894736842,0.5,benchmark,False,950,2023-03-24,1
2023-04-07,1w,Logistic,0,0.4654877914364007,0.5,core,False,950,2023-03-24,1
2023-04-07,1w,ElasticNet,0,0.46593372113618303,0.5,core,False,950,2023-03-24,1
2023-04-07,1w,XGBoost,0,0.47625765204429626,0.5,core,False,950,2023-03-24,1
2023-04-14,1w,HistoricalBaseRate,1,0.48580441640378547,0.5,benchmark,False,951,2023-03-31,1
2023-04-14,1w,Logistic,1,0.4435421679801364,0.5,core,False,951,2023-03-31,1
2023-04-14,1w,ElasticNet,1,0.4444034072441225,0.5,core,False,951,2023-03-31,1
2023-04-14,1w,XGBoost,1,0.47880443930625916,0.5,core,False,951,2023-03-31,1
2023-04-21,1w,HistoricalBaseRate,1,0.4852941176470588,0.5,benchmark,False,952,2023-04-07,1
2023-04-21,1w,Logistic,1,0.48316736759711737,0.5,core,False,952,2023-04-07,1
2023-04-21,1w,ElasticNet,1,0.4833028864744546,0.5,core,False,952,2023-04-07,1
2023-04-21,1w,XGBoost,1,0.48854386806488037,0.5,core,False,952,2023-04-07,1
2023-04-28,1w,HistoricalBaseRate,0,0.4858342077649528,0.5,benchmark,False,953,2023-04-14,1
2023-04-28,1w,Logistic,0,0.46341964465496654,0.5,core,False,953,2023-04-14,1
2023-04-28,1w,ElasticNet,0,0.4638488223503617,0.5,core,False,953,2023-04-14,1
2023-04-28,1w,XGBoost,0,0.501050591468811,0.5,core,False,953,2023-04-14,1
2023-05-05,1w,HistoricalBaseRate,1,0.4863731656184486,0.5,benchmark,False,954,2023-04-21,1
2023-05-05,1w,Logistic,1,0.5277445254063768,0.5,core,False,954,2023-04-21,1
2023-05-05,1w,ElasticNet,1,0.526350752863624,0.5,core,False,954,2023-04-21,1
2023-05-05,1w,XGBoost,1,0.45672765374183655,0.5,core,False,954,2023-04-21,1
2023-05-12,1w,HistoricalBaseRate,0,0.48586387434554973,0.5,benchmark,False,955,2023-04-28,1
2023-05-12,1w,Logistic,0,0.44097521140535084,0.5,core,False,955,2023-04-28,1
2023-05-12,1w,ElasticNet,0,0.4425613578640493,0.5,core,False,955,2023-04-28,1
2023-05-12,1w,XGBoost,0,0.4699719250202179,0.5,core,False,955,2023-04-28,1
2023-05-19,1w,HistoricalBaseRate,1,0.48640167364016734,0.5,benchmark,False,956,2023-05-05,1
2023-05-19,1w,Logistic,1,0.46649263514800954,0.5,core,False,956,2023-05-05,1
2023-05-19,1w,ElasticNet,1,0.46704589823434894,0.5,core,False,956,2023-05-05,1
2023-05-19,1w,XGBoost,1,0.5192769169807434,0.5,core,False,956,2023-05-05,1
2023-05-26,1w,HistoricalBaseRate,0,0.48589341692789967,0.5,benchmark,False,957,2023-05-12,1
2023-05-26,1w,Logistic,0,0.46794522774447156,0.5,core,False,957,2023-05-12,1
2023-05-26,1w,ElasticNet,0,0.4691029745818625,0.5,core,False,957,2023-05-12,1
2023-05-26,1w,XGBoost,0,0.44259199500083923,0.5,core,False,957,2023-05-12,1
2023-06-02,1w,HistoricalBaseRate,0,0.48643006263048016,0.5,benchmark,False,958,2023-05-19,1
2023-06-02,1w,Logistic,0,0.4125731058103705,0.5,core,False,958,2023-05-19,1
2023-06-02,1w,ElasticNet,0,0.413997929721044,0.5,core,False,958,2023-05-19,1
2023-06-02,1w,XGBoost,0,0.49478256702423096,0.5,core,False,958,2023-05-19,1
2023-06-09,1w,HistoricalBaseRate,0,0.4859228362877998,0.5,benchmark,False,959,2023-05-26,1
2023-06-09,1w,Logistic,0,0.4028062310138352,0.5,core,False,959,2023-05-26,1
2023-06-09,1w,ElasticNet,0,0.4043955529858626,0.5,core,False,959,2023-05-26,1
2023-06-09,1w,XGBoost,0,0.46209660172462463,0.5,core,False,959,2023-05-26,1
2023-06-16,1w,HistoricalBaseRate,1,0.48541666666666666,0.5,benchmark,False,960,2023-06-02,1
2023-06-16,1w,Logistic,1,0.48862646205868265,0.5,core,False,960,2023-06-02,1
2023-06-16,1w,ElasticNet,1,0.4880223406269602,0.5,core,False,960,2023-06-02,1
2023-06-16,1w,XGBoost,1,0.4702070653438568,0.5,core,False,960,2023-06-02,1
2023-06-23,1w,HistoricalBaseRate,1,0.48491155046826223,0.5,benchmark,False,961,2023-06-09,1
2023-06-23,1w,Logistic,1,0.4370625985476968,0.5,core,False,961,2023-06-09,1
2023-06-23,1w,ElasticNet,1,0.4385795091427715,0.5,core,False,961,2023-06-09,1
2023-06-23,1w,XGBoost,1,0.4280134439468384,0.5,core,False,961,2023-06-09,1
2023-06-30,1w,HistoricalBaseRate,1,0.48544698544698545,0.5,benchmark,False,962,2023-06-16,1
2023-06-30,1w,Logistic,1,0.5321616215477308,0.5,core,False,962,2023-06-16,1
2023-06-30,1w,ElasticNet,1,0.5311414706568698,0.5,core,False,962,2023-06-16,1
2023-06-30,1w,XGBoost,1,0.5280147194862366,0.5,core,False,962,2023-06-16,1
2023-07-07,1w,HistoricalBaseRate,0,0.48598130841121495,0.5,benchmark,False,963,2023-06-23,1
2023-07-07,1w,Logistic,0,0.4460720423224689,0.5,core,False,963,2023-06-23,1
2023-07-07,1w,ElasticNet,0,0.44662748734803465,0.5,core,False,963,2023-06-23,1
2023-07-07,1w,XGBoost,0,0.30306747555732727,0.5,core,False,963,2023-06-23,1
2023-07-14,1w,HistoricalBaseRate,1,0.48651452282157676,0.5,benchmark,False,964,2023-06-30,1
2023-07-14,1w,Logistic,1,0.49033536559223634,0.5,core,False,964,2023-06-30,1
2023-07-14,1w,ElasticNet,1,0.4888343620594649,0.5,core,False,964,2023-06-30,1
2023-07-14,1w,XGBoost,1,0.46756625175476074,0.5,core,False,964,2023-06-30,1
2023-07-21,1w,HistoricalBaseRate,1,0.48601036269430054,0.5,benchmark,False,965,2023-07-07,1
2023-07-21,1w,Logistic,1,0.42884611908204967,0.5,core,False,965,2023-07-07,1
2023-07-21,1w,ElasticNet,1,0.4307199652867322,0.5,core,False,965,2023-07-07,1
2023-07-21,1w,XGBoost,1,0.3949168026447296,0.5,core,False,965,2023-07-07,1
2023-07-28,1w,HistoricalBaseRate,1,0.4865424430641822,0.5,benchmark,False,966,2023-07-14,1
2023-07-28,1w,Logistic,1,0.43132522595928846,0.5,core,False,966,2023-07-14,1
2023-07-28,1w,ElasticNet,1,0.4326559271929997,0.5,core,False,966,2023-07-14,1
2023-07-28,1w,XGBoost,1,0.3755052983760834,0.5,core,False,966,2023-07-14,1
2023-08-04,1w,HistoricalBaseRate,1,0.4870734229576008,0.5,benchmark,False,967,2023-07-21,1
2023-08-04,1w,Logistic,1,0.47641983681244526,0.5,core,False,967,2023-07-21,1
2023-08-04,1w,ElasticNet,1,0.4768059853781214,0.5,core,False,967,2023-07-21,1
2023-08-04,1w,XGBoost,1,0.5648008584976196,0.5,core,False,967,2023-07-21,1
2023-08-11,1w,HistoricalBaseRate,1,0.48760330578512395,0.5,benchmark,False,968,2023-07-28,1
2023-08-11,1w,Logistic,1,0.4462316480565776,0.5,core,False,968,2023-07-28,1
2023-08-11,1w,ElasticNet,1,0.44787722934636,0.5,core,False,968,2023-07-28,1
2023-08-11,1w,XGBoost,1,0.4553971588611603,0.5,core,False,968,2023-07-28,1
2023-08-18,1w,HistoricalBaseRate,1,0.48813209494324045,0.5,benchmark,False,969,2023-08-04,1
2023-08-18,1w,Logistic,1,0.44808543329585093,0.5,core,False,969,2023-08-04,1
2023-08-18,1w,ElasticNet,1,0.4492203734462881,0.5,core,False,969,2023-08-04,1
2023-08-18,1w,XGBoost,1,0.48231351375579834,0.5,core,False,969,2023-08-04,1
2023-08-25,1w,HistoricalBaseRate,0,0.488659793814433,0.5,benchmark,False,970,2023-08-11,1
2023-08-25,1w,Logistic,0,0.4986848029998563,0.5,core,False,970,2023-08-11,1
2023-08-25,1w,ElasticNet,0,0.4988443589130464,0.5,core,False,970,2023-08-11,1
2023-08-25,1w,XGBoost,0,0.5686862468719482,0.5,core,False,970,2023-08-11,1
2023-09-01,1w,HistoricalBaseRate,1,0.48918640576725025,0.5,benchmark,False,971,2023-08-18,1
2023-09-01,1w,Logistic,1,0.4599575669694059,0.5,core,False,971,2023-08-18,1
2023-09-01,1w,ElasticNet,1,0.4605443048980534,0.5,core,False,971,2023-08-18,1
2023-09-01,1w,XGBoost,1,0.46859434247016907,0.5,core,False,971,2023-08-18,1
2023-09-08,1w,HistoricalBaseRate,0,0.4886831275720165,0.5,benchmark,False,972,2023-08-25,1
2023-09-08,1w,Logistic,0,0.4712492607066437,0.5,core,False,972,2023-08-25,1
2023-09-08,1w,ElasticNet,0,0.4719683339189116,0.5,core,False,972,2023-08-25,1
2023-09-08,1w,XGBoost,0,0.5060378909111023,0.5,core,False,972,2023-08-25,1
2023-09-15,1w,HistoricalBaseRate,0,0.4892086330935252,0.5,benchmark,False,973,2023-09-01,1
2023-09-15,1w,Logistic,0,0.44819381373013717,0.5,core,False,973,2023-09-01,1
2023-09-15,1w,ElasticNet,0,0.44923506332756036,0.5,core,False,973,2023-09-01,1
2023-09-15,1w,XGBoost,0,0.40295541286468506,0.5,core,False,973,2023-09-01,1
2023-09-22,1w,HistoricalBaseRate,1,0.4887063655030801,0.5,benchmark,False,974,2023-09-08,1
2023-09-22,1w,Logistic,1,0.46799948366856065,0.5,core,False,974,2023-09-08,1
2023-09-22,1w,ElasticNet,1,0.468493288500748,0.5,core,False,974,2023-09-08,1
2023-09-22,1w,XGBoost,1,0.5422236919403076,0.5,core,False,974,2023-09-08,1
2023-09-29,1w,HistoricalBaseRate,1,0.4882051282051282,0.5,benchmark,False,975,2023-09-15,1
2023-09-29,1w,Logistic,1,0.47581744477420307,0.5,core,False,975,2023-09-15,1
2023-09-29,1w,ElasticNet,1,0.47606490503408255,0.5,core,False,975,2023-09-15,1
2023-09-29,1w,XGBoost,1,0.4763198494911194,0.5,core,False,975,2023-09-15,1
2023-10-06,1w,HistoricalBaseRate,0,0.4887295081967213,0.5,benchmark,False,976,2023-09-22,1
2023-10-06,1w,Logistic,0,0.4809175459146919,0.5,core,False,976,2023-09-22,1
2023-10-06,1w,ElasticNet,0,0.4811452660964373,0.5,core,False,976,2023-09-22,1
2023-10-06,1w,XGBoost,0,0.4460156559944153,0.5,core,False,976,2023-09-22,1
2023-10-13,1w,HistoricalBaseRate,1,0.48925281473899696,0.5,benchmark,False,977,2023-09-29,1
2023-10-13,1w,Logistic,1,0.4680996687497686,0.5,core,False,977,2023-09-29,1
2023-10-13,1w,ElasticNet,1,0.4689537798896159,0.5,core,False,977,2023-09-29,1
2023-10-13,1w,XGBoost,1,0.4907170534133911,0.5,core,False,977,2023-09-29,1
2023-10-20,1w,HistoricalBaseRate,1,0.4887525562372188,0.5,benchmark,False,978,2023-10-06,1
2023-10-20,1w,Logistic,1,0.4931760975541722,0.5,core,False,978,2023-10-06,1
2023-10-20,1w,ElasticNet,1,0.4930733192885101,0.5,core,False,978,2023-10-06,1
2023-10-20,1w,XGBoost,1,0.5614166259765625,0.5,core,False,978,2023-10-06,1
2023-10-27,1w,HistoricalBaseRate,0,0.48927477017364657,0.5,benchmark,False,979,2023-10-13,1
2023-10-27,1w,Logistic,0,0.5296742110810773,0.5,core,False,979,2023-10-13,1
2023-10-27,1w,ElasticNet,0,0.5289146029476823,0.5,core,False,979,2023-10-13,1
2023-10-27,1w,XGBoost,0,0.5538811087608337,0.5,core,False,979,2023-10-13,1
2023-11-03,1w,HistoricalBaseRate,1,0.4897959183673469,0.5,benchmark,False,980,2023-10-20,1
2023-11-03,1w,Logistic,1,0.45275022834586476,0.5,core,False,980,2023-10-20,1
2023-11-03,1w,ElasticNet,1,0.45268956023050194,0.5,core,False,980,2023-10-20,1
2023-11-03,1w,XGBoost,1,0.4745398461818695,0.5,core,False,980,2023-10-20,1
2023-11-10,1w,HistoricalBaseRate,0,0.4892966360856269,0.5,benchmark,False,981,2023-10-27,1
2023-11-10,1w,Logistic,0,0.4968072342952004,0.5,core,False,981,2023-10-27,1
2023-11-10,1w,ElasticNet,0,0.49672892521684087,0.5,core,False,981,2023-10-27,1
2023-11-10,1w,XGBoost,0,0.5332276821136475,0.5,core,False,981,2023-10-27,1
2023-11-17,1w,HistoricalBaseRate,0,0.48981670061099797,0.5,benchmark,False,982,2023-11-03,1
2023-11-17,1w,Logistic,0,0.4697965491973564,0.5,core,False,982,2023-11-03,1
2023-11-17,1w,ElasticNet,0,0.4696407778646517,0.5,core,False,982,2023-11-03,1
2023-11-17,1w,XGBoost,0,0.43532341718673706,0.5,core,False,982,2023-11-03,1
2023-11-24,1w,HistoricalBaseRate,0,0.4893184130213632,0.5,benchmark,False,983,2023-11-10,1
2023-11-24,1w,Logistic,0,0.48057074994000776,0.5,core,False,983,2023-11-10,1
2023-11-24,1w,ElasticNet,0,0.48028203317310025,0.5,core,False,983,2023-11-10,1
2023-11-24,1w,XGBoost,0,0.47983625531196594,0.5,core,False,983,2023-11-10,1
2023-12-01,1w,HistoricalBaseRate,1,0.4888211382113821,0.5,benchmark,False,984,2023-11-17,1
2023-12-01,1w,Logistic,1,0.47630891797410446,0.5,core,False,984,2023-11-17,1
2023-12-01,1w,ElasticNet,1,0.4761714821108916,0.5,core,False,984,2023-11-17,1
2023-12-01,1w,XGBoost,1,0.47252100706100464,0.5,core,False,984,2023-11-17,1
2023-12-08,1w,HistoricalBaseRate,0,0.4883248730964467,0.5,benchmark,False,985,2023-11-24,1
2023-12-08,1w,Logistic,0,0.48272946565349983,0.5,core,False,985,2023-11-24,1
2023-12-08,1w,ElasticNet,0,0.4831772282295418,0.5,core,False,985,2023-11-24,1
2023-12-08,1w,XGBoost,0,0.5488934516906738,0.5,core,False,985,2023-11-24,1
2023-12-15,1w,HistoricalBaseRate,0,0.48884381338742394,0.5,benchmark,False,986,2023-12-01,1
2023-12-15,1w,Logistic,0,0.49054035708763005,0.5,core,False,986,2023-12-01,1
2023-12-15,1w,ElasticNet,0,0.4895994798410684,0.5,core,False,986,2023-12-01,1
2023-12-15,1w,XGBoost,0,0.497903048992157,0.5,core,False,986,2023-12-01,1
2023-12-22,1w,HistoricalBaseRate,0,0.48834853090172237,0.5,benchmark,False,987,2023-12-08,1
2023-12-22,1w,Logistic,0,0.40117670714001064,0.5,core,False,987,2023-12-08,1
2023-12-22,1w,ElasticNet,0,0.4027671972943887,0.5,core,False,987,2023-12-08,1
2023-12-22,1w,XGBoost,0,0.3636116683483124,0.5,core,False,987,2023-12-08,1
2023-12-29,1w,HistoricalBaseRate,1,0.48785425101214575,0.5,benchmark,False,988,2023-12-15,1
2023-12-29,1w,Logistic,1,0.48326740533121404,0.5,core,False,988,2023-12-15,1
2023-12-29,1w,ElasticNet,1,0.48301066613361937,0.5,core,False,988,2023-12-15,1
2023-12-29,1w,XGBoost,1,0.477011501789093,0.5,core,False,988,2023-12-15,1
2024-01-05,1w,HistoricalBaseRate,1,0.487360970677452,0.5,benchmark,False,989,2023-12-22,1
2024-01-05,1w,Logistic,1,0.46199360294938613,0.5,core,False,989,2023-12-22,1
2024-01-05,1w,ElasticNet,1,0.4632067487669347,0.5,core,False,989,2023-12-22,1
2024-01-05,1w,XGBoost,1,0.41861623525619507,0.5,core,False,989,2023-12-22,1
2024-01-12,1w,HistoricalBaseRate,1,0.48787878787878786,0.5,benchmark,False,990,2023-12-29,1
2024-01-12,1w,Logistic,1,0.43495688265700416,0.5,core,False,990,2023-12-29,1
2024-01-12,1w,ElasticNet,1,0.43613349825616843,0.5,core,False,990,2023-12-29,1
2024-01-12,1w,XGBoost,1,0.46588149666786194,0.5,core,False,990,2023-12-29,1
2024-01-19,1w,HistoricalBaseRate,0,0.4883955600403633,0.5,benchmark,False,991,2024-01-05,1
2024-01-19,1w,Logistic,0,0.4832060603904072,0.5,core,False,991,2024-01-05,1
2024-01-19,1w,ElasticNet,0,0.484117833134049,0.5,core,False,991,2024-01-05,1
2024-01-19,1w,XGBoost,0,0.4745127260684967,0.5,core,False,991,2024-01-05,1
2024-01-26,1w,HistoricalBaseRate,1,0.4889112903225806,0.5,benchmark,False,992,2024-01-12,1
2024-01-26,1w,Logistic,1,0.4272832953818927,0.5,core,False,992,2024-01-12,1
2024-01-26,1w,ElasticNet,1,0.4286255338409719,0.5,core,False,992,2024-01-12,1
2024-01-26,1w,XGBoost,1,0.39229121804237366,0.5,core,False,992,2024-01-12,1
2024-02-02,1w,HistoricalBaseRate,1,0.48841893252769386,0.5,benchmark,False,993,2024-01-19,1
2024-02-02,1w,Logistic,1,0.5174855762777236,0.5,core,False,993,2024-01-19,1
2024-02-02,1w,ElasticNet,1,0.5170434714737742,0.5,core,False,993,2024-01-19,1
2024-02-02,1w,XGBoost,1,0.5166669487953186,0.5,core,False,993,2024-01-19,1
2024-02-09,1w,HistoricalBaseRate,1,0.48893360160965793,0.5,benchmark,False,994,2024-01-26,1
2024-02-09,1w,Logistic,1,0.46922921646199905,0.5,core,False,994,2024-01-26,1
2024-02-09,1w,ElasticNet,1,0.46971411874845076,0.5,core,False,994,2024-01-26,1
2024-02-09,1w,XGBoost,1,0.45250362157821655,0.5,core,False,994,2024-01-26,1
2024-02-16,1w,HistoricalBaseRate,1,0.4894472361809045,0.5,benchmark,False,995,2024-02-02,1
2024-02-16,1w,Logistic,1,0.5121977634210026,0.5,core,False,995,2024-02-02,1
2024-02-16,1w,ElasticNet,1,0.511766350654781,0.5,core,False,995,2024-02-02,1
2024-02-16,1w,XGBoost,1,0.4236486256122589,0.5,core,False,995,2024-02-02,1
2024-02-23,1w,HistoricalBaseRate,1,0.4899598393574297,0.5,benchmark,False,996,2024-02-09,1
2024-02-23,1w,Logistic,1,0.4932707913618511,0.5,core,False,996,2024-02-09,1
2024-02-23,1w,ElasticNet,1,0.49287343494212216,0.5,core,False,996,2024-02-09,1
2024-02-23,1w,XGBoost,1,0.5050979852676392,0.5,core,False,996,2024-02-09,1
2024-03-01,1w,HistoricalBaseRate,0,0.49047141424272817,0.5,benchmark,False,997,2024-02-16,1
2024-03-01,1w,Logistic,0,0.4521078353614353,0.5,core,False,997,2024-02-16,1
2024-03-01,1w,ElasticNet,0,0.453175173848105,0.5,core,False,997,2024-02-16,1
2024-03-01,1w,XGBoost,0,0.4456111192703247,0.5,core,False,997,2024-02-16,1
2024-03-08,1w,HistoricalBaseRate,1,0.4909819639278557,0.5,benchmark,False,998,2024-02-23,1
2024-03-08,1w,Logistic,1,0.5212401533998818,0.5,core,False,998,2024-02-23,1
2024-03-08,1w,ElasticNet,1,0.5199773730922191,0.5,core,False,998,2024-02-23,1
2024-03-08,1w,XGBoost,1,0.4519623816013336,0.5,core,False,998,2024-02-23,1
2024-03-15,1w,HistoricalBaseRate,1,0.4904904904904905,0.5,benchmark,False,999,2024-03-01,1
2024-03-15,1w,Logistic,1,0.48070518861685185,0.5,core,False,999,2024-03-01,1
2024-03-15,1w,ElasticNet,1,0.4814719631919155,0.5,core,False,999,2024-03-01,1
2024-03-15,1w,XGBoost,1,0.5002307295799255,0.5,core,False,999,2024-03-01,1
2024-03-22,1w,HistoricalBaseRate,0,0.491,0.5,benchmark,False,1000,2024-03-08,1
2024-03-22,1w,Logistic,0,0.4415629995271549,0.5,core,False,1000,2024-03-08,1
2024-03-22,1w,ElasticNet,0,0.44312340815151907,0.5,core,False,1000,2024-03-08,1
2024-03-22,1w,XGBoost,0,0.5009840726852417,0.5,core,False,1000,2024-03-08,1
2024-03-29,1w,HistoricalBaseRate,1,0.4915084915084915,0.5,benchmark,False,1001,2024-03-15,1
2024-03-29,1w,Logistic,1,0.45182078344090987,0.5,core,False,1001,2024-03-15,1
2024-03-29,1w,ElasticNet,1,0.4528955457587051,0.5,core,False,1001,2024-03-15,1
2024-03-29,1w,XGBoost,1,0.4178652763366699,0.5,core,False,1001,2024-03-15,1
2024-04-05,1w,HistoricalBaseRate,1,0.49101796407185627,0.5,benchmark,False,1002,2024-03-22,1
2024-04-05,1w,Logistic,1,0.5165313295078009,0.5,core,False,1002,2024-03-22,1
2024-04-05,1w,ElasticNet,1,0.5159916562829864,0.5,core,False,1002,2024-03-22,1
2024-04-05,1w,XGBoost,1,0.5638910531997681,0.5,core,False,1002,2024-03-22,1
2024-04-12,1w,HistoricalBaseRate,0,0.4915254237288136,0.5,benchmark,False,1003,2024-03-29,1
2024-04-12,1w,Logistic,0,0.4661521401245233,0.5,core,False,1003,2024-03-29,1
2024-04-12,1w,ElasticNet,0,0.4673503369080498,0.5,core,False,1003,2024-03-29,1
2024-04-12,1w,XGBoost,0,0.4404645264148712,0.5,core,False,1003,2024-03-29,1
2024-04-19,1w,HistoricalBaseRate,0,0.49203187250996017,0.5,benchmark,False,1004,2024-04-05,1
2024-04-19,1w,Logistic,0,0.48912439608536573,0.5,core,False,1004,2024-04-05,1
2024-04-19,1w,ElasticNet,0,0.4893971473935483,0.5,core,False,1004,2024-04-05,1
2024-04-19,1w,XGBoost,0,0.45721471309661865,0.5,core,False,1004,2024-04-05,1
2024-04-26,1w,HistoricalBaseRate,1,0.49154228855721394,0.5,benchmark,False,1005,2024-04-12,1
2024-04-26,1w,Logistic,1,0.44524770310011186,0.5,core,False,1005,2024-04-12,1
2024-04-26,1w,ElasticNet,1,0.44620869065173524,0.5,core,False,1005,2024-04-12,1
2024-04-26,1w,XGBoost,1,0.4954509437084198,0.5,core,False,1005,2024-04-12,1
2024-05-03,1w,HistoricalBaseRate,0,0.49105367793240556,0.5,benchmark,False,1006,2024-04-19,1
2024-05-03,1w,Logistic,0,0.4998804164320188,0.5,core,False,1006,2024-04-19,1
2024-05-03,1w,ElasticNet,0,0.49888824415083727,0.5,core,False,1006,2024-04-19,1
2024-05-03,1w,XGBoost,0,0.5023058652877808,0.5,core,False,1006,2024-04-19,1
2024-05-10,1w,HistoricalBaseRate,0,0.4915590863952334,0.5,benchmark,False,1007,2024-04-26,1
2024-05-10,1w,Logistic,0,0.45314643559999823,0.5,core,False,1007,2024-04-26,1
2024-05-10,1w,ElasticNet,0,0.45410070568478694,0.5,core,False,1007,2024-04-26,1
2024-05-10,1w,XGBoost,0,0.46839720010757446,0.5,core,False,1007,2024-04-26,1
2024-05-17,1w,HistoricalBaseRate,1,0.49107142857142855,0.5,benchmark,False,1008,2024-05-03,1
2024-05-17,1w,Logistic,1,0.4743628678858552,0.5,core,False,1008,2024-05-03,1
2024-05-17,1w,ElasticNet,1,0.47437980010441316,0.5,core,False,1008,2024-05-03,1
2024-05-17,1w,XGBoost,1,0.4756756126880646,0.5,core,False,1008,2024-05-03,1
2024-05-24,1w,HistoricalBaseRate,0,0.4905847373637265,0.5,benchmark,False,1009,2024-05-10,1
2024-05-24,1w,Logistic,0,0.5054867182104434,0.5,core,False,1009,2024-05-10,1
2024-05-24,1w,ElasticNet,0,0.5051113045488705,0.5,core,False,1009,2024-05-10,1
2024-05-24,1w,XGBoost,0,0.49588119983673096,0.5,core,False,1009,2024-05-10,1
2024-05-31,1w,HistoricalBaseRate,1,0.4910891089108911,0.5,benchmark,False,1010,2024-05-17,1
2024-05-31,1w,Logistic,1,0.4879624006583624,0.5,core,False,1010,2024-05-17,1
2024-05-31,1w,ElasticNet,1,0.4878990076913592,0.5,core,False,1010,2024-05-17,1
2024-05-31,1w,XGBoost,1,0.47770124673843384,0.5,core,False,1010,2024-05-17,1
2024-06-07,1w,HistoricalBaseRate,0,0.49060336300692386,0.5,benchmark,False,1011,2024-05-24,1
2024-06-07,1w,Logistic,0,0.4938367570915338,0.5,core,False,1011,2024-05-24,1
2024-06-07,1w,ElasticNet,0,0.493823873737491,0.5,core,False,1011,2024-05-24,1
2024-06-07,1w,XGBoost,0,0.493328332901001,0.5,core,False,1011,2024-05-24,1
2024-06-14,1w,HistoricalBaseRate,0,0.49110671936758893,0.5,benchmark,False,1012,2024-05-31,1
2024-06-14,1w,Logistic,0,0.4619413491280468,0.5,core,False,1012,2024-05-31,1
2024-06-14,1w,ElasticNet,0,0.4627322248347604,0.5,core,False,1012,2024-05-31,1
2024-06-14,1w,XGBoost,0,0.4245465397834778,0.5,core,False,1012,2024-05-31,1
2024-06-21,1w,HistoricalBaseRate,0,0.4906219151036525,0.5,benchmark,False,1013,2024-06-07,1
2024-06-21,1w,Logistic,0,0.4539562964012099,0.5,core,False,1013,2024-06-07,1
2024-06-21,1w,ElasticNet,0,0.45489114829364685,0.5,core,False,1013,2024-06-07,1
2024-06-21,1w,XGBoost,0,0.41525617241859436,0.5,core,False,1013,2024-06-07,1
2024-06-28,1w,HistoricalBaseRate,0,0.490138067061144,0.5,benchmark,False,1014,2024-06-14,1
2024-06-28,1w,Logistic,0,0.42112452725563104,0.5,core,False,1014,2024-06-14,1
2024-06-28,1w,ElasticNet,0,0.42271177712060504,0.5,core,False,1014,2024-06-14,1
2024-06-28,1w,XGBoost,0,0.41180071234703064,0.5,core,False,1014,2024-06-14,1
2024-07-05,1w,HistoricalBaseRate,0,0.4896551724137931,0.5,benchmark,False,1015,2024-06-21,1
2024-07-05,1w,Logistic,0,0.4525016160559891,0.5,core,False,1015,2024-06-21,1
2024-07-05,1w,ElasticNet,0,0.4529722773173447,0.5,core,False,1015,2024-06-21,1
2024-07-05,1w,XGBoost,0,0.47541680932044983,0.5,core,False,1015,2024-06-21,1
2024-07-12,1w,HistoricalBaseRate,1,0.4891732283464567,0.5,benchmark,False,1016,2024-06-28,1
2024-07-12,1w,Logistic,1,0.43404394910416266,0.5,core,False,1016,2024-06-28,1
2024-07-12,1w,ElasticNet,1,0.43494882299512116,0.5,core,False,1016,2024-06-28,1
2024-07-12,1w,XGBoost,1,0.4596051275730133,0.5,core,False,1016,2024-06-28,1
2024-07-19,1w,HistoricalBaseRate,1,0.4886922320550639,0.5,benchmark,False,1017,2024-07-05,1
2024-07-19,1w,Logistic,1,0.5059546477157919,0.5,core,False,1017,2024-07-05,1
2024-07-19,1w,ElasticNet,1,0.5058068211465133,0.5,core,False,1017,2024-07-05,1
2024-07-19,1w,XGBoost,1,0.6208835244178772,0.5,core,False,1017,2024-07-05,1
2024-07-26,1w,HistoricalBaseRate,1,0.48919449901768175,0.5,benchmark,False,1018,2024-07-12,1
2024-07-26,1w,Logistic,1,0.4761727391201996,0.5,core,False,1018,2024-07-12,1
2024-07-26,1w,ElasticNet,1,0.4764762674676085,0.5,core,False,1018,2024-07-12,1
2024-07-26,1w,XGBoost,1,0.4789067804813385,0.5,core,False,1018,2024-07-12,1
2024-08-02,1w,HistoricalBaseRate,0,0.4896957801766438,0.5,benchmark,False,1019,2024-07-19,1
2024-08-02,1w,Logistic,0,0.47139225303742566,0.5,core,False,1019,2024-07-19,1
2024-08-02,1w,ElasticNet,0,0.4711807196443541,0.5,core,False,1019,2024-07-19,1
2024-08-02,1w,XGBoost,0,0.642624020576477,0.5,core,False,1019,2024-07-19,1
2024-08-09,1w,HistoricalBaseRate,0,0.49019607843137253,0.5,benchmark,False,1020,2024-07-26,1
2024-08-09,1w,Logistic,0,0.48897703179248386,0.5,core,False,1020,2024-07-26,1
2024-08-09,1w,ElasticNet,0,0.48891593582135534,0.5,core,False,1020,2024-07-26,1
2024-08-09,1w,XGBoost,0,0.4932381510734558,0.5,core,False,1020,2024-07-26,1
2024-08-16,1w,HistoricalBaseRate,0,0.48971596474045054,0.5,benchmark,False,1021,2024-08-02,1
2024-08-16,1w,Logistic,0,0.43433202275804733,0.5,core,False,1021,2024-08-02,1
2024-08-16,1w,ElasticNet,0,0.4352528348388957,0.5,core,False,1021,2024-08-02,1
2024-08-16,1w,XGBoost,0,0.5009664297103882,0.5,core,False,1021,2024-08-02,1
2024-08-23,1w,HistoricalBaseRate,0,0.4892367906066536,0.5,benchmark,False,1022,2024-08-09,1
2024-08-23,1w,Logistic,0,0.5081528317927245,0.5,core,False,1022,2024-08-09,1
2024-08-23,1w,ElasticNet,0,0.5066340556544823,0.5,core,False,1022,2024-08-09,1
2024-08-23,1w,XGBoost,0,0.47261595726013184,0.5,core,False,1022,2024-08-09,1
2024-08-30,1w,HistoricalBaseRate,1,0.4887585532746823,0.5,benchmark,False,1023,2024-08-16,1
2024-08-30,1w,Logistic,1,0.43151138348525947,0.5,core,False,1023,2024-08-16,1
2024-08-30,1w,ElasticNet,1,0.4327628145056853,0.5,core,False,1023,2024-08-16,1
2024-08-30,1w,XGBoost,1,0.43333619832992554,0.5,core,False,1023,2024-08-16,1
2024-09-06,1w,HistoricalBaseRate,1,0.48828125,0.5,benchmark,False,1024,2024-08-23,1
2024-09-06,1w,Logistic,1,0.4960168377122966,0.5,core,False,1024,2024-08-23,1
2024-09-06,1w,ElasticNet,1,0.4956142826843986,0.5,core,False,1024,2024-08-23,1
2024-09-06,1w,XGBoost,1,0.5291440486907959,0.5,core,False,1024,2024-08-23,1
2024-09-13,1w,HistoricalBaseRate,0,0.48878048780487804,0.5,benchmark,False,1025,2024-08-30,1
2024-09-13,1w,Logistic,0,0.42704258934652467,0.5,core,False,1025,2024-08-30,1
2024-09-13,1w,ElasticNet,0,0.42808408148240185,0.5,core,False,1025,2024-08-30,1
2024-09-13,1w,XGBoost,0,0.491824209690094,0.5,core,False,1025,2024-08-30,1
2024-09-20,1w,HistoricalBaseRate,0,0.48927875243664715,0.5,benchmark,False,1026,2024-09-06,1
2024-09-20,1w,Logistic,0,0.4492369906751113,0.5,core,False,1026,2024-09-06,1
2024-09-20,1w,ElasticNet,0,0.4499718701697961,0.5,core,False,1026,2024-09-06,1
2024-09-20,1w,XGBoost,0,0.45492786169052124,0.5,core,False,1026,2024-09-06,1
2024-09-27,1w,HistoricalBaseRate,1,0.48880233690360275,0.5,benchmark,False,1027,2024-09-13,1
2024-09-27,1w,Logistic,1,0.49933288084665406,0.5,core,False,1027,2024-09-13,1
2024-09-27,1w,ElasticNet,1,0.4985150492234317,0.5,core,False,1027,2024-09-13,1
2024-09-27,1w,XGBoost,1,0.46668869256973267,0.5,core,False,1027,2024-09-13,1
2024-10-04,1w,HistoricalBaseRate,1,0.4883268482490272,0.5,benchmark,False,1028,2024-09-20,1
2024-10-04,1w,Logistic,1,0.45188628555039034,0.5,core,False,1028,2024-09-20,1
2024-10-04,1w,ElasticNet,1,0.45394640140769404,0.5,core,False,1028,2024-09-20,1
2024-10-04,1w,XGBoost,1,0.47556743025779724,0.5,core,False,1028,2024-09-20,1
2024-10-11,1w,HistoricalBaseRate,1,0.48882410106899904,0.5,benchmark,False,1029,2024-09-27,1
2024-10-11,1w,Logistic,1,0.4629822547555052,0.5,core,False,1029,2024-09-27,1
2024-10-11,1w,ElasticNet,1,0.4636497996914519,0.5,core,False,1029,2024-09-27,1
2024-10-11,1w,XGBoost,1,0.3940112888813019,0.5,core,False,1029,2024-09-27,1
2024-10-18,1w,HistoricalBaseRate,1,0.4893203883495146,0.5,benchmark,False,1030,2024-10-04,1
2024-10-18,1w,Logistic,1,0.49958208102638324,0.5,core,False,1030,2024-10-04,1
2024-10-18,1w,ElasticNet,1,0.49937451329216886,0.5,core,False,1030,2024-10-04,1
2024-10-18,1w,XGBoost,1,0.48797816038131714,0.5,core,False,1030,2024-10-04,1
2024-10-25,1w,HistoricalBaseRate,1,0.489815712900097,0.5,benchmark,False,1031,2024-10-11,1
2024-10-25,1w,Logistic,1,0.49056864439356795,0.5,core,False,1031,2024-10-11,1
2024-10-25,1w,ElasticNet,1,0.4910597506976384,0.5,core,False,1031,2024-10-11,1
2024-10-25,1w,XGBoost,1,0.5752363204956055,0.5,core,False,1031,2024-10-11,1
2024-11-01,1w,HistoricalBaseRate,0,0.4903100775193798,0.5,benchmark,False,1032,2024-10-18,1
2024-11-01,1w,Logistic,0,0.4518299891019711,0.5,core,False,1032,2024-10-18,1
2024-11-01,1w,ElasticNet,0,0.45282507280820156,0.5,core,False,1032,2024-10-18,1
2024-11-01,1w,XGBoost,0,0.40505415201187134,0.5,core,False,1032,2024-10-18,1
2024-11-08,1w,HistoricalBaseRate,1,0.49080348499515974,0.5,benchmark,False,1033,2024-10-25,1
2024-11-08,1w,Logistic,1,0.40008220083088225,0.5,core,False,1033,2024-10-25,1
2024-11-08,1w,ElasticNet,1,0.40201414504440447,0.5,core,False,1033,2024-10-25,1
2024-11-08,1w,XGBoost,1,0.49498993158340454,0.5,core,False,1033,2024-10-25,1
2024-11-15,1w,HistoricalBaseRate,0,0.49032882011605416,0.5,benchmark,False,1034,2024-11-01,1
2024-11-15,1w,Logistic,0,0.449090168593324,0.5,core,False,1034,2024-11-01,1
2024-11-15,1w,ElasticNet,0,0.45050468340830957,0.5,core,False,1034,2024-11-01,1
2024-11-15,1w,XGBoost,0,0.3935723304748535,0.5,core,False,1034,2024-11-01,1
2024-11-22,1w,HistoricalBaseRate,1,0.49082125603864735,0.5,benchmark,False,1035,2024-11-08,1
2024-11-22,1w,Logistic,1,0.40987156224674004,0.5,core,False,1035,2024-11-08,1
2024-11-22,1w,ElasticNet,1,0.41203493801693547,0.5,core,False,1035,2024-11-08,1
2024-11-22,1w,XGBoost,1,0.4281669855117798,0.5,core,False,1035,2024-11-08,1
2024-11-29,1w,HistoricalBaseRate,1,0.49034749034749037,0.5,benchmark,False,1036,2024-11-15,1
2024-11-29,1w,Logistic,1,0.4704460555122066,0.5,core,False,1036,2024-11-15,1
2024-11-29,1w,ElasticNet,1,0.4700853558993236,0.5,core,False,1036,2024-11-15,1
2024-11-29,1w,XGBoost,1,0.48834314942359924,0.5,core,False,1036,2024-11-15,1
2024-12-06,1w,HistoricalBaseRate,1,0.49083895853423337,0.5,benchmark,False,1037,2024-11-22,1
2024-12-06,1w,Logistic,1,0.45009318933688225,0.5,core,False,1037,2024-11-22,1
2024-12-06,1w,ElasticNet,1,0.4512183286296204,0.5,core,False,1037,2024-11-22,1
2024-12-06,1w,XGBoost,1,0.48985326290130615,0.5,core,False,1037,2024-11-22,1
2024-12-13,1w,HistoricalBaseRate,1,0.4913294797687861,0.5,benchmark,False,1038,2024-11-29,1
2024-12-13,1w,Logistic,1,0.44694443114282356,0.5,core,False,1038,2024-11-29,1
2024-12-13,1w,ElasticNet,1,0.4486458462663861,0.5,core,False,1038,2024-11-29,1
2024-12-13,1w,XGBoost,1,0.47185999155044556,0.5,core,False,1038,2024-11-29,1
2024-12-20,1w,HistoricalBaseRate,1,0.4918190567853705,0.5,benchmark,False,1039,2024-12-06,1
2024-12-20,1w,Logistic,1,0.47694963434648574,0.5,core,False,1039,2024-12-06,1
2024-12-20,1w,ElasticNet,1,0.47791213839325575,0.5,core,False,1039,2024-12-06,1
2024-12-20,1w,XGBoost,1,0.62828129529953,0.5,core,False,1039,2024-12-06,1
2024-12-27,1w,HistoricalBaseRate,1,0.49230769230769234,0.5,benchmark,False,1040,2024-12-13,1
2024-12-27,1w,Logistic,1,0.416448208731606,0.5,core,False,1040,2024-12-13,1
2024-12-27,1w,ElasticNet,1,0.41844643122181274,0.5,core,False,1040,2024-12-13,1
2024-12-27,1w,XGBoost,1,0.49874964356422424,0.5,core,False,1040,2024-12-13,1
2025-01-03,1w,HistoricalBaseRate,0,0.49279538904899134,0.5,benchmark,False,1041,2024-12-20,1
2025-01-03,1w,Logistic,0,0.46054857735926186,0.5,core,False,1041,2024-12-20,1
2025-01-03,1w,ElasticNet,0,0.46202330158862154,0.5,core,False,1041,2024-12-20,1
2025-01-03,1w,XGBoost,0,0.5265539884567261,0.5,core,False,1041,2024-12-20,1
2025-01-10,1w,HistoricalBaseRate,0,0.4932821497120921,0.5,benchmark,False,1042,2024-12-27,1
2025-01-10,1w,Logistic,0,0.4596320583573588,0.5,core,False,1042,2024-12-27,1
2025-01-10,1w,ElasticNet,0,0.46129249092141644,0.5,core,False,1042,2024-12-27,1
2025-01-10,1w,XGBoost,0,0.5975970029830933,0.5,core,False,1042,2024-12-27,1
2025-01-17,1w,HistoricalBaseRate,0,0.4928092042186002,0.5,benchmark,False,1043,2025-01-03,1
2025-01-17,1w,Logistic,0,0.4332152162072581,0.5,core,False,1043,2025-01-03,1
2025-01-17,1w,ElasticNet,0,0.43446119116619036,0.5,core,False,1043,2025-01-03,1
2025-01-17,1w,XGBoost,0,0.5269731283187866,0.5,core,False,1043,2025-01-03,1
2025-01-24,1w,HistoricalBaseRate,1,0.49233716475095785,0.5,benchmark,False,1044,2025-01-10,1
2025-01-24,1w,Logistic,1,0.47596403239167656,0.5,core,False,1044,2025-01-10,1
2025-01-24,1w,ElasticNet,1,0.4754761383733504,0.5,core,False,1044,2025-01-10,1
2025-01-24,1w,XGBoost,1,0.502666175365448,0.5,core,False,1044,2025-01-10,1
2025-01-31,1w,HistoricalBaseRate,0,0.49186602870813395,0.5,benchmark,False,1045,2025-01-17,1
2025-01-31,1w,Logistic,0,0.5364278336831281,0.5,core,False,1045,2025-01-17,1
2025-01-31,1w,ElasticNet,0,0.5361589421596343,0.5,core,False,1045,2025-01-17,1
2025-01-31,1w,XGBoost,0,0.48936906456947327,0.5,core,False,1045,2025-01-17,1
2025-02-07,1w,HistoricalBaseRate,0,0.49235181644359466,0.5,benchmark,False,1046,2025-01-24,1
2025-02-07,1w,Logistic,0,0.4885015013797508,0.5,core,False,1046,2025-01-24,1
2025-02-07,1w,ElasticNet,0,0.48874054694691704,0.5,core,False,1046,2025-01-24,1
2025-02-07,1w,XGBoost,0,0.5851501226425171,0.5,core,False,1046,2025-01-24,1
2025-02-14,1w,HistoricalBaseRate,1,0.4918815663801337,0.5,benchmark,False,1047,2025-01-31,1
2025-02-14,1w,Logistic,1,0.4293971458853428,0.5,core,False,1047,2025-01-31,1
2025-02-14,1w,ElasticNet,1,0.4302732223295298,0.5,core,False,1047,2025-01-31,1
2025-02-14,1w,XGBoost,1,0.5217502117156982,0.5,core,False,1047,2025-01-31,1
2025-02-21,1w,HistoricalBaseRate,1,0.491412213740458,0.5,benchmark,False,1048,2025-02-07,1
2025-02-21,1w,Logistic,1,0.4201177505848951,0.5,core,False,1048,2025-02-07,1
2025-02-21,1w,ElasticNet,1,0.42165303955405137,0.5,core,False,1048,2025-02-07,1
2025-02-21,1w,XGBoost,1,0.6229805946350098,0.5,core,False,1048,2025-02-07,1
2025-02-28,1w,HistoricalBaseRate,0,0.4918970448045758,0.5,benchmark,False,1049,2025-02-14,1
2025-02-28,1w,Logistic,0,0.4546740988916817,0.5,core,False,1049,2025-02-14,1
2025-02-28,1w,ElasticNet,0,0.4561671542618786,0.5,core,False,1049,2025-02-14,1
2025-02-28,1w,XGBoost,0,0.4343039095401764,0.5,core,False,1049,2025-02-14,1
2025-03-07,1w,HistoricalBaseRate,0,0.49238095238095236,0.5,benchmark,False,1050,2025-02-21,1
2025-03-07,1w,Logistic,0,0.5475066691817253,0.5,core,False,1050,2025-02-21,1
2025-03-07,1w,ElasticNet,0,0.5452090489937825,0.5,core,False,1050,2025-02-21,1
2025-03-07,1w,XGBoost,0,0.6986202001571655,0.5,core,False,1050,2025-02-21,1
2025-03-14,1w,HistoricalBaseRate,0,0.49191246431969554,0.5,benchmark,False,1051,2025-02-28,1
2025-03-14,1w,Logistic,0,0.4589757665350894,0.5,core,False,1051,2025-02-28,1
2025-03-14,1w,ElasticNet,0,0.4598389593994394,0.5,core,False,1051,2025-02-28,1
2025-03-14,1w,XGBoost,0,0.5210158228874207,0.5,core,False,1051,2025-02-28,1
2025-03-21,1w,HistoricalBaseRate,0,0.4914448669201521,0.5,benchmark,False,1052,2025-03-07,1
2025-03-21,1w,Logistic,0,0.4057451612748829,0.5,core,False,1052,2025-03-07,1
2025-03-21,1w,ElasticNet,0,0.40774494719128085,0.5,core,False,1052,2025-03-07,1
2025-03-21,1w,XGBoost,0,0.4978269934654236,0.5,core,False,1052,2025-03-07,1
2025-03-28,1w,HistoricalBaseRate,0,0.49097815764482433,0.5,benchmark,False,1053,2025-03-14,1
2025-03-28,1w,Logistic,0,0.4501352181439486,0.5,core,False,1053,2025-03-14,1
2025-03-28,1w,ElasticNet,0,0.4510616816218165,0.5,core,False,1053,2025-03-14,1
2025-03-28,1w,XGBoost,0,0.5949195623397827,0.5,core,False,1053,2025-03-14,1
2025-04-04,1w,HistoricalBaseRate,0,0.4905123339658444,0.5,benchmark,False,1054,2025-03-21,1
2025-04-04,1w,Logistic,0,0.6372569467868203,0.5,core,False,1054,2025-03-21,1
2025-04-04,1w,ElasticNet,0,0.6346608465304204,0.5,core,False,1054,2025-03-21,1
2025-04-04,1w,XGBoost,0,0.6419568657875061,0.5,core,False,1054,2025-03-21,1
2025-04-11,1w,HistoricalBaseRate,0,0.4900473933649289,0.5,benchmark,False,1055,2025-03-28,1
2025-04-11,1w,Logistic,0,0.37334706494162284,0.5,core,False,1055,2025-03-28,1
2025-04-11,1w,ElasticNet,0,0.3745587866262711,0.5,core,False,1055,2025-03-28,1
2025-04-11,1w,XGBoost,0,0.4944221079349518,0.5,core,False,1055,2025-03-28,1
2025-04-18,1w,HistoricalBaseRate,1,0.4895833333333333,0.5,benchmark,False,1056,2025-04-04,1
2025-04-18,1w,Logistic,1,0.39502498180376755,0.5,core,False,1056,2025-04-04,1
2025-04-18,1w,ElasticNet,1,0.3963770915373433,0.5,core,False,1056,2025-04-04,1
2025-04-18,1w,XGBoost,1,0.4808361530303955,0.5,core,False,1056,2025-04-04,1
2025-04-25,1w,HistoricalBaseRate,0,0.489120151371807,0.5,benchmark,False,1057,2025-04-11,1
2025-04-25,1w,Logistic,0,0.3790719801858591,0.5,core,False,1057,2025-04-11,1
2025-04-25,1w,ElasticNet,0,0.3811800933174825,0.5,core,False,1057,2025-04-11,1
2025-04-25,1w,XGBoost,0,0.447063684463501,0.5,core,False,1057,2025-04-11,1
2025-05-02,1w,HistoricalBaseRate,1,0.4896030245746692,0.5,benchmark,False,1058,2025-04-18,1
2025-05-02,1w,Logistic,1,0.4563678286903576,0.5,core,False,1058,2025-04-18,1
2025-05-02,1w,ElasticNet,1,0.45678222046345296,0.5,core,False,1058,2025-04-18,1
2025-05-02,1w,XGBoost,1,0.5202550292015076,0.5,core,False,1058,2025-04-18,1
2025-05-09,1w,HistoricalBaseRate,1,0.48914069877242683,0.5,benchmark,False,1059,2025-04-25,1
2025-05-09,1w,Logistic,1,0.4236226449951812,0.5,core,False,1059,2025-04-25,1
2025-05-09,1w,ElasticNet,1,0.42511909071994874,0.5,core,False,1059,2025-04-25,1
2025-05-09,1w,XGBoost,1,0.46630510687828064,0.5,core,False,1059,2025-04-25,1
2025-05-16,1w,HistoricalBaseRate,0,0.48962264150943396,0.5,benchmark,False,1060,2025-05-02,1
2025-05-16,1w,Logistic,0,0.4168637830085508,0.5,core,False,1060,2025-05-02,1
2025-05-16,1w,ElasticNet,0,0.4187464294984497,0.5,core,False,1060,2025-05-02,1
2025-05-16,1w,XGBoost,0,0.5280783176422119,0.5,core,False,1060,2025-05-02,1
2025-05-23,1w,HistoricalBaseRate,0,0.49010367577756836,0.5,benchmark,False,1061,2025-05-09,1
2025-05-23,1w,Logistic,0,0.45835844735910514,0.5,core,False,1061,2025-05-09,1
2025-05-23,1w,ElasticNet,0,0.45798235082651456,0.5,core,False,1061,2025-05-09,1
2025-05-23,1w,XGBoost,0,0.5886225700378418,0.5,core,False,1061,2025-05-09,1
2025-05-30,1w,HistoricalBaseRate,0,0.4896421845574388,0.5,benchmark,False,1062,2025-05-16,1
2025-05-30,1w,Logistic,0,0.3955860582182296,0.5,core,False,1062,2025-05-16,1
2025-05-30,1w,ElasticNet,0,0.39761524822297967,0.5,core,False,1062,2025-05-16,1
2025-05-30,1w,XGBoost,0,0.4704184830188751,0.5,core,False,1062,2025-05-16,1
2025-06-06,1w,HistoricalBaseRate,0,0.4891815616180621,0.5,benchmark,False,1063,2025-05-23,1
2025-06-06,1w,Logistic,0,0.39442777826301595,0.5,core,False,1063,2025-05-23,1
2025-06-06,1w,ElasticNet,0,0.3962867300968997,0.5,core,False,1063,2025-05-23,1
2025-06-06,1w,XGBoost,0,0.4696914255619049,0.5,core,False,1063,2025-05-23,1
2025-06-13,1w,HistoricalBaseRate,1,0.48872180451127817,0.5,benchmark,False,1064,2025-05-30,1
2025-06-13,1w,Logistic,1,0.39909600285485447,0.5,core,False,1064,2025-05-30,1
2025-06-13,1w,ElasticNet,1,0.400670721095792,0.5,core,False,1064,2025-05-30,1
2025-06-13,1w,XGBoost,1,0.499190092086792,0.5,core,False,1064,2025-05-30,1
2025-06-20,1w,HistoricalBaseRate,0,0.48826291079812206,0.5,benchmark,False,1065,2025-06-06,1
2025-06-20,1w,Logistic,0,0.39610693074635916,0.5,core,False,1065,2025-06-06,1
2025-06-20,1w,ElasticNet,0,0.3983757988903526,0.5,core,False,1065,2025-06-06,1
2025-06-20,1w,XGBoost,0,0.4533698558807373,0.5,core,False,1065,2025-06-06,1
2025-06-27,1w,HistoricalBaseRate,0,0.48874296435272047,0.5,benchmark,False,1066,2025-06-13,1
2025-06-27,1w,Logistic,0,0.42594648196010454,0.5,core,False,1066,2025-06-13,1
2025-06-27,1w,ElasticNet,0,0.4259040117330352,0.5,core,False,1066,2025-06-13,1
2025-06-27,1w,XGBoost,0,0.456949919462204,0.5,core,False,1066,2025-06-13,1
2025-07-04,1w,HistoricalBaseRate,1,0.48828491096532334,0.5,benchmark,False,1067,2025-06-20,1
2025-07-04,1w,Logistic,1,0.4555888985708403,0.5,core,False,1067,2025-06-20,1
2025-07-04,1w,ElasticNet,1,0.45614356194092426,0.5,core,False,1067,2025-06-20,1
2025-07-04,1w,XGBoost,1,0.4301440715789795,0.5,core,False,1067,2025-06-20,1
2025-07-11,1w,HistoricalBaseRate,1,0.48782771535580527,0.5,benchmark,False,1068,2025-06-27,1
2025-07-11,1w,Logistic,1,0.396120861195869,0.5,core,False,1068,2025-06-27,1
2025-07-11,1w,ElasticNet,1,0.3980643904025371,0.5,core,False,1068,2025-06-27,1
2025-07-11,1w,XGBoost,1,0.45431527495384216,0.5,core,False,1068,2025-06-27,1
2025-07-18,1w,HistoricalBaseRate,1,0.4883068288119738,0.5,benchmark,False,1069,2025-07-04,1
2025-07-18,1w,Logistic,1,0.4008774540474724,0.5,core,False,1069,2025-07-04,1
2025-07-18,1w,ElasticNet,1,0.4026741572331734,0.5,core,False,1069,2025-07-04,1
2025-07-18,1w,XGBoost,1,0.4176505506038666,0.5,core,False,1069,2025-07-04,1
2025-07-25,1w,HistoricalBaseRate,1,0.48878504672897194,0.5,benchmark,False,1070,2025-07-11,1
2025-07-25,1w,Logistic,1,0.434496477992499,0.5,core,False,1070,2025-07-11,1
2025-07-25,1w,ElasticNet,1,0.43511355256627754,0.5,core,False,1070,2025-07-11,1
2025-07-25,1w,XGBoost,1,0.4977682828903198,0.5,core,False,1070,2025-07-11,1
2025-08-01,1w,HistoricalBaseRate,0,0.4892623716153128,0.5,benchmark,False,1071,2025-07-18,1
2025-08-01,1w,Logistic,0,0.3920779391240118,0.5,core,False,1071,2025-07-18,1
2025-08-01,1w,ElasticNet,0,0.3946915841146031,0.5,core,False,1071,2025-07-18,1
2025-08-01,1w,XGBoost,0,0.5169177055358887,0.5,core,False,1071,2025-07-18,1
2025-08-08,1w,HistoricalBaseRate,1,0.48973880597014924,0.5,benchmark,False,1072,2025-07-25,1
2025-08-08,1w,Logistic,1,0.4533729284710061,0.5,core,False,1072,2025-07-25,1
2025-08-08,1w,ElasticNet,1,0.4535771340941636,0.5,core,False,1072,2025-07-25,1
2025-08-08,1w,XGBoost,1,0.521744966506958,0.5,core,False,1072,2025-07-25,1
2025-08-15,1w,HistoricalBaseRate,1,0.48928238583411,0.5,benchmark,False,1073,2025-08-01,1
2025-08-15,1w,Logistic,1,0.44387825393904484,0.5,core,False,1073,2025-08-01,1
2025-08-15,1w,ElasticNet,1,0.4445423936096616,0.5,core,False,1073,2025-08-01,1
2025-08-15,1w,XGBoost,1,0.5066960453987122,0.5,core,False,1073,2025-08-01,1
2025-08-22,1w,HistoricalBaseRate,0,0.4897579143389199,0.5,benchmark,False,1074,2025-08-08,1
2025-08-22,1w,Logistic,0,0.4174013453501549,0.5,core,False,1074,2025-08-08,1
2025-08-22,1w,ElasticNet,0,0.4188178120167388,0.5,core,False,1074,2025-08-08,1
2025-08-22,1w,XGBoost,0,0.4527702331542969,0.5,core,False,1074,2025-08-08,1
2025-08-29,1w,HistoricalBaseRate,1,0.49023255813953487,0.5,benchmark,False,1075,2025-08-15,1
2025-08-29,1w,Logistic,1,0.44852282493498286,0.5,core,False,1075,2025-08-15,1
2025-08-29,1w,ElasticNet,1,0.4493182010530077,0.5,core,False,1075,2025-08-15,1
2025-08-29,1w,XGBoost,1,0.44825682044029236,0.5,core,False,1075,2025-08-15,1
2025-09-05,1w,HistoricalBaseRate,1,0.48977695167286245,0.5,benchmark,False,1076,2025-08-22,1
2025-09-05,1w,Logistic,1,0.42973665967378527,0.5,core,False,1076,2025-08-22,1
2025-09-05,1w,ElasticNet,1,0.43060007796549327,0.5,core,False,1076,2025-08-22,1
2025-09-05,1w,XGBoost,1,0.46643611788749695,0.5,core,False,1076,2025-08-22,1
2025-09-12,1w,HistoricalBaseRate,0,0.49025069637883006,0.5,benchmark,False,1077,2025-08-29,1
2025-09-12,1w,Logistic,0,0.458452795122346,0.5,core,False,1077,2025-08-29,1
2025-09-12,1w,ElasticNet,0,0.4591213526167575,0.5,core,False,1077,2025-08-29,1
2025-09-12,1w,XGBoost,0,0.548559308052063,0.5,core,False,1077,2025-08-29,1
2025-09-19,1w,HistoricalBaseRate,1,0.4907235621521336,0.5,benchmark,False,1078,2025-09-05,1
2025-09-19,1w,Logistic,1,0.4521179523113659,0.5,core,False,1078,2025-09-05,1
2025-09-19,1w,ElasticNet,1,0.4531822999675419,0.5,core,False,1078,2025-09-05,1
2025-09-19,1w,XGBoost,1,0.4743667244911194,0.5,core,False,1078,2025-09-05,1
2025-09-26,1w,HistoricalBaseRate,0,0.4902687673772011,0.5,benchmark,False,1079,2025-09-12,1
2025-09-26,1w,Logistic,0,0.4418649112649192,0.5,core,False,1079,2025-09-12,1
2025-09-26,1w,ElasticNet,0,0.4434208637703649,0.5,core,False,1079,2025-09-12,1
2025-09-26,1w,XGBoost,0,0.4983837604522705,0.5,core,False,1079,2025-09-12,1
2025-10-03,1w,HistoricalBaseRate,1,0.49074074074074076,0.5,benchmark,False,1080,2025-09-19,1
2025-10-03,1w,Logistic,1,0.4858548352723482,0.5,core,False,1080,2025-09-19,1
2025-10-03,1w,ElasticNet,1,0.4854359338564112,0.5,core,False,1080,2025-09-19,1
2025-10-03,1w,XGBoost,1,0.4913754165172577,0.5,core,False,1080,2025-09-19,1
2025-10-10,1w,HistoricalBaseRate,1,0.4902867715078631,0.5,benchmark,False,1081,2025-09-26,1
2025-10-10,1w,Logistic,1,0.4477534371452037,0.5,core,False,1081,2025-09-26,1
2025-10-10,1w,ElasticNet,1,0.4493011277415442,0.5,core,False,1081,2025-09-26,1
2025-10-10,1w,XGBoost,1,0.45676282048225403,0.5,core,False,1081,2025-09-26,1
2025-10-17,1w,HistoricalBaseRate,0,0.4907578558225508,0.5,benchmark,False,1082,2025-10-03,1
2025-10-17,1w,Logistic,0,0.4566936864507563,0.5,core,False,1082,2025-10-03,1
2025-10-17,1w,ElasticNet,0,0.4571769291520138,0.5,core,False,1082,2025-10-03,1
2025-10-17,1w,XGBoost,0,0.5310664176940918,0.5,core,False,1082,2025-10-03,1
2025-10-24,1w,HistoricalBaseRate,0,0.49122807017543857,0.5,benchmark,False,1083,2025-10-10,1
2025-10-24,1w,Logistic,0,0.4346466223282833,0.5,core,False,1083,2025-10-10,1
2025-10-24,1w,ElasticNet,0,0.43624514885314203,0.5,core,False,1083,2025-10-10,1
2025-10-24,1w,XGBoost,0,0.4891034960746765,0.5,core,False,1083,2025-10-10,1
2025-10-31,1w,HistoricalBaseRate,1,0.4907749077490775,0.5,benchmark,False,1084,2025-10-17,1
2025-10-31,1w,Logistic,1,0.48785365363629674,0.5,core,False,1084,2025-10-17,1
2025-10-31,1w,ElasticNet,1,0.4883680524834802,0.5,core,False,1084,2025-10-17,1
2025-10-31,1w,XGBoost,1,0.5048394799232483,0.5,core,False,1084,2025-10-17,1
2025-11-07,1w,HistoricalBaseRate,0,0.49032258064516127,0.5,benchmark,False,1085,2025-10-24,1
2025-11-07,1w,Logistic,0,0.4332936330108078,0.5,core,False,1085,2025-10-24,1
2025-11-07,1w,ElasticNet,0,0.43463430620027804,0.5,core,False,1085,2025-10-24,1
2025-11-07,1w,XGBoost,0,0.4017934501171112,0.5,core,False,1085,2025-10-24,1
2025-11-14,1w,HistoricalBaseRate,1,0.49079189686924496,0.5,benchmark,False,1086,2025-10-31,1
2025-11-14,1w,Logistic,1,0.4638225339849749,0.5,core,False,1086,2025-10-31,1
2025-11-14,1w,ElasticNet,1,0.46428492831260776,0.5,core,False,1086,2025-10-31,1
2025-11-14,1w,XGBoost,1,0.49449819326400757,0.5,core,False,1086,2025-10-31,1
2025-11-21,1w,HistoricalBaseRate,0,0.49034038638454464,0.5,benchmark,False,1087,2025-11-07,1
2025-11-21,1w,Logistic,0,0.439801822681527,0.5,core,False,1087,2025-11-07,1
2025-11-21,1w,ElasticNet,0,0.44137671127552774,0.5,core,False,1087,2025-11-07,1
2025-11-21,1w,XGBoost,0,0.5039251446723938,0.5,core,False,1087,2025-11-07,1
2025-11-28,1w,HistoricalBaseRate,0,0.49080882352941174,0.5,benchmark,False,1088,2025-11-14,1
2025-11-28,1w,Logistic,0,0.4130485822960926,0.5,core,False,1088,2025-11-14,1
2025-11-28,1w,ElasticNet,0,0.41416630016500644,0.5,core,False,1088,2025-11-14,1
2025-11-28,1w,XGBoost,0,0.4977262318134308,0.5,core,False,1088,2025-11-14,1
2025-12-05,1w,HistoricalBaseRate,0,0.4903581267217631,0.5,benchmark,False,1089,2025-11-21,1
2025-12-05,1w,Logistic,0,0.4053442616579139,0.5,core,False,1089,2025-11-21,1
2025-12-05,1w,ElasticNet,0,0.4069465310907297,0.5,core,False,1089,2025-11-21,1
2025-12-05,1w,XGBoost,0,0.41327542066574097,0.5,core,False,1089,2025-11-21,1
2025-12-12,1w,HistoricalBaseRate,0,0.48990825688073397,0.5,benchmark,False,1090,2025-11-28,1
2025-12-12,1w,Logistic,0,0.4428681904933883,0.5,core,False,1090,2025-11-28,1
2025-12-12,1w,ElasticNet,0,0.44350687794796867,0.5,core,False,1090,2025-11-28,1
2025-12-12,1w,XGBoost,0,0.4724409580230713,0.5,core,False,1090,2025-11-28,1
2025-12-19,1w,HistoricalBaseRate,0,0.4894592117323556,0.5,benchmark,False,1091,2025-12-05,1
2025-12-19,1w,Logistic,0,0.4465541897326761,0.5,core,False,1091,2025-12-05,1
2025-12-19,1w,ElasticNet,0,0.4474482650920099,0.5,core,False,1091,2025-12-05,1
2025-12-19,1w,XGBoost,0,0.4882733225822449,0.5,core,False,1091,2025-12-05,1
2025-12-26,1w,HistoricalBaseRate,1,0.489010989010989,0.5,benchmark,False,1092,2025-12-12,1
2025-12-26,1w,Logistic,1,0.4313819181883923,0.5,core,False,1092,2025-12-12,1
2025-12-26,1w,ElasticNet,1,0.43205330547827925,0.5,core,False,1092,2025-12-12,1
2025-12-26,1w,XGBoost,1,0.4904245436191559,0.5,core,False,1092,2025-12-12,1
2026-01-02,1w,HistoricalBaseRate,1,0.4885635864592864,0.5,benchmark,False,1093,2025-12-19,1
2026-01-02,1w,Logistic,1,0.43916110642591943,0.5,core,False,1093,2025-12-19,1
2026-01-02,1w,ElasticNet,1,0.4403016959165865,0.5,core,False,1093,2025-12-19,1
2026-01-02,1w,XGBoost,1,0.4681325852870941,0.5,core,False,1093,2025-12-19,1
2026-01-09,1w,HistoricalBaseRate,1,0.4890310786106033,0.5,benchmark,False,1094,2025-12-26,1
2026-01-09,1w,Logistic,1,0.4356034256121417,0.5,core,False,1094,2025-12-26,1
2026-01-09,1w,ElasticNet,1,0.4370173463649383,0.5,core,False,1094,2025-12-26,1
2026-01-09,1w,XGBoost,1,0.46422556042671204,0.5,core,False,1094,2025-12-26,1
2026-01-16,1w,HistoricalBaseRate,0,0.4894977168949772,0.5,benchmark,False,1095,2026-01-02,1
2026-01-16,1w,Logistic,0,0.47171238066852095,0.5,core,False,1095,2026-01-02,1
2026-01-16,1w,ElasticNet,0,0.4722038178094462,0.5,core,False,1095,2026-01-02,1
2026-01-16,1w,XGBoost,0,0.4441768229007721,0.5,core,False,1095,2026-01-02,1
2026-01-23,1w,HistoricalBaseRate,0,0.48996350364963503,0.5,benchmark,False,1096,2026-01-09,1
2026-01-23,1w,Logistic,0,0.4586711554184444,0.5,core,False,1096,2026-01-09,1
2026-01-23,1w,ElasticNet,0,0.4584698188062475,0.5,core,False,1096,2026-01-09,1
2026-01-23,1w,XGBoost,0,0.47365936636924744,0.5,core,False,1096,2026-01-09,1
2026-01-30,1w,HistoricalBaseRate,1,0.48951686417502277,0.5,benchmark,False,1097,2026-01-16,1
2026-01-30,1w,Logistic,1,0.4544489957384031,0.5,core,False,1097,2026-01-16,1
2026-01-30,1w,ElasticNet,1,0.4546105505376622,0.5,core,False,1097,2026-01-16,1
2026-01-30,1w,XGBoost,1,0.39587584137916565,0.5,core,False,1097,2026-01-16,1
2026-02-06,1w,HistoricalBaseRate,0,0.4890710382513661,0.5,benchmark,False,1098,2026-01-23,1
2026-02-06,1w,Logistic,0,0.42874557401612706,0.5,core,False,1098,2026-01-23,1
2026-02-06,1w,ElasticNet,0,0.4302636492893598,0.5,core,False,1098,2026-01-23,1
2026-02-06,1w,XGBoost,0,0.48372137546539307,0.5,core,False,1098,2026-01-23,1
2026-02-13,1w,HistoricalBaseRate,1,0.4895359417652411,0.5,benchmark,False,1099,2026-01-30,1
2026-02-13,1w,Logistic,1,0.48421266975355604,0.5,core,False,1099,2026-01-30,1
2026-02-13,1w,ElasticNet,1,0.4838780246326575,0.5,core,False,1099,2026-01-30,1
2026-02-13,1w,XGBoost,1,0.5943067669868469,0.5,core,False,1099,2026-01-30,1
2026-02-20,1w,HistoricalBaseRate,0,0.4890909090909091,0.5,benchmark,False,1100,2026-02-06,1
2026-02-20,1w,Logistic,0,0.45082335383420313,0.5,core,False,1100,2026-02-06,1
2026-02-20,1w,ElasticNet,0,0.45222313904499795,0.5,core,False,1100,2026-02-06,1
2026-02-20,1w,XGBoost,0,0.46539825201034546,0.5,core,False,1100,2026-02-06,1
2026-02-27,1w,HistoricalBaseRate,0,0.4895549500454133,0.5,benchmark,False,1101,2026-02-13,1
2026-02-27,1w,Logistic,0,0.4414989517926993,0.5,core,False,1101,2026-02-13,1
2026-02-27,1w,ElasticNet,0,0.44238674894984253,0.5,core,False,1101,2026-02-13,1
2026-02-27,1w,XGBoost,0,0.4619233310222626,0.5,core,False,1101,2026-02-13,1
2026-03-06,1w,HistoricalBaseRate,1,0.48911070780399274,0.5,benchmark,False,1102,2026-02-20,1
2026-03-06,1w,Logistic,1,0.4035424470073123,0.5,core,False,1102,2026-02-20,1
2026-03-06,1w,ElasticNet,1,0.4068828192337656,0.5,core,False,1102,2026-02-20,1
2026-03-06,1w,XGBoost,1,0.4933248460292816,0.5,core,False,1102,2026-02-20,1
2026-03-13,1w,HistoricalBaseRate,0,0.4886672710788758,0.5,benchmark,False,1103,2026-02-27,1
2026-03-13,1w,Logistic,0,0.406805671349057,0.5,core,False,1103,2026-02-27,1
2026-03-13,1w,ElasticNet,0,0.4092603097493783,0.5,core,False,1103,2026-02-27,1
2026-03-13,1w,XGBoost,0,0.4609094262123108,0.5,core,False,1103,2026-02-27,1
2026-03-20,1w,HistoricalBaseRate,1,0.4891304347826087,0.5,benchmark,False,1104,2026-03-06,1
2026-03-20,1w,Logistic,1,0.44157461018539756,0.5,core,False,1104,2026-03-06,1
2026-03-20,1w,ElasticNet,1,0.4422099290096806,0.5,core,False,1104,2026-03-06,1
2026-03-20,1w,XGBoost,1,0.4642612338066101,0.5,core,False,1104,2026-03-06,1
2026-03-27,1w,HistoricalBaseRate,1,0.48868778280542985,0.5,benchmark,False,1105,2026-03-13,1
2026-03-27,1w,Logistic,1,0.4390450165147997,0.5,core,False,1105,2026-03-13,1
2026-03-27,1w,ElasticNet,1,0.44057263713960804,0.5,core,False,1105,2026-03-13,1
2026-03-27,1w,XGBoost,1,0.5704161524772644,0.5,core,False,1105,2026-03-13,1
2026-04-03,1w,HistoricalBaseRate,0,0.4891500904159132,0.5,benchmark,False,1106,2026-03-20,1
2026-04-03,1w,Logistic,0,0.3780694142637403,0.5,core,False,1106,2026-03-20,1
2026-04-03,1w,ElasticNet,0,0.38063710159223657,0.5,core,False,1106,2026-03-20,1
2026-04-03,1w,XGBoost,0,0.48566746711730957,0.5,core,False,1106,2026-03-20,1
2026-04-10,1w,HistoricalBaseRate,0,0.4896115627822945,0.5,benchmark,False,1107,2026-03-27,1
2026-04-10,1w,Logistic,0,0.4743888005772953,0.5,core,False,1107,2026-03-27,1
2026-04-10,1w,ElasticNet,0,0.4731150552356162,0.5,core,False,1107,2026-03-27,1
2026-04-10,1w,XGBoost,0,0.464239239692688,0.5,core,False,1107,2026-03-27,1
2026-04-17,1w,HistoricalBaseRate,1,0.4891696750902527,0.5,benchmark,False,1108,2026-04-03,1
2026-04-17,1w,Logistic,1,0.4613031059279529,0.5,core,False,1108,2026-04-03,1
2026-04-17,1w,ElasticNet,1,0.46071655518223054,0.5,core,False,1108,2026-04-03,1
2026-04-17,1w,XGBoost,1,0.5281603336334229,0.5,core,False,1108,2026-04-03,1
2020-01-03,4w,HistoricalBaseRate,1,0.4942084942084942,0.5,benchmark,False,777,2019-11-29,4
2020-01-03,4w,Logistic,1,0.502587697714078,0.5,core,False,777,2019-11-29,4
2020-01-03,4w,ElasticNet,1,0.5020966571816942,0.5,core,False,777,2019-11-29,4
2020-01-03,4w,XGBoost,1,0.5065625309944153,0.5,core,False,777,2019-11-29,4
2020-01-10,4w,HistoricalBaseRate,1,0.493573264781491,0.5,benchmark,False,778,2019-12-06,4
2020-01-10,4w,Logistic,1,0.4875615657379312,0.5,core,False,778,2019-12-06,4
2020-01-10,4w,ElasticNet,1,0.48807216599172826,0.5,core,False,778,2019-12-06,4
2020-01-10,4w,XGBoost,1,0.534564733505249,0.5,core,False,778,2019-12-06,4
2020-01-17,4w,HistoricalBaseRate,1,0.49293966623876767,0.5,benchmark,False,779,2019-12-13,4
2020-01-17,4w,Logistic,1,0.5039733308717708,0.5,core,False,779,2019-12-13,4
2020-01-17,4w,ElasticNet,1,0.5034670715814858,0.5,core,False,779,2019-12-13,4
2020-01-17,4w,XGBoost,1,0.40626317262649536,0.5,core,False,779,2019-12-13,4
2020-01-24,4w,HistoricalBaseRate,1,0.49230769230769234,0.5,benchmark,False,780,2019-12-20,4
2020-01-24,4w,Logistic,1,0.5150712157376873,0.5,core,False,780,2019-12-20,4
2020-01-24,4w,ElasticNet,1,0.5134061585034216,0.5,core,False,780,2019-12-20,4
2020-01-24,4w,XGBoost,1,0.5263015031814575,0.5,core,False,780,2019-12-20,4
2020-01-31,4w,HistoricalBaseRate,1,0.49295774647887325,0.5,benchmark,False,781,2019-12-27,4
2020-01-31,4w,Logistic,1,0.4936249193578409,0.5,core,False,781,2019-12-27,4
2020-01-31,4w,ElasticNet,1,0.49306472577377164,0.5,core,False,781,2019-12-27,4
2020-01-31,4w,XGBoost,1,0.4482637047767639,0.5,core,False,781,2019-12-27,4
2020-02-07,4w,HistoricalBaseRate,1,0.4936061381074169,0.5,benchmark,False,782,2020-01-03,4
2020-02-07,4w,Logistic,1,0.4791740696931657,0.5,core,False,782,2020-01-03,4
2020-02-07,4w,ElasticNet,1,0.4804537883402846,0.5,core,False,782,2020-01-03,4
2020-02-07,4w,XGBoost,1,0.49429550766944885,0.5,core,False,782,2020-01-03,4
2020-02-14,4w,HistoricalBaseRate,1,0.4942528735632184,0.5,benchmark,False,783,2020-01-10,4
2020-02-14,4w,Logistic,1,0.4834031498587557,0.5,core,False,783,2020-01-10,4
2020-02-14,4w,ElasticNet,1,0.48419257414416955,0.5,core,False,783,2020-01-10,4
2020-02-14,4w,XGBoost,1,0.5474703907966614,0.5,core,False,783,2020-01-10,4
2020-02-21,4w,HistoricalBaseRate,1,0.49489795918367346,0.5,benchmark,False,784,2020-01-17,4
2020-02-21,4w,Logistic,1,0.4866511603150642,0.5,core,False,784,2020-01-17,4
2020-02-21,4w,ElasticNet,1,0.4869766519897766,0.5,core,False,784,2020-01-17,4
2020-02-21,4w,XGBoost,1,0.5277847647666931,0.5,core,False,784,2020-01-17,4
2020-02-28,4w,HistoricalBaseRate,1,0.49554140127388535,0.5,benchmark,False,785,2020-01-24,4
2020-02-28,4w,Logistic,1,0.5382159798916094,0.5,core,False,785,2020-01-24,4
2020-02-28,4w,ElasticNet,1,0.5330843395534557,0.5,core,False,785,2020-01-24,4
2020-02-28,4w,XGBoost,1,0.5364435315132141,0.5,core,False,785,2020-01-24,4
2020-03-06,4w,HistoricalBaseRate,1,0.4961832061068702,0.5,benchmark,False,786,2020-01-31,4
2020-03-06,4w,Logistic,1,0.5612434678036786,0.5,core,False,786,2020-01-31,4
2020-03-06,4w,ElasticNet,1,0.5571905303790411,0.5,core,False,786,2020-01-31,4
2020-03-06,4w,XGBoost,1,0.5929518938064575,0.5,core,False,786,2020-01-31,4
2020-03-13,4w,HistoricalBaseRate,0,0.49682337992376113,0.5,benchmark,False,787,2020-02-07,4
2020-03-13,4w,Logistic,0,0.5755121663602593,0.5,core,False,787,2020-02-07,4
2020-03-13,4w,ElasticNet,0,0.5712636478607326,0.5,core,False,787,2020-02-07,4
2020-03-13,4w,XGBoost,0,0.4842432737350464,0.5,core,False,787,2020-02-07,4
2020-03-20,4w,HistoricalBaseRate,0,0.49746192893401014,0.5,benchmark,False,788,2020-02-14,4
2020-03-20,4w,Logistic,0,0.5447895169305654,0.5,core,False,788,2020-02-14,4
2020-03-20,4w,ElasticNet,0,0.5433343988303561,0.5,core,False,788,2020-02-14,4
2020-03-20,4w,XGBoost,0,0.43065521121025085,0.5,core,False,788,2020-02-14,4
2020-03-27,4w,HistoricalBaseRate,1,0.49809885931558934,0.5,benchmark,False,789,2020-02-21,4
2020-03-27,4w,Logistic,1,0.6076947931308071,0.5,core,False,789,2020-02-21,4
2020-03-27,4w,ElasticNet,1,0.6004856905563537,0.5,core,False,789,2020-02-21,4
2020-03-27,4w,XGBoost,1,0.514826238155365,0.5,core,False,789,2020-02-21,4
2020-04-03,4w,HistoricalBaseRate,0,0.49873417721518987,0.5,benchmark,False,790,2020-02-28,4
2020-04-03,4w,Logistic,0,0.2732666291636871,0.5,core,False,790,2020-02-28,4
2020-04-03,4w,ElasticNet,0,0.28439072631583173,0.5,core,False,790,2020-02-28,4
2020-04-03,4w,XGBoost,0,0.4352900981903076,0.5,core,False,790,2020-02-28,4
2020-04-10,4w,HistoricalBaseRate,0,0.4993678887484197,0.5,benchmark,False,791,2020-03-06,4
2020-04-10,4w,Logistic,0,0.5850864610996774,0.5,core,False,791,2020-03-06,4
2020-04-10,4w,ElasticNet,0,0.5805718157800492,0.5,core,False,791,2020-03-06,4
2020-04-10,4w,XGBoost,0,0.5088483095169067,0.5,core,False,791,2020-03-06,4
2020-04-17,4w,HistoricalBaseRate,1,0.49873737373737376,0.5,benchmark,False,792,2020-03-13,4
2020-04-17,4w,Logistic,1,0.5321017800669168,0.5,core,False,792,2020-03-13,4
2020-04-17,4w,ElasticNet,1,0.5305271725591413,0.5,core,False,792,2020-03-13,4
2020-04-17,4w,XGBoost,1,0.5599947571754456,0.5,core,False,792,2020-03-13,4
2020-04-24,4w,HistoricalBaseRate,0,0.49810844892812106,0.5,benchmark,False,793,2020-03-20,4
2020-04-24,4w,Logistic,0,0.4975152116935005,0.5,core,False,793,2020-03-20,4
2020-04-24,4w,ElasticNet,0,0.4967584237745917,0.5,core,False,793,2020-03-20,4
2020-04-24,4w,XGBoost,0,0.5586627721786499,0.5,core,False,793,2020-03-20,4
2020-05-01,4w,HistoricalBaseRate,0,0.4987405541561713,0.5,benchmark,False,794,2020-03-27,4
2020-05-01,4w,Logistic,0,0.5009938307992114,0.5,core,False,794,2020-03-27,4
2020-05-01,4w,ElasticNet,0,0.501547892434278,0.5,core,False,794,2020-03-27,4
2020-05-01,4w,XGBoost,0,0.4714397192001343,0.5,core,False,794,2020-03-27,4
2020-05-08,4w,HistoricalBaseRate,0,0.4981132075471698,0.5,benchmark,False,795,2020-04-03,4
2020-05-08,4w,Logistic,0,0.41694045995870543,0.5,core,False,795,2020-04-03,4
2020-05-08,4w,ElasticNet,0,0.4206921330678352,0.5,core,False,795,2020-04-03,4
2020-05-08,4w,XGBoost,0,0.5013532638549805,0.5,core,False,795,2020-04-03,4
2020-05-15,4w,HistoricalBaseRate,0,0.49748743718592964,0.5,benchmark,False,796,2020-04-10,4
2020-05-15,4w,Logistic,0,0.4556213060839367,0.5,core,False,796,2020-04-10,4
2020-05-15,4w,ElasticNet,0,0.45786637826876025,0.5,core,False,796,2020-04-10,4
2020-05-15,4w,XGBoost,0,0.5160481929779053,0.5,core,False,796,2020-04-10,4
2020-05-22,4w,HistoricalBaseRate,0,0.4981179422835634,0.5,benchmark,False,797,2020-04-17,4
2020-05-22,4w,Logistic,0,0.48411648472263347,0.5,core,False,797,2020-04-17,4
2020-05-22,4w,ElasticNet,0,0.48466288320510026,0.5,core,False,797,2020-04-17,4
2020-05-22,4w,XGBoost,0,0.4506891667842865,0.5,core,False,797,2020-04-17,4
2020-05-29,4w,HistoricalBaseRate,0,0.4974937343358396,0.5,benchmark,False,798,2020-04-24,4
2020-05-29,4w,Logistic,0,0.5143976272715206,0.5,core,False,798,2020-04-24,4
2020-05-29,4w,ElasticNet,0,0.5135893633348642,0.5,core,False,798,2020-04-24,4
2020-05-29,4w,XGBoost,0,0.46543678641319275,0.5,core,False,798,2020-04-24,4
2020-06-05,4w,HistoricalBaseRate,1,0.49687108886107634,0.5,benchmark,False,799,2020-05-01,4
2020-06-05,4w,Logistic,1,0.5034279581462762,0.5,core,False,799,2020-05-01,4
2020-06-05,4w,ElasticNet,1,0.503040255501031,0.5,core,False,799,2020-05-01,4
2020-06-05,4w,XGBoost,1,0.4505724310874939,0.5,core,False,799,2020-05-01,4
2020-06-12,4w,HistoricalBaseRate,1,0.49625,0.5,benchmark,False,800,2020-05-08,4
2020-06-12,4w,Logistic,1,0.5443477027783377,0.5,core,False,800,2020-05-08,4
2020-06-12,4w,ElasticNet,1,0.5420574899953265,0.5,core,False,800,2020-05-08,4
2020-06-12,4w,XGBoost,1,0.580859363079071,0.5,core,False,800,2020-05-08,4
2020-06-19,4w,HistoricalBaseRate,0,0.49563046192259674,0.5,benchmark,False,801,2020-05-15,4
2020-06-19,4w,Logistic,0,0.45199314125920637,0.5,core,False,801,2020-05-15,4
2020-06-19,4w,ElasticNet,0,0.45336546950763074,0.5,core,False,801,2020-05-15,4
2020-06-19,4w,XGBoost,0,0.46556398272514343,0.5,core,False,801,2020-05-15,4
2020-06-26,4w,HistoricalBaseRate,0,0.49501246882793015,0.5,benchmark,False,802,2020-05-22,4
2020-06-26,4w,Logistic,0,0.5004516801589266,0.5,core,False,802,2020-05-22,4
2020-06-26,4w,ElasticNet,0,0.5004773797932182,0.5,core,False,802,2020-05-22,4
2020-06-26,4w,XGBoost,0,0.5250294804573059,0.5,core,False,802,2020-05-22,4
2020-07-03,4w,HistoricalBaseRate,0,0.4943960149439601,0.5,benchmark,False,803,2020-05-29,4
2020-07-03,4w,Logistic,0,0.4640347452273933,0.5,core,False,803,2020-05-29,4
2020-07-03,4w,ElasticNet,0,0.4654652585608023,0.5,core,False,803,2020-05-29,4
2020-07-03,4w,XGBoost,0,0.4773375988006592,0.5,core,False,803,2020-05-29,4
2020-07-10,4w,HistoricalBaseRate,0,0.49502487562189057,0.5,benchmark,False,804,2020-06-05,4
2020-07-10,4w,Logistic,0,0.5093273974593919,0.5,core,False,804,2020-06-05,4
2020-07-10,4w,ElasticNet,0,0.5087847593193603,0.5,core,False,804,2020-06-05,4
2020-07-10,4w,XGBoost,0,0.45502471923828125,0.5,core,False,804,2020-06-05,4
2020-07-17,4w,HistoricalBaseRate,0,0.4956521739130435,0.5,benchmark,False,805,2020-06-12,4
2020-07-17,4w,Logistic,0,0.4984220849471219,0.5,core,False,805,2020-06-12,4
2020-07-17,4w,ElasticNet,0,0.49827470317395606,0.5,core,False,805,2020-06-12,4
2020-07-17,4w,XGBoost,0,0.5103681683540344,0.5,core,False,805,2020-06-12,4
2020-07-24,4w,HistoricalBaseRate,0,0.49503722084367247,0.5,benchmark,False,806,2020-06-19,4
2020-07-24,4w,Logistic,0,0.5220274826204684,0.5,core,False,806,2020-06-19,4
2020-07-24,4w,ElasticNet,0,0.5206176187105355,0.5,core,False,806,2020-06-19,4
2020-07-24,4w,XGBoost,0,0.48633885383605957,0.5,core,False,806,2020-06-19,4
2020-07-31,4w,HistoricalBaseRate,0,0.4944237918215613,0.5,benchmark,False,807,2020-06-26,4
2020-07-31,4w,Logistic,0,0.5132597541257383,0.5,core,False,807,2020-06-26,4
2020-07-31,4w,ElasticNet,0,0.5129465570452283,0.5,core,False,807,2020-06-26,4
2020-07-31,4w,XGBoost,0,0.47400298714637756,0.5,core,False,807,2020-06-26,4
2020-08-07,4w,HistoricalBaseRate,0,0.4938118811881188,0.5,benchmark,False,808,2020-07-03,4
2020-08-07,4w,Logistic,0,0.47414307374676506,0.5,core,False,808,2020-07-03,4
2020-08-07,4w,ElasticNet,0,0.47456323426302727,0.5,core,False,808,2020-07-03,4
2020-08-07,4w,XGBoost,0,0.5097020268440247,0.5,core,False,808,2020-07-03,4
2020-08-14,4w,HistoricalBaseRate,0,0.4932014833127318,0.5,benchmark,False,809,2020-07-10,4
2020-08-14,4w,Logistic,0,0.48721658815210783,0.5,core,False,809,2020-07-10,4
2020-08-14,4w,ElasticNet,0,0.4873309273704035,0.5,core,False,809,2020-07-10,4
2020-08-14,4w,XGBoost,0,0.5243110656738281,0.5,core,False,809,2020-07-10,4
2020-08-21,4w,HistoricalBaseRate,0,0.4925925925925926,0.5,benchmark,False,810,2020-07-17,4
2020-08-21,4w,Logistic,0,0.4790899248309126,0.5,core,False,810,2020-07-17,4
2020-08-21,4w,ElasticNet,0,0.4796069395586202,0.5,core,False,810,2020-07-17,4
2020-08-21,4w,XGBoost,0,0.500596821308136,0.5,core,False,810,2020-07-17,4
2020-08-28,4w,HistoricalBaseRate,1,0.4919852034525277,0.5,benchmark,False,811,2020-07-24,4
2020-08-28,4w,Logistic,1,0.5188403677001591,0.5,core,False,811,2020-07-24,4
2020-08-28,4w,ElasticNet,1,0.5175714340357608,0.5,core,False,811,2020-07-24,4
2020-08-28,4w,XGBoost,1,0.46908038854599,0.5,core,False,811,2020-07-24,4
2020-09-04,4w,HistoricalBaseRate,1,0.49137931034482757,0.5,benchmark,False,812,2020-07-31,4
2020-09-04,4w,Logistic,1,0.5289849904369303,0.5,core,False,812,2020-07-31,4
2020-09-04,4w,ElasticNet,1,0.5276956338500147,0.5,core,False,812,2020-07-31,4
2020-09-04,4w,XGBoost,1,0.5587233901023865,0.5,core,False,812,2020-07-31,4
2020-09-11,4w,HistoricalBaseRate,0,0.4907749077490775,0.5,benchmark,False,813,2020-08-07,4
2020-09-11,4w,Logistic,0,0.4817852231909679,0.5,core,False,813,2020-08-07,4
2020-09-11,4w,ElasticNet,0,0.48251427196886065,0.5,core,False,813,2020-08-07,4
2020-09-11,4w,XGBoost,0,0.5168912410736084,0.5,core,False,813,2020-08-07,4
2020-09-18,4w,HistoricalBaseRate,1,0.49017199017199015,0.5,benchmark,False,814,2020-08-14,4
2020-09-18,4w,Logistic,1,0.4629818375203744,0.5,core,False,814,2020-08-14,4
2020-09-18,4w,ElasticNet,1,0.46351284346348104,0.5,core,False,814,2020-08-14,4
2020-09-18,4w,XGBoost,1,0.4649580717086792,0.5,core,False,814,2020-08-14,4
2020-09-25,4w,HistoricalBaseRate,0,0.48957055214723927,0.5,benchmark,False,815,2020-08-21,4
2020-09-25,4w,Logistic,0,0.44115540407385606,0.5,core,False,815,2020-08-21,4
2020-09-25,4w,ElasticNet,0,0.4434447963721318,0.5,core,False,815,2020-08-21,4
2020-09-25,4w,XGBoost,0,0.4044059216976166,0.5,core,False,815,2020-08-21,4
2020-10-02,4w,HistoricalBaseRate,1,0.49019607843137253,0.5,benchmark,False,816,2020-08-28,4
2020-10-02,4w,Logistic,1,0.5516547404510079,0.5,core,False,816,2020-08-28,4
2020-10-02,4w,ElasticNet,1,0.5493566560733464,0.5,core,False,816,2020-08-28,4
2020-10-02,4w,XGBoost,1,0.5001682043075562,0.5,core,False,816,2020-08-28,4
2020-10-09,4w,HistoricalBaseRate,0,0.4908200734394125,0.5,benchmark,False,817,2020-09-04,4
2020-10-09,4w,Logistic,0,0.4657745733577636,0.5,core,False,817,2020-09-04,4
2020-10-09,4w,ElasticNet,0,0.46594315736765773,0.5,core,False,817,2020-09-04,4
2020-10-09,4w,XGBoost,0,0.43875786662101746,0.5,core,False,817,2020-09-04,4
2020-10-16,4w,HistoricalBaseRate,0,0.4902200488997555,0.5,benchmark,False,818,2020-09-11,4
2020-10-16,4w,Logistic,0,0.47409445884205825,0.5,core,False,818,2020-09-11,4
2020-10-16,4w,ElasticNet,0,0.474864558374216,0.5,core,False,818,2020-09-11,4
2020-10-16,4w,XGBoost,0,0.5250220894813538,0.5,core,False,818,2020-09-11,4
2020-10-23,4w,HistoricalBaseRate,0,0.4908424908424908,0.5,benchmark,False,819,2020-09-18,4
2020-10-23,4w,Logistic,0,0.5114136256591681,0.5,core,False,819,2020-09-18,4
2020-10-23,4w,ElasticNet,0,0.5105953018824941,0.5,core,False,819,2020-09-18,4
2020-10-23,4w,XGBoost,0,0.499002069234848,0.5,core,False,819,2020-09-18,4
2020-10-30,4w,HistoricalBaseRate,0,0.4902439024390244,0.5,benchmark,False,820,2020-09-25,4
2020-10-30,4w,Logistic,0,0.5451358937197882,0.5,core,False,820,2020-09-25,4
2020-10-30,4w,ElasticNet,0,0.5436368038829301,0.5,core,False,820,2020-09-25,4
2020-10-30,4w,XGBoost,0,0.5723462700843811,0.5,core,False,820,2020-09-25,4
2020-11-06,4w,HistoricalBaseRate,0,0.49086479902557856,0.5,benchmark,False,821,2020-10-02,4
2020-11-06,4w,Logistic,0,0.46115529909783454,0.5,core,False,821,2020-10-02,4
2020-11-06,4w,ElasticNet,0,0.4620797810742815,0.5,core,False,821,2020-10-02,4
2020-11-06,4w,XGBoost,0,0.47125527262687683,0.5,core,False,821,2020-10-02,4
2020-11-13,4w,HistoricalBaseRate,0,0.4902676399026764,0.5,benchmark,False,822,2020-10-09,4
2020-11-13,4w,Logistic,0,0.44061732895682115,0.5,core,False,822,2020-10-09,4
2020-11-13,4w,ElasticNet,0,0.4420923909714369,0.5,core,False,822,2020-10-09,4
2020-11-13,4w,XGBoost,0,0.5029551982879639,0.5,core,False,822,2020-10-09,4
2020-11-20,4w,HistoricalBaseRate,0,0.4896719319562576,0.5,benchmark,False,823,2020-10-16,4
2020-11-20,4w,Logistic,0,0.4912591805523341,0.5,core,False,823,2020-10-16,4
2020-11-20,4w,ElasticNet,0,0.4909355187102489,0.5,core,False,823,2020-10-16,4
2020-11-20,4w,XGBoost,0,0.4892948567867279,0.5,core,False,823,2020-10-16,4
2020-11-27,4w,HistoricalBaseRate,0,0.4890776699029126,0.5,benchmark,False,824,2020-10-23,4
2020-11-27,4w,Logistic,0,0.45584539097424026,0.5,core,False,824,2020-10-23,4
2020-11-27,4w,ElasticNet,0,0.4567122475009195,0.5,core,False,824,2020-10-23,4
2020-11-27,4w,XGBoost,0,0.44999727606773376,0.5,core,False,824,2020-10-23,4
2020-12-04,4w,HistoricalBaseRate,0,0.48848484848484847,0.5,benchmark,False,825,2020-10-30,4
2020-12-04,4w,Logistic,0,0.5005492823792871,0.5,core,False,825,2020-10-30,4
2020-12-04,4w,ElasticNet,0,0.5001288313310251,0.5,core,False,825,2020-10-30,4
2020-12-04,4w,XGBoost,0,0.47785255312919617,0.5,core,False,825,2020-10-30,4
2020-12-11,4w,HistoricalBaseRate,0,0.48789346246973364,0.5,benchmark,False,826,2020-11-06,4
2020-12-11,4w,Logistic,0,0.4932132801587824,0.5,core,False,826,2020-11-06,4
2020-12-11,4w,ElasticNet,0,0.49299175730478056,0.5,core,False,826,2020-11-06,4
2020-12-11,4w,XGBoost,0,0.5062485933303833,0.5,core,False,826,2020-11-06,4
2020-12-18,4w,HistoricalBaseRate,0,0.4873035066505441,0.5,benchmark,False,827,2020-11-13,4
2020-12-18,4w,Logistic,0,0.485822570237978,0.5,core,False,827,2020-11-13,4
2020-12-18,4w,ElasticNet,0,0.48566233856438845,0.5,core,False,827,2020-11-13,4
2020-12-18,4w,XGBoost,0,0.47460073232650757,0.5,core,False,827,2020-11-13,4
2020-12-25,4w,HistoricalBaseRate,0,0.4867149758454106,0.5,benchmark,False,828,2020-11-20,4
2020-12-25,4w,Logistic,0,0.4907776145690468,0.5,core,False,828,2020-11-20,4
2020-12-25,4w,ElasticNet,0,0.4903566619000784,0.5,core,False,828,2020-11-20,4
2020-12-25,4w,XGBoost,0,0.48025256395339966,0.5,core,False,828,2020-11-20,4
2021-01-01,4w,HistoricalBaseRate,1,0.48612786489746684,0.5,benchmark,False,829,2020-11-27,4
2021-01-01,4w,Logistic,1,0.5038529355713754,0.5,core,False,829,2020-11-27,4
2021-01-01,4w,ElasticNet,1,0.503097815500312,0.5,core,False,829,2020-11-27,4
2021-01-01,4w,XGBoost,1,0.4688701331615448,0.5,core,False,829,2020-11-27,4
2021-01-08,4w,HistoricalBaseRate,1,0.4855421686746988,0.5,benchmark,False,830,2020-12-04,4
2021-01-08,4w,Logistic,1,0.45538621849064187,0.5,core,False,830,2020-12-04,4
2021-01-08,4w,ElasticNet,1,0.45601477924624867,0.5,core,False,830,2020-12-04,4
2021-01-08,4w,XGBoost,1,0.4424642026424408,0.5,core,False,830,2020-12-04,4
2021-01-15,4w,HistoricalBaseRate,0,0.48495788206979545,0.5,benchmark,False,831,2020-12-11,4
2021-01-15,4w,Logistic,0,0.4770552799921308,0.5,core,False,831,2020-12-11,4
2021-01-15,4w,ElasticNet,0,0.4772173723915781,0.5,core,False,831,2020-12-11,4
2021-01-15,4w,XGBoost,0,0.4801684021949768,0.5,core,False,831,2020-12-11,4
2021-01-22,4w,HistoricalBaseRate,0,0.484375,0.5,benchmark,False,832,2020-12-18,4
2021-01-22,4w,Logistic,0,0.4751022655376742,0.5,core,False,832,2020-12-18,4
2021-01-22,4w,ElasticNet,0,0.47538554605985184,0.5,core,False,832,2020-12-18,4
2021-01-22,4w,XGBoost,0,0.4096227288246155,0.5,core,False,832,2020-12-18,4
2021-01-29,4w,HistoricalBaseRate,0,0.4837935174069628,0.5,benchmark,False,833,2020-12-25,4
2021-01-29,4w,Logistic,0,0.5286343493058309,0.5,core,False,833,2020-12-25,4
2021-01-29,4w,ElasticNet,0,0.5268409685625349,0.5,core,False,833,2020-12-25,4
2021-01-29,4w,XGBoost,0,0.4679853916168213,0.5,core,False,833,2020-12-25,4
2021-02-05,4w,HistoricalBaseRate,0,0.4844124700239808,0.5,benchmark,False,834,2021-01-01,4
2021-02-05,4w,Logistic,0,0.37459543932360756,0.5,core,False,834,2021-01-01,4
2021-02-05,4w,ElasticNet,0,0.3782368339983762,0.5,core,False,834,2021-01-01,4
2021-02-05,4w,XGBoost,0,0.38206496834754944,0.5,core,False,834,2021-01-01,4
2021-02-12,4w,HistoricalBaseRate,0,0.48502994011976047,0.5,benchmark,False,835,2021-01-08,4
2021-02-12,4w,Logistic,0,0.4764675117890996,0.5,core,False,835,2021-01-08,4
2021-02-12,4w,ElasticNet,0,0.4765183971926918,0.5,core,False,835,2021-01-08,4
2021-02-12,4w,XGBoost,0,0.46896013617515564,0.5,core,False,835,2021-01-08,4
2021-02-19,4w,HistoricalBaseRate,0,0.48444976076555024,0.5,benchmark,False,836,2021-01-15,4
2021-02-19,4w,Logistic,0,0.4989650196910472,0.5,core,False,836,2021-01-15,4
2021-02-19,4w,ElasticNet,0,0.4985614774354307,0.5,core,False,836,2021-01-15,4
2021-02-19,4w,XGBoost,0,0.44321030378341675,0.5,core,False,836,2021-01-15,4
2021-02-26,4w,HistoricalBaseRate,0,0.4838709677419355,0.5,benchmark,False,837,2021-01-22,4
2021-02-26,4w,Logistic,0,0.46551919292331895,0.5,core,False,837,2021-01-22,4
2021-02-26,4w,ElasticNet,0,0.46633270284561107,0.5,core,False,837,2021-01-22,4
2021-02-26,4w,XGBoost,0,0.453206330537796,0.5,core,False,837,2021-01-22,4
2021-03-05,4w,HistoricalBaseRate,0,0.48329355608591884,0.5,benchmark,False,838,2021-01-29,4
2021-03-05,4w,Logistic,0,0.4224744356854737,0.5,core,False,838,2021-01-29,4
2021-03-05,4w,ElasticNet,0,0.42421999462942545,0.5,core,False,838,2021-01-29,4
2021-03-05,4w,XGBoost,0,0.3827740550041199,0.5,core,False,838,2021-01-29,4
2021-03-12,4w,HistoricalBaseRate,1,0.4827175208581645,0.5,benchmark,False,839,2021-02-05,4
2021-03-12,4w,Logistic,1,0.4750847745394632,0.5,core,False,839,2021-02-05,4
2021-03-12,4w,ElasticNet,1,0.47541964517683316,0.5,core,False,839,2021-02-05,4
2021-03-12,4w,XGBoost,1,0.3737203776836395,0.5,core,False,839,2021-02-05,4
2021-03-19,4w,HistoricalBaseRate,0,0.48214285714285715,0.5,benchmark,False,840,2021-02-12,4
2021-03-19,4w,Logistic,0,0.4990615563286042,0.5,core,False,840,2021-02-12,4
2021-03-19,4w,ElasticNet,0,0.49863575501690055,0.5,core,False,840,2021-02-12,4
2021-03-19,4w,XGBoost,0,0.5065853595733643,0.5,core,False,840,2021-02-12,4
2021-03-26,4w,HistoricalBaseRate,0,0.4815695600475624,0.5,benchmark,False,841,2021-02-19,4
2021-03-26,4w,Logistic,0,0.4493776463800485,0.5,core,False,841,2021-02-19,4
2021-03-26,4w,ElasticNet,0,0.4506322082359803,0.5,core,False,841,2021-02-19,4
2021-03-26,4w,XGBoost,0,0.38289669156074524,0.5,core,False,841,2021-02-19,4
2021-04-02,4w,HistoricalBaseRate,0,0.4809976247030879,0.5,benchmark,False,842,2021-02-26,4
2021-04-02,4w,Logistic,0,0.46463063382980335,0.5,core,False,842,2021-02-26,4
2021-04-02,4w,ElasticNet,0,0.4651222562879468,0.5,core,False,842,2021-02-26,4
2021-04-02,4w,XGBoost,0,0.4828709065914154,0.5,core,False,842,2021-02-26,4
2021-04-09,4w,HistoricalBaseRate,0,0.4804270462633452,0.5,benchmark,False,843,2021-03-05,4
2021-04-09,4w,Logistic,0,0.5049946850062427,0.5,core,False,843,2021-03-05,4
2021-04-09,4w,ElasticNet,0,0.5043260411987571,0.5,core,False,843,2021-03-05,4
2021-04-09,4w,XGBoost,0,0.4624651372432709,0.5,core,False,843,2021-03-05,4
2021-04-16,4w,HistoricalBaseRate,0,0.48104265402843605,0.5,benchmark,False,844,2021-03-12,4
2021-04-16,4w,Logistic,0,0.4709638044912905,0.5,core,False,844,2021-03-12,4
2021-04-16,4w,ElasticNet,0,0.4708865575092823,0.5,core,False,844,2021-03-12,4
2021-04-16,4w,XGBoost,0,0.39307013154029846,0.5,core,False,844,2021-03-12,4
2021-04-23,4w,HistoricalBaseRate,0,0.4804733727810651,0.5,benchmark,False,845,2021-03-19,4
2021-04-23,4w,Logistic,0,0.49412009042898597,0.5,core,False,845,2021-03-19,4
2021-04-23,4w,ElasticNet,0,0.4939841565766463,0.5,core,False,845,2021-03-19,4
2021-04-23,4w,XGBoost,0,0.3969973921775818,0.5,core,False,845,2021-03-19,4
2021-04-30,4w,HistoricalBaseRate,0,0.4799054373522459,0.5,benchmark,False,846,2021-03-26,4
2021-04-30,4w,Logistic,0,0.4689918986475091,0.5,core,False,846,2021-03-26,4
2021-04-30,4w,ElasticNet,0,0.4692243099036826,0.5,core,False,846,2021-03-26,4
2021-04-30,4w,XGBoost,0,0.4711579382419586,0.5,core,False,846,2021-03-26,4
2021-05-07,4w,HistoricalBaseRate,0,0.4793388429752066,0.5,benchmark,False,847,2021-04-02,4
2021-05-07,4w,Logistic,0,0.49206156654598393,0.5,core,False,847,2021-04-02,4
2021-05-07,4w,ElasticNet,0,0.4914495564079417,0.5,core,False,847,2021-04-02,4
2021-05-07,4w,XGBoost,0,0.45665162801742554,0.5,core,False,847,2021-04-02,4
2021-05-14,4w,HistoricalBaseRate,1,0.47877358490566035,0.5,benchmark,False,848,2021-04-09,4
2021-05-14,4w,Logistic,1,0.47988290602382666,0.5,core,False,848,2021-04-09,4
2021-05-14,4w,ElasticNet,1,0.4795503407211724,0.5,core,False,848,2021-04-09,4
2021-05-14,4w,XGBoost,1,0.42702022194862366,0.5,core,False,848,2021-04-09,4
2021-05-21,4w,HistoricalBaseRate,1,0.47820965842167257,0.5,benchmark,False,849,2021-04-16,4
2021-05-21,4w,Logistic,1,0.48224172652158137,0.5,core,False,849,2021-04-16,4
2021-05-21,4w,ElasticNet,1,0.4825089738753014,0.5,core,False,849,2021-04-16,4
2021-05-21,4w,XGBoost,1,0.4016129970550537,0.5,core,False,849,2021-04-16,4
2021-05-28,4w,HistoricalBaseRate,1,0.4776470588235294,0.5,benchmark,False,850,2021-04-23,4
2021-05-28,4w,Logistic,1,0.4480032761107601,0.5,core,False,850,2021-04-23,4
2021-05-28,4w,ElasticNet,1,0.4488506813822135,0.5,core,False,850,2021-04-23,4
2021-05-28,4w,XGBoost,1,0.4361751079559326,0.5,core,False,850,2021-04-23,4
2021-06-04,4w,HistoricalBaseRate,1,0.4770857814336075,0.5,benchmark,False,851,2021-04-30,4
2021-06-04,4w,Logistic,1,0.45694017450956786,0.5,core,False,851,2021-04-30,4
2021-06-04,4w,ElasticNet,1,0.4573699390173669,0.5,core,False,851,2021-04-30,4
2021-06-04,4w,XGBoost,1,0.43367910385131836,0.5,core,False,851,2021-04-30,4
2021-06-11,4w,HistoricalBaseRate,1,0.4765258215962441,0.5,benchmark,False,852,2021-05-07,4
2021-06-11,4w,Logistic,1,0.4530851657412175,0.5,core,False,852,2021-05-07,4
2021-06-11,4w,ElasticNet,1,0.45378815701263475,0.5,core,False,852,2021-05-07,4
2021-06-11,4w,XGBoost,1,0.45384255051612854,0.5,core,False,852,2021-05-07,4
2021-06-18,4w,HistoricalBaseRate,1,0.4771395076201641,0.5,benchmark,False,853,2021-05-14,4
2021-06-18,4w,Logistic,1,0.4484577061428582,0.5,core,False,853,2021-05-14,4
2021-06-18,4w,ElasticNet,1,0.4492317410273917,0.5,core,False,853,2021-05-14,4
2021-06-18,4w,XGBoost,1,0.36020851135253906,0.5,core,False,853,2021-05-14,4
2021-06-25,4w,HistoricalBaseRate,1,0.477751756440281,0.5,benchmark,False,854,2021-05-21,4
2021-06-25,4w,Logistic,1,0.4598616624419345,0.5,core,False,854,2021-05-21,4
2021-06-25,4w,ElasticNet,1,0.4602543692913643,0.5,core,False,854,2021-05-21,4
2021-06-25,4w,XGBoost,1,0.42946791648864746,0.5,core,False,854,2021-05-21,4
2021-07-02,4w,HistoricalBaseRate,1,0.4783625730994152,0.5,benchmark,False,855,2021-05-28,4
2021-07-02,4w,Logistic,1,0.4491620936137167,0.5,core,False,855,2021-05-28,4
2021-07-02,4w,ElasticNet,1,0.4501673627609384,0.5,core,False,855,2021-05-28,4
2021-07-02,4w,XGBoost,1,0.4589148759841919,0.5,core,False,855,2021-05-28,4
2021-07-09,4w,HistoricalBaseRate,1,0.47897196261682246,0.5,benchmark,False,856,2021-06-04,4
2021-07-09,4w,Logistic,1,0.4859975692901282,0.5,core,False,856,2021-06-04,4
2021-07-09,4w,ElasticNet,1,0.4858783160108891,0.5,core,False,856,2021-06-04,4
2021-07-09,4w,XGBoost,1,0.41575685143470764,0.5,core,False,856,2021-06-04,4
2021-07-16,4w,HistoricalBaseRate,0,0.4795799299883314,0.5,benchmark,False,857,2021-06-11,4
2021-07-16,4w,Logistic,0,0.48775240221412464,0.5,core,False,857,2021-06-11,4
2021-07-16,4w,ElasticNet,0,0.48792916919841567,0.5,core,False,857,2021-06-11,4
2021-07-16,4w,XGBoost,0,0.502251148223877,0.5,core,False,857,2021-06-11,4
2021-07-23,4w,HistoricalBaseRate,1,0.4801864801864802,0.5,benchmark,False,858,2021-06-18,4
2021-07-23,4w,Logistic,1,0.4657955999821487,0.5,core,False,858,2021-06-18,4
2021-07-23,4w,ElasticNet,1,0.4663321578054328,0.5,core,False,858,2021-06-18,4
2021-07-23,4w,XGBoost,1,0.506940484046936,0.5,core,False,858,2021-06-18,4
2021-07-30,4w,HistoricalBaseRate,1,0.4807916181606519,0.5,benchmark,False,859,2021-06-25,4
2021-07-30,4w,Logistic,1,0.4942109629832881,0.5,core,False,859,2021-06-25,4
2021-07-30,4w,ElasticNet,1,0.49347909736835843,0.5,core,False,859,2021-06-25,4
2021-07-30,4w,XGBoost,1,0.5065627098083496,0.5,core,False,859,2021-06-25,4
2021-08-06,4w,HistoricalBaseRate,0,0.4813953488372093,0.5,benchmark,False,860,2021-07-02,4
2021-08-06,4w,Logistic,0,0.4932140045535287,0.5,core,False,860,2021-07-02,4
2021-08-06,4w,ElasticNet,0,0.49326102420351703,0.5,core,False,860,2021-07-02,4
2021-08-06,4w,XGBoost,0,0.4838172197341919,0.5,core,False,860,2021-07-02,4
2021-08-13,4w,HistoricalBaseRate,1,0.4819976771196283,0.5,benchmark,False,861,2021-07-09,4
2021-08-13,4w,Logistic,1,0.4888569875374883,0.5,core,False,861,2021-07-09,4
2021-08-13,4w,ElasticNet,1,0.4883693398196823,0.5,core,False,861,2021-07-09,4
2021-08-13,4w,XGBoost,1,0.43818196654319763,0.5,core,False,861,2021-07-09,4
2021-08-20,4w,HistoricalBaseRate,0,0.4814385150812065,0.5,benchmark,False,862,2021-07-16,4
2021-08-20,4w,Logistic,0,0.4894124352241152,0.5,core,False,862,2021-07-16,4
2021-08-20,4w,ElasticNet,0,0.4899158207581701,0.5,core,False,862,2021-07-16,4
2021-08-20,4w,XGBoost,0,0.3696233630180359,0.5,core,False,862,2021-07-16,4
2021-08-27,4w,HistoricalBaseRate,1,0.4820393974507532,0.5,benchmark,False,863,2021-07-23,4
2021-08-27,4w,Logistic,1,0.4690046785818008,0.5,core,False,863,2021-07-23,4
2021-08-27,4w,ElasticNet,1,0.46888017096872703,0.5,core,False,863,2021-07-23,4
2021-08-27,4w,XGBoost,1,0.4568711817264557,0.5,core,False,863,2021-07-23,4
2021-09-03,4w,HistoricalBaseRate,1,0.4826388888888889,0.5,benchmark,False,864,2021-07-30,4
2021-09-03,4w,Logistic,1,0.5022168105405536,0.5,core,False,864,2021-07-30,4
2021-09-03,4w,ElasticNet,1,0.5012087775703582,0.5,core,False,864,2021-07-30,4
2021-09-03,4w,XGBoost,1,0.4762077331542969,0.5,core,False,864,2021-07-30,4
2021-09-10,4w,HistoricalBaseRate,0,0.4820809248554913,0.5,benchmark,False,865,2021-08-06,4
2021-09-10,4w,Logistic,0,0.4908923660077582,0.5,core,False,865,2021-08-06,4
2021-09-10,4w,ElasticNet,0,0.4906434685546104,0.5,core,False,865,2021-08-06,4
2021-09-10,4w,XGBoost,0,0.5024499297142029,0.5,core,False,865,2021-08-06,4
2021-09-17,4w,HistoricalBaseRate,0,0.48267898383371827,0.5,benchmark,False,866,2021-08-13,4
2021-09-17,4w,Logistic,0,0.45570979297576947,0.5,core,False,866,2021-08-13,4
2021-09-17,4w,ElasticNet,0,0.456643229505125,0.5,core,False,866,2021-08-13,4
2021-09-17,4w,XGBoost,0,0.5132762789726257,0.5,core,False,866,2021-08-13,4
2021-09-24,4w,HistoricalBaseRate,0,0.48212226066897346,0.5,benchmark,False,867,2021-08-20,4
2021-09-24,4w,Logistic,0,0.45915914805847025,0.5,core,False,867,2021-08-20,4
2021-09-24,4w,ElasticNet,0,0.45989901952763906,0.5,core,False,867,2021-08-20,4
2021-09-24,4w,XGBoost,0,0.475774347782135,0.5,core,False,867,2021-08-20,4
2021-10-01,4w,HistoricalBaseRate,0,0.4827188940092166,0.5,benchmark,False,868,2021-08-27,4
2021-10-01,4w,Logistic,0,0.48111159461983855,0.5,core,False,868,2021-08-27,4
2021-10-01,4w,ElasticNet,0,0.48112058990971607,0.5,core,False,868,2021-08-27,4
2021-10-01,4w,XGBoost,0,0.5371101498603821,0.5,core,False,868,2021-08-27,4
2021-10-08,4w,HistoricalBaseRate,0,0.48331415420023016,0.5,benchmark,False,869,2021-09-03,4
2021-10-08,4w,Logistic,0,0.45330591357879096,0.5,core,False,869,2021-09-03,4
2021-10-08,4w,ElasticNet,0,0.45448706987458115,0.5,core,False,869,2021-09-03,4
2021-10-08,4w,XGBoost,0,0.5257468223571777,0.5,core,False,869,2021-09-03,4
2021-10-15,4w,HistoricalBaseRate,1,0.4827586206896552,0.5,benchmark,False,870,2021-09-10,4
2021-10-15,4w,Logistic,1,0.47084246509634303,0.5,core,False,870,2021-09-10,4
2021-10-15,4w,ElasticNet,1,0.4714110107303468,0.5,core,False,870,2021-09-10,4
2021-10-15,4w,XGBoost,1,0.5382124781608582,0.5,core,False,870,2021-09-10,4
2021-10-22,4w,HistoricalBaseRate,1,0.48220436280137774,0.5,benchmark,False,871,2021-09-17,4
2021-10-22,4w,Logistic,1,0.47613983655921255,0.5,core,False,871,2021-09-17,4
2021-10-22,4w,ElasticNet,1,0.4765947714777706,0.5,core,False,871,2021-09-17,4
2021-10-22,4w,XGBoost,1,0.5608088374137878,0.5,core,False,871,2021-09-17,4
2021-10-29,4w,HistoricalBaseRate,1,0.481651376146789,0.5,benchmark,False,872,2021-09-24,4
2021-10-29,4w,Logistic,1,0.4685790639680264,0.5,core,False,872,2021-09-24,4
2021-10-29,4w,ElasticNet,1,0.46971990964204935,0.5,core,False,872,2021-09-24,4
2021-10-29,4w,XGBoost,1,0.4959959089756012,0.5,core,False,872,2021-09-24,4
2021-11-05,4w,HistoricalBaseRate,1,0.48109965635738833,0.5,benchmark,False,873,2021-10-01,4
2021-11-05,4w,Logistic,1,0.5037982860663778,0.5,core,False,873,2021-10-01,4
2021-11-05,4w,ElasticNet,1,0.5030259054000648,0.5,core,False,873,2021-10-01,4
2021-11-05,4w,XGBoost,1,0.5960989594459534,0.5,core,False,873,2021-10-01,4
2021-11-12,4w,HistoricalBaseRate,1,0.4805491990846682,0.5,benchmark,False,874,2021-10-08,4
2021-11-12,4w,Logistic,1,0.4674283925915016,0.5,core,False,874,2021-10-08,4
2021-11-12,4w,ElasticNet,1,0.4680998611505949,0.5,core,False,874,2021-10-08,4
2021-11-12,4w,XGBoost,1,0.5183414816856384,0.5,core,False,874,2021-10-08,4
2021-11-19,4w,HistoricalBaseRate,1,0.48114285714285715,0.5,benchmark,False,875,2021-10-15,4
2021-11-19,4w,Logistic,1,0.5042651471240902,0.5,core,False,875,2021-10-15,4
2021-11-19,4w,ElasticNet,1,0.5037291458439044,0.5,core,False,875,2021-10-15,4
2021-11-19,4w,XGBoost,1,0.622425377368927,0.5,core,False,875,2021-10-15,4
2021-11-26,4w,HistoricalBaseRate,1,0.4817351598173516,0.5,benchmark,False,876,2021-10-22,4
2021-11-26,4w,Logistic,1,0.5137575107338669,0.5,core,False,876,2021-10-22,4
2021-11-26,4w,ElasticNet,1,0.512240335626979,0.5,core,False,876,2021-10-22,4
2021-11-26,4w,XGBoost,1,0.6104339957237244,0.5,core,False,876,2021-10-22,4
2021-12-03,4w,HistoricalBaseRate,0,0.4823261117445838,0.5,benchmark,False,877,2021-10-29,4
2021-12-03,4w,Logistic,0,0.5455022415116163,0.5,core,False,877,2021-10-29,4
2021-12-03,4w,ElasticNet,0,0.5439497360320686,0.5,core,False,877,2021-10-29,4
2021-12-03,4w,XGBoost,0,0.6224523782730103,0.5,core,False,877,2021-10-29,4
2021-12-10,4w,HistoricalBaseRate,0,0.48291571753986334,0.5,benchmark,False,878,2021-11-05,4
2021-12-10,4w,Logistic,0,0.43950400648718424,0.5,core,False,878,2021-11-05,4
2021-12-10,4w,ElasticNet,0,0.4407806278397173,0.5,core,False,878,2021-11-05,4
2021-12-10,4w,XGBoost,0,0.5269750356674194,0.5,core,False,878,2021-11-05,4
2021-12-17,4w,HistoricalBaseRate,0,0.48350398179749715,0.5,benchmark,False,879,2021-11-12,4
2021-12-17,4w,Logistic,0,0.4995103749083476,0.5,core,False,879,2021-11-12,4
2021-12-17,4w,ElasticNet,0,0.49912569384410793,0.5,core,False,879,2021-11-12,4
2021-12-17,4w,XGBoost,0,0.567663311958313,0.5,core,False,879,2021-11-12,4
2021-12-24,4w,HistoricalBaseRate,0,0.48409090909090907,0.5,benchmark,False,880,2021-11-19,4
2021-12-24,4w,Logistic,0,0.477527845721877,0.5,core,False,880,2021-11-19,4
2021-12-24,4w,ElasticNet,0,0.47784184569826504,0.5,core,False,880,2021-11-19,4
2021-12-24,4w,XGBoost,0,0.6006100177764893,0.5,core,False,880,2021-11-19,4
2021-12-31,4w,HistoricalBaseRate,0,0.48467650397275824,0.5,benchmark,False,881,2021-11-26,4
2021-12-31,4w,Logistic,0,0.496778933843068,0.5,core,False,881,2021-11-26,4
2021-12-31,4w,ElasticNet,0,0.4960257961491471,0.5,core,False,881,2021-11-26,4
2021-12-31,4w,XGBoost,0,0.619419515132904,0.5,core,False,881,2021-11-26,4
2022-01-07,4w,HistoricalBaseRate,1,0.48412698412698413,0.5,benchmark,False,882,2021-12-03,4
2022-01-07,4w,Logistic,1,0.46953500567480805,0.5,core,False,882,2021-12-03,4
2022-01-07,4w,ElasticNet,1,0.4704965151245054,0.5,core,False,882,2021-12-03,4
2022-01-07,4w,XGBoost,1,0.5545080900192261,0.5,core,False,882,2021-12-03,4
2022-01-14,4w,HistoricalBaseRate,1,0.48357870894677235,0.5,benchmark,False,883,2021-12-10,4
2022-01-14,4w,Logistic,1,0.4943056340837497,0.5,core,False,883,2021-12-10,4
2022-01-14,4w,ElasticNet,1,0.49396408779349826,0.5,core,False,883,2021-12-10,4
2022-01-14,4w,XGBoost,1,0.5548809170722961,0.5,core,False,883,2021-12-10,4
2022-01-21,4w,HistoricalBaseRate,1,0.4830316742081448,0.5,benchmark,False,884,2021-12-17,4
2022-01-21,4w,Logistic,1,0.5279440097352781,0.5,core,False,884,2021-12-17,4
2022-01-21,4w,ElasticNet,1,0.5265825737569358,0.5,core,False,884,2021-12-17,4
2022-01-21,4w,XGBoost,1,0.6115908622741699,0.5,core,False,884,2021-12-17,4
2022-01-28,4w,HistoricalBaseRate,0,0.4824858757062147,0.5,benchmark,False,885,2021-12-24,4
2022-01-28,4w,Logistic,0,0.4583514948845862,0.5,core,False,885,2021-12-24,4
2022-01-28,4w,ElasticNet,0,0.45814056135809034,0.5,core,False,885,2021-12-24,4
2022-01-28,4w,XGBoost,0,0.4665314555168152,0.5,core,False,885,2021-12-24,4
2022-02-04,4w,HistoricalBaseRate,1,0.481941309255079,0.5,benchmark,False,886,2021-12-31,4
2022-02-04,4w,Logistic,1,0.47390600261200505,0.5,core,False,886,2021-12-31,4
2022-02-04,4w,ElasticNet,1,0.47389447661235407,0.5,core,False,886,2021-12-31,4
2022-02-04,4w,XGBoost,1,0.469747930765152,0.5,core,False,886,2021-12-31,4
2022-02-11,4w,HistoricalBaseRate,1,0.48252536640360766,0.5,benchmark,False,887,2022-01-07,4
2022-02-11,4w,Logistic,1,0.5155468835990801,0.5,core,False,887,2022-01-07,4
2022-02-11,4w,ElasticNet,1,0.5138550288622699,0.5,core,False,887,2022-01-07,4
2022-02-11,4w,XGBoost,1,0.5009468793869019,0.5,core,False,887,2022-01-07,4
2022-02-18,4w,HistoricalBaseRate,0,0.4831081081081081,0.5,benchmark,False,888,2022-01-14,4
2022-02-18,4w,Logistic,0,0.47210830132797593,0.5,core,False,888,2022-01-14,4
2022-02-18,4w,ElasticNet,0,0.47309444938845485,0.5,core,False,888,2022-01-14,4
2022-02-18,4w,XGBoost,0,0.42342081665992737,0.5,core,False,888,2022-01-14,4
2022-02-25,4w,HistoricalBaseRate,0,0.48368953880764903,0.5,benchmark,False,889,2022-01-21,4
2022-02-25,4w,Logistic,0,0.48672965640560173,0.5,core,False,889,2022-01-21,4
2022-02-25,4w,ElasticNet,0,0.4862200044735043,0.5,core,False,889,2022-01-21,4
2022-02-25,4w,XGBoost,0,0.4590308964252472,0.5,core,False,889,2022-01-21,4
2022-03-04,4w,HistoricalBaseRate,0,0.48314606741573035,0.5,benchmark,False,890,2022-01-28,4
2022-03-04,4w,Logistic,0,0.42745086652635483,0.5,core,False,890,2022-01-28,4
2022-03-04,4w,ElasticNet,0,0.4297416218678268,0.5,core,False,890,2022-01-28,4
2022-03-04,4w,XGBoost,0,0.41849371790885925,0.5,core,False,890,2022-01-28,4
2022-03-11,4w,HistoricalBaseRate,0,0.4837261503928171,0.5,benchmark,False,891,2022-02-04,4
2022-03-11,4w,Logistic,0,0.47959346245993867,0.5,core,False,891,2022-02-04,4
2022-03-11,4w,ElasticNet,0,0.4797384558738457,0.5,core,False,891,2022-02-04,4
2022-03-11,4w,XGBoost,0,0.4966212213039398,0.5,core,False,891,2022-02-04,4
2022-03-18,4w,HistoricalBaseRate,0,0.484304932735426,0.5,benchmark,False,892,2022-02-11,4
2022-03-18,4w,Logistic,0,0.46815923267769977,0.5,core,False,892,2022-02-11,4
2022-03-18,4w,ElasticNet,0,0.46873209592672094,0.5,core,False,892,2022-02-11,4
2022-03-18,4w,XGBoost,0,0.5033401250839233,0.5,core,False,892,2022-02-11,4
2022-03-25,4w,HistoricalBaseRate,1,0.48376259798432253,0.5,benchmark,False,893,2022-02-18,4
2022-03-25,4w,Logistic,1,0.4532956985213809,0.5,core,False,893,2022-02-18,4
2022-03-25,4w,ElasticNet,1,0.4534944318313441,0.5,core,False,893,2022-02-18,4
2022-03-25,4w,XGBoost,1,0.3982943594455719,0.5,core,False,893,2022-02-18,4
2022-04-01,4w,HistoricalBaseRate,1,0.48322147651006714,0.5,benchmark,False,894,2022-02-25,4
2022-04-01,4w,Logistic,1,0.5157265723033279,0.5,core,False,894,2022-02-25,4
2022-04-01,4w,ElasticNet,1,0.5143448098288868,0.5,core,False,894,2022-02-25,4
2022-04-01,4w,XGBoost,1,0.48878246545791626,0.5,core,False,894,2022-02-25,4
2022-04-08,4w,HistoricalBaseRate,1,0.48268156424581005,0.5,benchmark,False,895,2022-03-04,4
2022-04-08,4w,Logistic,1,0.46445556467162097,0.5,core,False,895,2022-03-04,4
2022-04-08,4w,ElasticNet,1,0.46586336229918646,0.5,core,False,895,2022-03-04,4
2022-04-08,4w,XGBoost,1,0.42800405621528625,0.5,core,False,895,2022-03-04,4
2022-04-15,4w,HistoricalBaseRate,1,0.48214285714285715,0.5,benchmark,False,896,2022-03-11,4
2022-04-15,4w,Logistic,1,0.4570424821192711,0.5,core,False,896,2022-03-11,4
2022-04-15,4w,ElasticNet,1,0.45717729642211286,0.5,core,False,896,2022-03-11,4
2022-04-15,4w,XGBoost,1,0.42137420177459717,0.5,core,False,896,2022-03-11,4
2022-04-22,4w,HistoricalBaseRate,1,0.4816053511705686,0.5,benchmark,False,897,2022-03-18,4
2022-04-22,4w,Logistic,1,0.4802626079361842,0.5,core,False,897,2022-03-18,4
2022-04-22,4w,ElasticNet,1,0.48151654730389154,0.5,core,False,897,2022-03-18,4
2022-04-22,4w,XGBoost,1,0.534864604473114,0.5,core,False,897,2022-03-18,4
2022-04-29,4w,HistoricalBaseRate,0,0.4821826280623608,0.5,benchmark,False,898,2022-03-25,4
2022-04-29,4w,Logistic,0,0.46249918580982646,0.5,core,False,898,2022-03-25,4
2022-04-29,4w,ElasticNet,0,0.46352223111318247,0.5,core,False,898,2022-03-25,4
2022-04-29,4w,XGBoost,0,0.464425265789032,0.5,core,False,898,2022-03-25,4
2022-05-06,4w,HistoricalBaseRate,0,0.4827586206896552,0.5,benchmark,False,899,2022-04-01,4
2022-05-06,4w,Logistic,0,0.4360430614543285,0.5,core,False,899,2022-04-01,4
2022-05-06,4w,ElasticNet,0,0.4373053664901098,0.5,core,False,899,2022-04-01,4
2022-05-06,4w,XGBoost,0,0.5238015055656433,0.5,core,False,899,2022-04-01,4
2022-05-13,4w,HistoricalBaseRate,0,0.48333333333333334,0.5,benchmark,False,900,2022-04-08,4
2022-05-13,4w,Logistic,0,0.43447526990223784,0.5,core,False,900,2022-04-08,4
2022-05-13,4w,ElasticNet,0,0.43635590104187627,0.5,core,False,900,2022-04-08,4
2022-05-13,4w,XGBoost,0,0.434850811958313,0.5,core,False,900,2022-04-08,4
2022-05-20,4w,HistoricalBaseRate,1,0.4839067702552719,0.5,benchmark,False,901,2022-04-15,4
2022-05-20,4w,Logistic,1,0.5181313413077628,0.5,core,False,901,2022-04-15,4
2022-05-20,4w,ElasticNet,1,0.5172980929967403,0.5,core,False,901,2022-04-15,4
2022-05-20,4w,XGBoost,1,0.5606383681297302,0.5,core,False,901,2022-04-15,4
2022-05-27,4w,HistoricalBaseRate,1,0.4844789356984479,0.5,benchmark,False,902,2022-04-22,4
2022-05-27,4w,Logistic,1,0.501408844432295,0.5,core,False,902,2022-04-22,4
2022-05-27,4w,ElasticNet,1,0.5003353686405967,0.5,core,False,902,2022-04-22,4
2022-05-27,4w,XGBoost,1,0.5666625499725342,0.5,core,False,902,2022-04-22,4
2022-06-03,4w,HistoricalBaseRate,1,0.4839424141749723,0.5,benchmark,False,903,2022-04-29,4
2022-06-03,4w,Logistic,1,0.45028082862080254,0.5,core,False,903,2022-04-29,4
2022-06-03,4w,ElasticNet,1,0.45233741830652685,0.5,core,False,903,2022-04-29,4
2022-06-03,4w,XGBoost,1,0.5575630068778992,0.5,core,False,903,2022-04-29,4
2022-06-10,4w,HistoricalBaseRate,1,0.4834070796460177,0.5,benchmark,False,904,2022-05-06,4
2022-06-10,4w,Logistic,1,0.4737296343188454,0.5,core,False,904,2022-05-06,4
2022-06-10,4w,ElasticNet,1,0.4736011643507845,0.5,core,False,904,2022-05-06,4
2022-06-10,4w,XGBoost,1,0.4533849358558655,0.5,core,False,904,2022-05-06,4
2022-06-17,4w,HistoricalBaseRate,0,0.48287292817679556,0.5,benchmark,False,905,2022-05-13,4
2022-06-17,4w,Logistic,0,0.5371635407804984,0.5,core,False,905,2022-05-13,4
2022-06-17,4w,ElasticNet,0,0.5346646062900777,0.5,core,False,905,2022-05-13,4
2022-06-17,4w,XGBoost,0,0.5355545282363892,0.5,core,False,905,2022-05-13,4
2022-06-24,4w,HistoricalBaseRate,0,0.48344370860927155,0.5,benchmark,False,906,2022-05-20,4
2022-06-24,4w,Logistic,0,0.47779084527060206,0.5,core,False,906,2022-05-20,4
2022-06-24,4w,ElasticNet,0,0.47769379747569524,0.5,core,False,906,2022-05-20,4
2022-06-24,4w,XGBoost,0,0.411765456199646,0.5,core,False,906,2022-05-20,4
2022-07-01,4w,HistoricalBaseRate,0,0.48401323042998895,0.5,benchmark,False,907,2022-05-27,4
2022-07-01,4w,Logistic,0,0.43603966693218726,0.5,core,False,907,2022-05-27,4
2022-07-01,4w,ElasticNet,0,0.4377831943418123,0.5,core,False,907,2022-05-27,4
2022-07-01,4w,XGBoost,0,0.5285044312477112,0.5,core,False,907,2022-05-27,4
2022-07-08,4w,HistoricalBaseRate,0,0.4845814977973568,0.5,benchmark,False,908,2022-06-03,4
2022-07-08,4w,Logistic,0,0.4623535459598482,0.5,core,False,908,2022-06-03,4
2022-07-08,4w,ElasticNet,0,0.4629256288506051,0.5,core,False,908,2022-06-03,4
2022-07-08,4w,XGBoost,0,0.5191115736961365,0.5,core,False,908,2022-06-03,4
2022-07-15,4w,HistoricalBaseRate,0,0.48514851485148514,0.5,benchmark,False,909,2022-06-10,4
2022-07-15,4w,Logistic,0,0.5039810106758883,0.5,core,False,909,2022-06-10,4
2022-07-15,4w,ElasticNet,0,0.5025119760716953,0.5,core,False,909,2022-06-10,4
2022-07-15,4w,XGBoost,0,0.5187919735908508,0.5,core,False,909,2022-06-10,4
2022-07-22,4w,HistoricalBaseRate,1,0.4846153846153846,0.5,benchmark,False,910,2022-06-17,4
2022-07-22,4w,Logistic,1,0.5211286569599223,0.5,core,False,910,2022-06-17,4
2022-07-22,4w,ElasticNet,1,0.5203732735355066,0.5,core,False,910,2022-06-17,4
2022-07-22,4w,XGBoost,1,0.37187230587005615,0.5,core,False,910,2022-06-17,4
2022-07-29,4w,HistoricalBaseRate,1,0.4840834248079034,0.5,benchmark,False,911,2022-06-24,4
2022-07-29,4w,Logistic,1,0.4863365351342561,0.5,core,False,911,2022-06-24,4
2022-07-29,4w,ElasticNet,1,0.48617425093390226,0.5,core,False,911,2022-06-24,4
2022-07-29,4w,XGBoost,1,0.4970165193080902,0.5,core,False,911,2022-06-24,4
2022-08-05,4w,HistoricalBaseRate,1,0.48355263157894735,0.5,benchmark,False,912,2022-07-01,4
2022-08-05,4w,Logistic,1,0.4934923547859767,0.5,core,False,912,2022-07-01,4
2022-08-05,4w,ElasticNet,1,0.4924632793279058,0.5,core,False,912,2022-07-01,4
2022-08-05,4w,XGBoost,1,0.5021592974662781,0.5,core,False,912,2022-07-01,4
2022-08-12,4w,HistoricalBaseRate,1,0.4830230010952902,0.5,benchmark,False,913,2022-07-08,4
2022-08-12,4w,Logistic,1,0.49577682591154043,0.5,core,False,913,2022-07-08,4
2022-08-12,4w,ElasticNet,1,0.49578362876354226,0.5,core,False,913,2022-07-08,4
2022-08-12,4w,XGBoost,1,0.4413313865661621,0.5,core,False,913,2022-07-08,4
2022-08-19,4w,HistoricalBaseRate,1,0.4824945295404814,0.5,benchmark,False,914,2022-07-15,4
2022-08-19,4w,Logistic,1,0.4081623531537736,0.5,core,False,914,2022-07-15,4
2022-08-19,4w,ElasticNet,1,0.41188279275270195,0.5,core,False,914,2022-07-15,4
2022-08-19,4w,XGBoost,1,0.43028998374938965,0.5,core,False,914,2022-07-15,4
2022-08-26,4w,HistoricalBaseRate,1,0.4830601092896175,0.5,benchmark,False,915,2022-07-22,4
2022-08-26,4w,Logistic,1,0.5336540085611308,0.5,core,False,915,2022-07-22,4
2022-08-26,4w,ElasticNet,1,0.5319626380153876,0.5,core,False,915,2022-07-22,4
2022-08-26,4w,XGBoost,1,0.5506828427314758,0.5,core,False,915,2022-07-22,4
2022-09-02,4w,HistoricalBaseRate,1,0.4836244541484716,0.5,benchmark,False,916,2022-07-29,4
2022-09-02,4w,Logistic,1,0.4774112236296094,0.5,core,False,916,2022-07-29,4
2022-09-02,4w,ElasticNet,1,0.47699005531557814,0.5,core,False,916,2022-07-29,4
2022-09-02,4w,XGBoost,1,0.5745381116867065,0.5,core,False,916,2022-07-29,4
2022-09-09,4w,HistoricalBaseRate,1,0.4841875681570338,0.5,benchmark,False,917,2022-08-05,4
2022-09-09,4w,Logistic,1,0.48446846500534785,0.5,core,False,917,2022-08-05,4
2022-09-09,4w,ElasticNet,1,0.4832338636447622,0.5,core,False,917,2022-08-05,4
2022-09-09,4w,XGBoost,1,0.3746190369129181,0.5,core,False,917,2022-08-05,4
2022-09-16,4w,HistoricalBaseRate,1,0.48474945533769065,0.5,benchmark,False,918,2022-08-12,4
2022-09-16,4w,Logistic,1,0.4816451321359546,0.5,core,False,918,2022-08-12,4
2022-09-16,4w,ElasticNet,1,0.48089269953086655,0.5,core,False,918,2022-08-12,4
2022-09-16,4w,XGBoost,1,0.5323252081871033,0.5,core,False,918,2022-08-12,4
2022-09-23,4w,HistoricalBaseRate,1,0.485310119695321,0.5,benchmark,False,919,2022-08-19,4
2022-09-23,4w,Logistic,1,0.4524267856490789,0.5,core,False,919,2022-08-19,4
2022-09-23,4w,ElasticNet,1,0.45247055215134907,0.5,core,False,919,2022-08-19,4
2022-09-23,4w,XGBoost,1,0.44545504450798035,0.5,core,False,919,2022-08-19,4
2022-09-30,4w,HistoricalBaseRate,0,0.48586956521739133,0.5,benchmark,False,920,2022-08-26,4
2022-09-30,4w,Logistic,0,0.46486432177961734,0.5,core,False,920,2022-08-26,4
2022-09-30,4w,ElasticNet,0,0.4663587888955213,0.5,core,False,920,2022-08-26,4
2022-09-30,4w,XGBoost,0,0.40765559673309326,0.5,core,False,920,2022-08-26,4
2022-10-07,4w,HistoricalBaseRate,0,0.48642779587404994,0.5,benchmark,False,921,2022-09-02,4
2022-10-07,4w,Logistic,0,0.432025182401443,0.5,core,False,921,2022-09-02,4
2022-10-07,4w,ElasticNet,0,0.4333608891939222,0.5,core,False,921,2022-09-02,4
2022-10-07,4w,XGBoost,0,0.4319770038127899,0.5,core,False,921,2022-09-02,4
2022-10-14,4w,HistoricalBaseRate,0,0.48698481561822127,0.5,benchmark,False,922,2022-09-09,4
2022-10-14,4w,Logistic,0,0.48794259192300693,0.5,core,False,922,2022-09-09,4
2022-10-14,4w,ElasticNet,0,0.4865105380739346,0.5,core,False,922,2022-09-09,4
2022-10-14,4w,XGBoost,0,0.5348667502403259,0.5,core,False,922,2022-09-09,4
2022-10-21,4w,HistoricalBaseRate,0,0.4875406283856988,0.5,benchmark,False,923,2022-09-16,4
2022-10-21,4w,Logistic,0,0.47579432995657084,0.5,core,False,923,2022-09-16,4
2022-10-21,4w,ElasticNet,0,0.47682441154462873,0.5,core,False,923,2022-09-16,4
2022-10-21,4w,XGBoost,0,0.3248102366924286,0.5,core,False,923,2022-09-16,4
2022-10-28,4w,HistoricalBaseRate,0,0.4880952380952381,0.5,benchmark,False,924,2022-09-23,4
2022-10-28,4w,Logistic,0,0.47824250845835475,0.5,core,False,924,2022-09-23,4
2022-10-28,4w,ElasticNet,0,0.47712218399828554,0.5,core,False,924,2022-09-23,4
2022-10-28,4w,XGBoost,0,0.4886309504508972,0.5,core,False,924,2022-09-23,4
2022-11-04,4w,HistoricalBaseRate,0,0.4875675675675676,0.5,benchmark,False,925,2022-09-30,4
2022-11-04,4w,Logistic,0,0.43315188272078337,0.5,core,False,925,2022-09-30,4
2022-11-04,4w,ElasticNet,0,0.43448784797904294,0.5,core,False,925,2022-09-30,4
2022-11-04,4w,XGBoost,0,0.4410269558429718,0.5,core,False,925,2022-09-30,4
2022-11-11,4w,HistoricalBaseRate,1,0.4870410367170626,0.5,benchmark,False,926,2022-10-07,4
2022-11-11,4w,Logistic,1,0.535790357795999,0.5,core,False,926,2022-10-07,4
2022-11-11,4w,ElasticNet,1,0.5343088264613024,0.5,core,False,926,2022-10-07,4
2022-11-11,4w,XGBoost,1,0.4032134413719177,0.5,core,False,926,2022-10-07,4
2022-11-18,4w,HistoricalBaseRate,1,0.48651564185544766,0.5,benchmark,False,927,2022-10-14,4
2022-11-18,4w,Logistic,1,0.5348913970979695,0.5,core,False,927,2022-10-14,4
2022-11-18,4w,ElasticNet,1,0.5329916999702011,0.5,core,False,927,2022-10-14,4
2022-11-18,4w,XGBoost,1,0.5091854333877563,0.5,core,False,927,2022-10-14,4
2022-11-25,4w,HistoricalBaseRate,1,0.4859913793103448,0.5,benchmark,False,928,2022-10-21,4
2022-11-25,4w,Logistic,1,0.48761282265268985,0.5,core,False,928,2022-10-21,4
2022-11-25,4w,ElasticNet,1,0.48718460610982356,0.5,core,False,928,2022-10-21,4
2022-11-25,4w,XGBoost,1,0.42183923721313477,0.5,core,False,928,2022-10-21,4
2022-12-02,4w,HistoricalBaseRate,1,0.48546824542518835,0.5,benchmark,False,929,2022-10-28,4
2022-12-02,4w,Logistic,1,0.4737438622894289,0.5,core,False,929,2022-10-28,4
2022-12-02,4w,ElasticNet,1,0.4736411954653838,0.5,core,False,929,2022-10-28,4
2022-12-02,4w,XGBoost,1,0.5123820304870605,0.5,core,False,929,2022-10-28,4
2022-12-09,4w,HistoricalBaseRate,0,0.48494623655913977,0.5,benchmark,False,930,2022-11-04,4
2022-12-09,4w,Logistic,0,0.5152475591564593,0.5,core,False,930,2022-11-04,4
2022-12-09,4w,ElasticNet,0,0.5148097591592077,0.5,core,False,930,2022-11-04,4
2022-12-09,4w,XGBoost,0,0.45881620049476624,0.5,core,False,930,2022-11-04,4
2022-12-16,4w,HistoricalBaseRate,0,0.48549946294307195,0.5,benchmark,False,931,2022-11-11,4
2022-12-16,4w,Logistic,0,0.43534498387445153,0.5,core,False,931,2022-11-11,4
2022-12-16,4w,ElasticNet,0,0.43694173456641544,0.5,core,False,931,2022-11-11,4
2022-12-16,4w,XGBoost,0,0.41357454657554626,0.5,core,False,931,2022-11-11,4
2022-12-23,4w,HistoricalBaseRate,0,0.48605150214592274,0.5,benchmark,False,932,2022-11-18,4
2022-12-23,4w,Logistic,0,0.4264000741484366,0.5,core,False,932,2022-11-18,4
2022-12-23,4w,ElasticNet,0,0.42831948320588464,0.5,core,False,932,2022-11-18,4
2022-12-23,4w,XGBoost,0,0.42584580183029175,0.5,core,False,932,2022-11-18,4
2022-12-30,4w,HistoricalBaseRate,0,0.4866023579849946,0.5,benchmark,False,933,2022-11-25,4
2022-12-30,4w,Logistic,0,0.4945350428546869,0.5,core,False,933,2022-11-25,4
2022-12-30,4w,ElasticNet,0,0.494347703792431,0.5,core,False,933,2022-11-25,4
2022-12-30,4w,XGBoost,0,0.5083210468292236,0.5,core,False,933,2022-11-25,4
2023-01-06,4w,HistoricalBaseRate,0,0.487152034261242,0.5,benchmark,False,934,2022-12-02,4
2023-01-06,4w,Logistic,0,0.48099161543548347,0.5,core,False,934,2022-12-02,4
2023-01-06,4w,ElasticNet,0,0.4813650513561475,0.5,core,False,934,2022-12-02,4
2023-01-06,4w,XGBoost,0,0.414548397064209,0.5,core,False,934,2022-12-02,4
2023-01-13,4w,HistoricalBaseRate,0,0.48663101604278075,0.5,benchmark,False,935,2022-12-09,4
2023-01-13,4w,Logistic,0,0.46514266458794834,0.5,core,False,935,2022-12-09,4
2023-01-13,4w,ElasticNet,0,0.4654743648256555,0.5,core,False,935,2022-12-09,4
2023-01-13,4w,XGBoost,0,0.42075130343437195,0.5,core,False,935,2022-12-09,4
2023-01-20,4w,HistoricalBaseRate,1,0.4861111111111111,0.5,benchmark,False,936,2022-12-16,4
2023-01-20,4w,Logistic,1,0.49070835812212377,0.5,core,False,936,2022-12-16,4
2023-01-20,4w,ElasticNet,1,0.49039772719715724,0.5,core,False,936,2022-12-16,4
2023-01-20,4w,XGBoost,1,0.5330042243003845,0.5,core,False,936,2022-12-16,4
2023-01-27,4w,HistoricalBaseRate,1,0.4855923159018143,0.5,benchmark,False,937,2022-12-23,4
2023-01-27,4w,Logistic,1,0.47566903391360926,0.5,core,False,937,2022-12-23,4
2023-01-27,4w,ElasticNet,1,0.47579016339081964,0.5,core,False,937,2022-12-23,4
2023-01-27,4w,XGBoost,1,0.5450325012207031,0.5,core,False,937,2022-12-23,4
2023-02-03,4w,HistoricalBaseRate,1,0.48507462686567165,0.5,benchmark,False,938,2022-12-30,4
2023-02-03,4w,Logistic,1,0.45365482982765737,0.5,core,False,938,2022-12-30,4
2023-02-03,4w,ElasticNet,1,0.45418899524952394,0.5,core,False,938,2022-12-30,4
2023-02-03,4w,XGBoost,1,0.44648945331573486,0.5,core,False,938,2022-12-30,4
2023-02-10,4w,HistoricalBaseRate,1,0.4845580404685836,0.5,benchmark,False,939,2023-01-06,4
2023-02-10,4w,Logistic,1,0.44319678048792494,0.5,core,False,939,2023-01-06,4
2023-02-10,4w,ElasticNet,1,0.44460323208129915,0.5,core,False,939,2023-01-06,4
2023-02-10,4w,XGBoost,1,0.3801308274269104,0.5,core,False,939,2023-01-06,4
2023-02-17,4w,HistoricalBaseRate,1,0.48404255319148937,0.5,benchmark,False,940,2023-01-13,4
2023-02-17,4w,Logistic,1,0.4680729891372326,0.5,core,False,940,2023-01-13,4
2023-02-17,4w,ElasticNet,1,0.46774963535195624,0.5,core,False,940,2023-01-13,4
2023-02-17,4w,XGBoost,1,0.5157923102378845,0.5,core,False,940,2023-01-13,4
2023-02-24,4w,HistoricalBaseRate,1,0.48459086078639746,0.5,benchmark,False,941,2023-01-20,4
2023-02-24,4w,Logistic,1,0.4488858121492609,0.5,core,False,941,2023-01-20,4
2023-02-24,4w,ElasticNet,1,0.4496397782686152,0.5,core,False,941,2023-01-20,4
2023-02-24,4w,XGBoost,1,0.45094048976898193,0.5,core,False,941,2023-01-20,4
2023-03-03,4w,HistoricalBaseRate,0,0.4851380042462845,0.5,benchmark,False,942,2023-01-27,4
2023-03-03,4w,Logistic,0,0.4324628796233308,0.5,core,False,942,2023-01-27,4
2023-03-03,4w,ElasticNet,0,0.4336093017030694,0.5,core,False,942,2023-01-27,4
2023-03-03,4w,XGBoost,0,0.49466896057128906,0.5,core,False,942,2023-01-27,4
2023-03-10,4w,HistoricalBaseRate,0,0.48568398727465534,0.5,benchmark,False,943,2023-02-03,4
2023-03-10,4w,Logistic,0,0.5046867279414654,0.5,core,False,943,2023-02-03,4
2023-03-10,4w,ElasticNet,0,0.5046776349578372,0.5,core,False,943,2023-02-03,4
2023-03-10,4w,XGBoost,0,0.44320037961006165,0.5,core,False,943,2023-02-03,4
2023-03-17,4w,HistoricalBaseRate,0,0.486228813559322,0.5,benchmark,False,944,2023-02-10,4
2023-03-17,4w,Logistic,0,0.519426884082553,0.5,core,False,944,2023-02-10,4
2023-03-17,4w,ElasticNet,0,0.5193458179567929,0.5,core,False,944,2023-02-10,4
2023-03-17,4w,XGBoost,0,0.41783034801483154,0.5,core,False,944,2023-02-10,4
2023-03-24,4w,HistoricalBaseRate,0,0.48677248677248675,0.5,benchmark,False,945,2023-02-17,4
2023-03-24,4w,Logistic,0,0.46411054890561654,0.5,core,False,945,2023-02-17,4
2023-03-24,4w,ElasticNet,0,0.46388781417764474,0.5,core,False,945,2023-02-17,4
2023-03-24,4w,XGBoost,0,0.47164350748062134,0.5,core,False,945,2023-02-17,4
2023-03-31,4w,HistoricalBaseRate,1,0.48731501057082455,0.5,benchmark,False,946,2023-02-24,4
2023-03-31,4w,Logistic,1,0.43015558132851134,0.5,core,False,946,2023-02-24,4
2023-03-31,4w,ElasticNet,1,0.4315521090633872,0.5,core,False,946,2023-02-24,4
2023-03-31,4w,XGBoost,1,0.4344949424266815,0.5,core,False,946,2023-02-24,4
2023-04-07,4w,HistoricalBaseRate,0,0.48680042238648363,0.5,benchmark,False,947,2023-03-03,4
2023-04-07,4w,Logistic,0,0.4558698179746114,0.5,core,False,947,2023-03-03,4
2023-04-07,4w,ElasticNet,0,0.45627695247834044,0.5,core,False,947,2023-03-03,4
2023-04-07,4w,XGBoost,0,0.438862681388855,0.5,core,False,947,2023-03-03,4
2023-04-14,4w,HistoricalBaseRate,1,0.48628691983122363,0.5,benchmark,False,948,2023-03-10,4
2023-04-14,4w,Logistic,1,0.4514069409933381,0.5,core,False,948,2023-03-10,4
2023-04-14,4w,ElasticNet,1,0.4522777888398822,0.5,core,False,948,2023-03-10,4
2023-04-14,4w,XGBoost,1,0.5602049827575684,0.5,core,False,948,2023-03-10,4
2023-04-21,4w,HistoricalBaseRate,0,0.4857744994731296,0.5,benchmark,False,949,2023-03-17,4
2023-04-21,4w,Logistic,0,0.47516568158323425,0.5,core,False,949,2023-03-17,4
2023-04-21,4w,ElasticNet,0,0.47520527924134626,0.5,core,False,949,2023-03-17,4
2023-04-21,4w,XGBoost,0,0.5191264748573303,0.5,core,False,949,2023-03-17,4
2023-04-28,4w,HistoricalBaseRate,1,0.48526315789473684,0.5,benchmark,False,950,2023-03-24,4
2023-04-28,4w,Logistic,1,0.4636873613878353,0.5,core,False,950,2023-03-24,4
2023-04-28,4w,ElasticNet,1,0.4640795321124673,0.5,core,False,950,2023-03-24,4
2023-04-28,4w,XGBoost,1,0.5100329518318176,0.5,core,False,950,2023-03-24,4
2023-05-05,4w,HistoricalBaseRate,1,0.48580441640378547,0.5,benchmark,False,951,2023-03-31,4
2023-05-05,4w,Logistic,1,0.524089413624719,0.5,core,False,951,2023-03-31,4
2023-05-05,4w,ElasticNet,1,0.5226462555752366,0.5,core,False,951,2023-03-31,4
2023-05-05,4w,XGBoost,1,0.553882360458374,0.5,core,False,951,2023-03-31,4
2023-05-12,4w,HistoricalBaseRate,0,0.4852941176470588,0.5,benchmark,False,952,2023-04-07,4
2023-05-12,4w,Logistic,0,0.43097764033699826,0.5,core,False,952,2023-04-07,4
2023-05-12,4w,ElasticNet,0,0.4324630019374795,0.5,core,False,952,2023-04-07,4
2023-05-12,4w,XGBoost,0,0.5172085165977478,0.5,core,False,952,2023-04-07,4
2023-05-19,4w,HistoricalBaseRate,0,0.4858342077649528,0.5,benchmark,False,953,2023-04-14,4
2023-05-19,4w,Logistic,0,0.4541085823938381,0.5,core,False,953,2023-04-14,4
2023-05-19,4w,ElasticNet,0,0.4546034398297421,0.5,core,False,953,2023-04-14,4
2023-05-19,4w,XGBoost,0,0.4901089668273926,0.5,core,False,953,2023-04-14,4
2023-05-26,4w,HistoricalBaseRate,0,0.48532494758909855,0.5,benchmark,False,954,2023-04-21,4
2023-05-26,4w,Logistic,0,0.4299553367372643,0.5,core,False,954,2023-04-21,4
2023-05-26,4w,ElasticNet,0,0.4309170693152481,0.5,core,False,954,2023-04-21,4
2023-05-26,4w,XGBoost,0,0.458065927028656,0.5,core,False,954,2023-04-21,4
2023-06-02,4w,HistoricalBaseRate,0,0.48586387434554973,0.5,benchmark,False,955,2023-04-28,4
2023-06-02,4w,Logistic,0,0.4376786386702156,0.5,core,False,955,2023-04-28,4
2023-06-02,4w,ElasticNet,0,0.43916200707924813,0.5,core,False,955,2023-04-28,4
2023-06-02,4w,XGBoost,0,0.33220523595809937,0.5,core,False,955,2023-04-28,4
2023-06-09,4w,HistoricalBaseRate,0,0.48640167364016734,0.5,benchmark,False,956,2023-05-05,4
2023-06-09,4w,Logistic,0,0.4555622010631127,0.5,core,False,956,2023-05-05,4
2023-06-09,4w,ElasticNet,0,0.45739162217597834,0.5,core,False,956,2023-05-05,4
2023-06-09,4w,XGBoost,0,0.42968007922172546,0.5,core,False,956,2023-05-05,4
2023-06-16,4w,HistoricalBaseRate,1,0.48589341692789967,0.5,benchmark,False,957,2023-05-12,4
2023-06-16,4w,Logistic,1,0.4974865823487091,0.5,core,False,957,2023-05-12,4
2023-06-16,4w,ElasticNet,1,0.49698575138752266,0.5,core,False,957,2023-05-12,4
2023-06-16,4w,XGBoost,1,0.49983924627304077,0.5,core,False,957,2023-05-12,4
2023-06-23,4w,HistoricalBaseRate,1,0.48538622129436326,0.5,benchmark,False,958,2023-05-19,4
2023-06-23,4w,Logistic,1,0.4394852492445376,0.5,core,False,958,2023-05-19,4
2023-06-23,4w,ElasticNet,1,0.4409502476678862,0.5,core,False,958,2023-05-19,4
2023-06-23,4w,XGBoost,1,0.39702942967414856,0.5,core,False,958,2023-05-19,4
2023-06-30,4w,HistoricalBaseRate,0,0.4848800834202294,0.5,benchmark,False,959,2023-05-26,4
2023-06-30,4w,Logistic,0,0.4889075201891872,0.5,core,False,959,2023-05-26,4
2023-06-30,4w,ElasticNet,0,0.4877683352322311,0.5,core,False,959,2023-05-26,4
2023-06-30,4w,XGBoost,0,0.5250713229179382,0.5,core,False,959,2023-05-26,4
2023-07-07,4w,HistoricalBaseRate,1,0.484375,0.5,benchmark,False,960,2023-06-02,4
2023-07-07,4w,Logistic,1,0.4693517777277972,0.5,core,False,960,2023-06-02,4
2023-07-07,4w,ElasticNet,1,0.470120849863846,0.5,core,False,960,2023-06-02,4
2023-07-07,4w,XGBoost,1,0.43452754616737366,0.5,core,False,960,2023-06-02,4
2023-07-14,4w,HistoricalBaseRate,1,0.4838709677419355,0.5,benchmark,False,961,2023-06-09,4
2023-07-14,4w,Logistic,1,0.5306167492253244,0.5,core,False,961,2023-06-09,4
2023-07-14,4w,ElasticNet,1,0.5294416337472716,0.5,core,False,961,2023-06-09,4
2023-07-14,4w,XGBoost,1,0.5481052398681641,0.5,core,False,961,2023-06-09,4
2023-07-21,4w,HistoricalBaseRate,1,0.48440748440748443,0.5,benchmark,False,962,2023-06-16,4
2023-07-21,4w,Logistic,1,0.41611087979884226,0.5,core,False,962,2023-06-16,4
2023-07-21,4w,ElasticNet,1,0.4178724403276806,0.5,core,False,962,2023-06-16,4
2023-07-21,4w,XGBoost,1,0.427163690328598,0.5,core,False,962,2023-06-16,4
2023-07-28,4w,HistoricalBaseRate,1,0.48494288681204567,0.5,benchmark,False,963,2023-06-23,4
2023-07-28,4w,Logistic,1,0.43702672596429165,0.5,core,False,963,2023-06-23,4
2023-07-28,4w,ElasticNet,1,0.43838841856574645,0.5,core,False,963,2023-06-23,4
2023-07-28,4w,XGBoost,1,0.3764931559562683,0.5,core,False,963,2023-06-23,4
2023-08-04,4w,HistoricalBaseRate,1,0.48443983402489627,0.5,benchmark,False,964,2023-06-30,4
2023-08-04,4w,Logistic,1,0.47587462990107965,0.5,core,False,964,2023-06-30,4
2023-08-04,4w,ElasticNet,1,0.47633058919365145,0.5,core,False,964,2023-06-30,4
2023-08-04,4w,XGBoost,1,0.4779486656188965,0.5,core,False,964,2023-06-30,4
2023-08-11,4w,HistoricalBaseRate,1,0.48497409326424873,0.5,benchmark,False,965,2023-07-07,4
2023-08-11,4w,Logistic,1,0.4124452885269442,0.5,core,False,965,2023-07-07,4
2023-08-11,4w,ElasticNet,1,0.41387043669156565,0.5,core,False,965,2023-07-07,4
2023-08-11,4w,XGBoost,1,0.36262357234954834,0.5,core,False,965,2023-07-07,4
2023-08-18,4w,HistoricalBaseRate,0,0.4855072463768116,0.5,benchmark,False,966,2023-07-14,4
2023-08-18,4w,Logistic,0,0.46201989269118304,0.5,core,False,966,2023-07-14,4
2023-08-18,4w,ElasticNet,0,0.4632573342252452,0.5,core,False,966,2023-07-14,4
2023-08-18,4w,XGBoost,0,0.44482818245887756,0.5,core,False,966,2023-07-14,4
2023-08-25,4w,HistoricalBaseRate,0,0.4860392967942089,0.5,benchmark,False,967,2023-07-21,4
2023-08-25,4w,Logistic,0,0.4575973621725048,0.5,core,False,967,2023-07-21,4
2023-08-25,4w,ElasticNet,0,0.457606859149919,0.5,core,False,967,2023-07-21,4
2023-08-25,4w,XGBoost,0,0.4843136668205261,0.5,core,False,967,2023-07-21,4
2023-09-01,4w,HistoricalBaseRate,0,0.4865702479338843,0.5,benchmark,False,968,2023-07-28,4
2023-09-01,4w,Logistic,0,0.44810033405826327,0.5,core,False,968,2023-07-28,4
2023-09-01,4w,ElasticNet,0,0.44870269545893776,0.5,core,False,968,2023-07-28,4
2023-09-01,4w,XGBoost,0,0.4024099111557007,0.5,core,False,968,2023-07-28,4
2023-09-08,4w,HistoricalBaseRate,1,0.4871001031991744,0.5,benchmark,False,969,2023-08-04,4
2023-09-08,4w,Logistic,1,0.4544440948075893,0.5,core,False,969,2023-08-04,4
2023-09-08,4w,ElasticNet,1,0.4551447779654871,0.5,core,False,969,2023-08-04,4
2023-09-08,4w,XGBoost,1,0.510520875453949,0.5,core,False,969,2023-08-04,4
2023-09-15,4w,HistoricalBaseRate,1,0.48762886597938143,0.5,benchmark,False,970,2023-08-11,4
2023-09-15,4w,Logistic,1,0.4511694714967661,0.5,core,False,970,2023-08-11,4
2023-09-15,4w,ElasticNet,1,0.4522536842081584,0.5,core,False,970,2023-08-11,4
2023-09-15,4w,XGBoost,1,0.47745949029922485,0.5,core,False,970,2023-08-11,4
2023-09-22,4w,HistoricalBaseRate,1,0.48712667353244077,0.5,benchmark,False,971,2023-08-18,4
2023-09-22,4w,Logistic,1,0.4848081688199342,0.5,core,False,971,2023-08-18,4
2023-09-22,4w,ElasticNet,1,0.4854285733257395,0.5,core,False,971,2023-08-18,4
2023-09-22,4w,XGBoost,1,0.352427214384079,0.5,core,False,971,2023-08-18,4
2023-09-29,4w,HistoricalBaseRate,1,0.48662551440329216,0.5,benchmark,False,972,2023-08-25,4
2023-09-29,4w,Logistic,1,0.47434844295973905,0.5,core,False,972,2023-08-25,4
2023-09-29,4w,ElasticNet,1,0.474638917337108,0.5,core,False,972,2023-08-25,4
2023-09-29,4w,XGBoost,1,0.5161887407302856,0.5,core,False,972,2023-08-25,4
2023-10-06,4w,HistoricalBaseRate,1,0.48612538540596095,0.5,benchmark,False,973,2023-09-01,4
2023-10-06,4w,Logistic,1,0.48266679598985995,0.5,core,False,973,2023-09-01,4
2023-10-06,4w,ElasticNet,1,0.48285468245694707,0.5,core,False,973,2023-09-01,4
2023-10-06,4w,XGBoost,1,0.39411434531211853,0.5,core,False,973,2023-09-01,4
2023-10-13,4w,HistoricalBaseRate,1,0.486652977412731,0.5,benchmark,False,974,2023-09-08,4
2023-10-13,4w,Logistic,1,0.45558298448801887,0.5,core,False,974,2023-09-08,4
2023-10-13,4w,ElasticNet,1,0.45646803421693705,0.5,core,False,974,2023-09-08,4
2023-10-13,4w,XGBoost,1,0.4196822941303253,0.5,core,False,974,2023-09-08,4
2023-10-20,4w,HistoricalBaseRate,1,0.48717948717948717,0.5,benchmark,False,975,2023-09-15,4
2023-10-20,4w,Logistic,1,0.4921167122238534,0.5,core,False,975,2023-09-15,4
2023-10-20,4w,ElasticNet,1,0.4920868512082048,0.5,core,False,975,2023-09-15,4
2023-10-20,4w,XGBoost,1,0.5547440648078918,0.5,core,False,975,2023-09-15,4
2023-10-27,4w,HistoricalBaseRate,0,0.48770491803278687,0.5,benchmark,False,976,2023-09-22,4
2023-10-27,4w,Logistic,0,0.4847648142546698,0.5,core,False,976,2023-09-22,4
2023-10-27,4w,ElasticNet,0,0.4838626508616477,0.5,core,False,976,2023-09-22,4
2023-10-27,4w,XGBoost,0,0.49957430362701416,0.5,core,False,976,2023-09-22,4
2023-11-03,4w,HistoricalBaseRate,0,0.4882292732855681,0.5,benchmark,False,977,2023-09-29,4
2023-11-03,4w,Logistic,0,0.47071145721612756,0.5,core,False,977,2023-09-29,4
2023-11-03,4w,ElasticNet,0,0.4706329707355683,0.5,core,False,977,2023-09-29,4
2023-11-03,4w,XGBoost,0,0.4574308395385742,0.5,core,False,977,2023-09-29,4
2023-11-10,4w,HistoricalBaseRate,0,0.4887525562372188,0.5,benchmark,False,978,2023-10-06,4
2023-11-10,4w,Logistic,0,0.474474702035934,0.5,core,False,978,2023-10-06,4
2023-11-10,4w,ElasticNet,0,0.4742881488007942,0.5,core,False,978,2023-10-06,4
2023-11-10,4w,XGBoost,0,0.5296143889427185,0.5,core,False,978,2023-10-06,4
2023-11-17,4w,HistoricalBaseRate,0,0.48927477017364657,0.5,benchmark,False,979,2023-10-13,4
2023-11-17,4w,Logistic,0,0.497908786050928,0.5,core,False,979,2023-10-13,4
2023-11-17,4w,ElasticNet,0,0.4978571097592816,0.5,core,False,979,2023-10-13,4
2023-11-17,4w,XGBoost,0,0.38784709572792053,0.5,core,False,979,2023-10-13,4
2023-11-24,4w,HistoricalBaseRate,0,0.4897959183673469,0.5,benchmark,False,980,2023-10-20,4
2023-11-24,4w,Logistic,0,0.49232769750609584,0.5,core,False,980,2023-10-20,4
2023-11-24,4w,ElasticNet,0,0.4920549799190167,0.5,core,False,980,2023-10-20,4
2023-11-24,4w,XGBoost,0,0.534074604511261,0.5,core,False,980,2023-10-20,4
2023-12-01,4w,HistoricalBaseRate,0,0.4892966360856269,0.5,benchmark,False,981,2023-10-27,4
2023-12-01,4w,Logistic,0,0.4961355299031554,0.5,core,False,981,2023-10-27,4
2023-12-01,4w,ElasticNet,0,0.49606529860551113,0.5,core,False,981,2023-10-27,4
2023-12-01,4w,XGBoost,0,0.49221479892730713,0.5,core,False,981,2023-10-27,4
2023-12-08,4w,HistoricalBaseRate,0,0.48879837067209775,0.5,benchmark,False,982,2023-11-03,4
2023-12-08,4w,Logistic,0,0.45821976227406475,0.5,core,False,982,2023-11-03,4
2023-12-08,4w,ElasticNet,0,0.45853414984274565,0.5,core,False,982,2023-11-03,4
2023-12-08,4w,XGBoost,0,0.5193369388580322,0.5,core,False,982,2023-11-03,4
2023-12-15,4w,HistoricalBaseRate,1,0.4883011190233978,0.5,benchmark,False,983,2023-11-10,4
2023-12-15,4w,Logistic,1,0.5172910775864528,0.5,core,False,983,2023-11-10,4
2023-12-15,4w,ElasticNet,1,0.5164668542001669,0.5,core,False,983,2023-11-10,4
2023-12-15,4w,XGBoost,1,0.4682561159133911,0.5,core,False,983,2023-11-10,4
2023-12-22,4w,HistoricalBaseRate,1,0.4878048780487805,0.5,benchmark,False,984,2023-11-17,4
2023-12-22,4w,Logistic,1,0.473166492171574,0.5,core,False,984,2023-11-17,4
2023-12-22,4w,ElasticNet,1,0.4750518895646492,0.5,core,False,984,2023-11-17,4
2023-12-22,4w,XGBoost,1,0.451638787984848,0.5,core,False,984,2023-11-17,4
2023-12-29,4w,HistoricalBaseRate,1,0.4873096446700508,0.5,benchmark,False,985,2023-11-24,4
2023-12-29,4w,Logistic,1,0.4908390690537542,0.5,core,False,985,2023-11-24,4
2023-12-29,4w,ElasticNet,1,0.4905696180521698,0.5,core,False,985,2023-11-24,4
2023-12-29,4w,XGBoost,1,0.4812837243080139,0.5,core,False,985,2023-11-24,4
2024-01-05,4w,HistoricalBaseRate,1,0.486815415821501,0.5,benchmark,False,986,2023-12-01,4
2024-01-05,4w,Logistic,1,0.4472740477585051,0.5,core,False,986,2023-12-01,4
2024-01-05,4w,ElasticNet,1,0.44846971416380005,0.5,core,False,986,2023-12-01,4
2024-01-05,4w,XGBoost,1,0.5327466130256653,0.5,core,False,986,2023-12-01,4
2024-01-12,4w,HistoricalBaseRate,1,0.48632218844984804,0.5,benchmark,False,987,2023-12-08,4
2024-01-12,4w,Logistic,1,0.45903874300511666,0.5,core,False,987,2023-12-08,4
2024-01-12,4w,ElasticNet,1,0.4602694767378188,0.5,core,False,987,2023-12-08,4
2024-01-12,4w,XGBoost,1,0.3855554163455963,0.5,core,False,987,2023-12-08,4
2024-01-19,4w,HistoricalBaseRate,1,0.4868421052631579,0.5,benchmark,False,988,2023-12-15,4
2024-01-19,4w,Logistic,1,0.44650583367416463,0.5,core,False,988,2023-12-15,4
2024-01-19,4w,ElasticNet,1,0.44731487231745254,0.5,core,False,988,2023-12-15,4
2024-01-19,4w,XGBoost,1,0.47038599848747253,0.5,core,False,988,2023-12-15,4
2024-01-26,4w,HistoricalBaseRate,1,0.487360970677452,0.5,benchmark,False,989,2023-12-22,4
2024-01-26,4w,Logistic,1,0.46618198106107767,0.5,core,False,989,2023-12-22,4
2024-01-26,4w,ElasticNet,1,0.4677304099993435,0.5,core,False,989,2023-12-22,4
2024-01-26,4w,XGBoost,1,0.40372151136398315,0.5,core,False,989,2023-12-22,4
2024-02-02,4w,HistoricalBaseRate,1,0.48787878787878786,0.5,benchmark,False,990,2023-12-29,4
2024-02-02,4w,Logistic,1,0.4869755157406161,0.5,core,False,990,2023-12-29,4
2024-02-02,4w,ElasticNet,1,0.48638385891676317,0.5,core,False,990,2023-12-29,4
2024-02-02,4w,XGBoost,1,0.5266687870025635,0.5,core,False,990,2023-12-29,4
2024-02-09,4w,HistoricalBaseRate,0,0.4883955600403633,0.5,benchmark,False,991,2024-01-05,4
2024-02-09,4w,Logistic,0,0.4635813912790312,0.5,core,False,991,2024-01-05,4
2024-02-09,4w,ElasticNet,0,0.4641371972042277,0.5,core,False,991,2024-01-05,4
2024-02-09,4w,XGBoost,0,0.4087563157081604,0.5,core,False,991,2024-01-05,4
2024-02-16,4w,HistoricalBaseRate,1,0.4889112903225806,0.5,benchmark,False,992,2024-01-12,4
2024-02-16,4w,Logistic,1,0.48425939411267266,0.5,core,False,992,2024-01-12,4
2024-02-16,4w,ElasticNet,1,0.4838539215607203,0.5,core,False,992,2024-01-12,4
2024-02-16,4w,XGBoost,1,0.5195257663726807,0.5,core,False,992,2024-01-12,4
2024-02-23,4w,HistoricalBaseRate,1,0.48942598187311176,0.5,benchmark,False,993,2024-01-19,4
2024-02-23,4w,Logistic,1,0.49173392578849917,0.5,core,False,993,2024-01-19,4
2024-02-23,4w,ElasticNet,1,0.4912960698455725,0.5,core,False,993,2024-01-19,4
2024-02-23,4w,XGBoost,1,0.4855281710624695,0.5,core,False,993,2024-01-19,4
2024-03-01,4w,HistoricalBaseRate,0,0.48993963782696176,0.5,benchmark,False,994,2024-01-26,4
2024-03-01,4w,Logistic,0,0.4544046995328944,0.5,core,False,994,2024-01-26,4
2024-03-01,4w,ElasticNet,0,0.4555226133366732,0.5,core,False,994,2024-01-26,4
2024-03-01,4w,XGBoost,0,0.49020570516586304,0.5,core,False,994,2024-01-26,4
2024-03-08,4w,HistoricalBaseRate,1,0.4904522613065327,0.5,benchmark,False,995,2024-02-02,4
2024-03-08,4w,Logistic,1,0.5275338227762176,0.5,core,False,995,2024-02-02,4
2024-03-08,4w,ElasticNet,1,0.5262776735574911,0.5,core,False,995,2024-02-02,4
2024-03-08,4w,XGBoost,1,0.5216808319091797,0.5,core,False,995,2024-02-02,4
2024-03-15,4w,HistoricalBaseRate,1,0.4899598393574297,0.5,benchmark,False,996,2024-02-09,4
2024-03-15,4w,Logistic,1,0.44084747106764927,0.5,core,False,996,2024-02-09,4
2024-03-15,4w,ElasticNet,1,0.44157069637297897,0.5,core,False,996,2024-02-09,4
2024-03-15,4w,XGBoost,1,0.5009437203407288,0.5,core,False,996,2024-02-09,4
2024-03-22,4w,HistoricalBaseRate,1,0.49047141424272817,0.5,benchmark,False,997,2024-02-16,4
2024-03-22,4w,Logistic,1,0.43316669759865595,0.5,core,False,997,2024-02-16,4
2024-03-22,4w,ElasticNet,1,0.43466484470144456,0.5,core,False,997,2024-02-16,4
2024-03-22,4w,XGBoost,1,0.4929802417755127,0.5,core,False,997,2024-02-16,4
2024-03-29,4w,HistoricalBaseRate,1,0.4909819639278557,0.5,benchmark,False,998,2024-02-23,4
2024-03-29,4w,Logistic,1,0.45773164418498236,0.5,core,False,998,2024-02-23,4
2024-03-29,4w,ElasticNet,1,0.4588443976756034,0.5,core,False,998,2024-02-23,4
2024-03-29,4w,XGBoost,1,0.5183263421058655,0.5,core,False,998,2024-02-23,4
2024-04-05,4w,HistoricalBaseRate,1,0.4904904904904905,0.5,benchmark,False,999,2024-03-01,4
2024-04-05,4w,Logistic,1,0.5031108060959969,0.5,core,False,999,2024-03-01,4
2024-04-05,4w,ElasticNet,1,0.5026213992157832,0.5,core,False,999,2024-03-01,4
2024-04-05,4w,XGBoost,1,0.536095380783081,0.5,core,False,999,2024-03-01,4
2024-04-12,4w,HistoricalBaseRate,0,0.491,0.5,benchmark,False,1000,2024-03-08,4
2024-04-12,4w,Logistic,0,0.44946287626161285,0.5,core,False,1000,2024-03-08,4
2024-04-12,4w,ElasticNet,0,0.45060205853501173,0.5,core,False,1000,2024-03-08,4
2024-04-12,4w,XGBoost,0,0.5463849306106567,0.5,core,False,1000,2024-03-08,4
2024-04-19,4w,HistoricalBaseRate,0,0.4915084915084915,0.5,benchmark,False,1001,2024-03-15,4
2024-04-19,4w,Logistic,0,0.4796133393192349,0.5,core,False,1001,2024-03-15,4
2024-04-19,4w,ElasticNet,0,0.47983002440045314,0.5,core,False,1001,2024-03-15,4
2024-04-19,4w,XGBoost,0,0.5246381759643555,0.5,core,False,1001,2024-03-15,4
2024-04-26,4w,HistoricalBaseRate,0,0.49201596806387227,0.5,benchmark,False,1002,2024-03-22,4
2024-04-26,4w,Logistic,0,0.43952751060725836,0.5,core,False,1002,2024-03-22,4
2024-04-26,4w,ElasticNet,0,0.44045071322697443,0.5,core,False,1002,2024-03-22,4
2024-04-26,4w,XGBoost,0,0.4708191454410553,0.5,core,False,1002,2024-03-22,4
2024-05-03,4w,HistoricalBaseRate,0,0.49252243270189433,0.5,benchmark,False,1003,2024-03-29,4
2024-05-03,4w,Logistic,0,0.5082542289281003,0.5,core,False,1003,2024-03-29,4
2024-05-03,4w,ElasticNet,0,0.5071793564831822,0.5,core,False,1003,2024-03-29,4
2024-05-03,4w,XGBoost,0,0.5427553653717041,0.5,core,False,1003,2024-03-29,4
2024-05-10,4w,HistoricalBaseRate,1,0.49302788844621515,0.5,benchmark,False,1004,2024-04-05,4
2024-05-10,4w,Logistic,1,0.45658248656064154,0.5,core,False,1004,2024-04-05,4
2024-05-10,4w,ElasticNet,1,0.4575142746859893,0.5,core,False,1004,2024-04-05,4
2024-05-10,4w,XGBoost,1,0.4494691491127014,0.5,core,False,1004,2024-04-05,4
2024-05-17,4w,HistoricalBaseRate,1,0.4925373134328358,0.5,benchmark,False,1005,2024-04-12,4
2024-05-17,4w,Logistic,1,0.4867296806594691,0.5,core,False,1005,2024-04-12,4
2024-05-17,4w,ElasticNet,1,0.48678386922059935,0.5,core,False,1005,2024-04-12,4
2024-05-17,4w,XGBoost,1,0.5324051976203918,0.5,core,False,1005,2024-04-12,4
2024-05-24,4w,HistoricalBaseRate,1,0.49204771371769385,0.5,benchmark,False,1006,2024-04-19,4
2024-05-24,4w,Logistic,1,0.48271753733174005,0.5,core,False,1006,2024-04-19,4
2024-05-24,4w,ElasticNet,1,0.482242001894474,0.5,core,False,1006,2024-04-19,4
2024-05-24,4w,XGBoost,1,0.4861805737018585,0.5,core,False,1006,2024-04-19,4
2024-05-31,4w,HistoricalBaseRate,1,0.4915590863952334,0.5,benchmark,False,1007,2024-04-26,4
2024-05-31,4w,Logistic,1,0.4879918645501647,0.5,core,False,1007,2024-04-26,4
2024-05-31,4w,ElasticNet,1,0.48792651827237626,0.5,core,False,1007,2024-04-26,4
2024-05-31,4w,XGBoost,1,0.48799630999565125,0.5,core,False,1007,2024-04-26,4
2024-06-07,4w,HistoricalBaseRate,0,0.49107142857142855,0.5,benchmark,False,1008,2024-05-03,4
2024-06-07,4w,Logistic,0,0.4629284940747013,0.5,core,False,1008,2024-05-03,4
2024-06-07,4w,ElasticNet,0,0.46279693996228743,0.5,core,False,1008,2024-05-03,4
2024-06-07,4w,XGBoost,0,0.4973364770412445,0.5,core,False,1008,2024-05-03,4
2024-06-14,4w,HistoricalBaseRate,0,0.49157581764122893,0.5,benchmark,False,1009,2024-05-10,4
2024-06-14,4w,Logistic,0,0.4605889566677151,0.5,core,False,1009,2024-05-10,4
2024-06-14,4w,ElasticNet,0,0.461392604233154,0.5,core,False,1009,2024-05-10,4
2024-06-14,4w,XGBoost,0,0.5059924125671387,0.5,core,False,1009,2024-05-10,4
2024-06-21,4w,HistoricalBaseRate,1,0.49207920792079207,0.5,benchmark,False,1010,2024-05-17,4
2024-06-21,4w,Logistic,1,0.4597515790194975,0.5,core,False,1010,2024-05-17,4
2024-06-21,4w,ElasticNet,1,0.4607156838557299,0.5,core,False,1010,2024-05-17,4
2024-06-21,4w,XGBoost,1,0.537967324256897,0.5,core,False,1010,2024-05-17,4
2024-06-28,4w,HistoricalBaseRate,1,0.49258160237388726,0.5,benchmark,False,1011,2024-05-24,4
2024-06-28,4w,Logistic,1,0.4419855740508158,0.5,core,False,1011,2024-05-24,4
2024-06-28,4w,ElasticNet,1,0.4436079494650009,0.5,core,False,1011,2024-05-24,4
2024-06-28,4w,XGBoost,1,0.432662695646286,0.5,core,False,1011,2024-05-24,4
2024-07-05,4w,HistoricalBaseRate,1,0.49308300395256915,0.5,benchmark,False,1012,2024-05-31,4
2024-07-05,4w,Logistic,1,0.48048682122885866,0.5,core,False,1012,2024-05-31,4
2024-07-05,4w,ElasticNet,1,0.48102741625659545,0.5,core,False,1012,2024-05-31,4
2024-07-05,4w,XGBoost,1,0.48726046085357666,0.5,core,False,1012,2024-05-31,4
2024-07-12,4w,HistoricalBaseRate,1,0.49259624876604147,0.5,benchmark,False,1013,2024-06-07,4
2024-07-12,4w,Logistic,1,0.4711162614204911,0.5,core,False,1013,2024-06-07,4
2024-07-12,4w,ElasticNet,1,0.47209442697613707,0.5,core,False,1013,2024-06-07,4
2024-07-12,4w,XGBoost,1,0.40370145440101624,0.5,core,False,1013,2024-06-07,4
2024-07-19,4w,HistoricalBaseRate,0,0.4921104536489152,0.5,benchmark,False,1014,2024-06-14,4
2024-07-19,4w,Logistic,0,0.4967855655801945,0.5,core,False,1014,2024-06-14,4
2024-07-19,4w,ElasticNet,0,0.49663342368135877,0.5,core,False,1014,2024-06-14,4
2024-07-19,4w,XGBoost,0,0.5450166463851929,0.5,core,False,1014,2024-06-14,4
2024-07-26,4w,HistoricalBaseRate,0,0.49261083743842365,0.5,benchmark,False,1015,2024-06-21,4
2024-07-26,4w,Logistic,0,0.46503157199946027,0.5,core,False,1015,2024-06-21,4
2024-07-26,4w,ElasticNet,0,0.46524230328224586,0.5,core,False,1015,2024-06-21,4
2024-07-26,4w,XGBoost,0,0.48573148250579834,0.5,core,False,1015,2024-06-21,4
2024-08-02,4w,HistoricalBaseRate,0,0.49311023622047245,0.5,benchmark,False,1016,2024-06-28,4
2024-08-02,4w,Logistic,0,0.5596407012026403,0.5,core,False,1016,2024-06-28,4
2024-08-02,4w,ElasticNet,0,0.5596153223937271,0.5,core,False,1016,2024-06-28,4
2024-08-02,4w,XGBoost,0,0.45888692140579224,0.5,core,False,1016,2024-06-28,4
2024-08-09,4w,HistoricalBaseRate,0,0.4936086529006883,0.5,benchmark,False,1017,2024-07-05,4
2024-08-09,4w,Logistic,0,0.45681494457880084,0.5,core,False,1017,2024-07-05,4
2024-08-09,4w,ElasticNet,0,0.45672371134069084,0.5,core,False,1017,2024-07-05,4
2024-08-09,4w,XGBoost,0,0.45025503635406494,0.5,core,False,1017,2024-07-05,4
2024-08-16,4w,HistoricalBaseRate,0,0.49410609037328096,0.5,benchmark,False,1018,2024-07-12,4
2024-08-16,4w,Logistic,0,0.43153209546419097,0.5,core,False,1018,2024-07-12,4
2024-08-16,4w,ElasticNet,0,0.4323493152988678,0.5,core,False,1018,2024-07-12,4
2024-08-16,4w,XGBoost,0,0.4183003306388855,0.5,core,False,1018,2024-07-12,4
2024-08-23,4w,HistoricalBaseRate,1,0.49362119725220804,0.5,benchmark,False,1019,2024-07-19,4
2024-08-23,4w,Logistic,1,0.5406897894423273,0.5,core,False,1019,2024-07-19,4
2024-08-23,4w,ElasticNet,1,0.5392714214142256,0.5,core,False,1019,2024-07-19,4
2024-08-23,4w,XGBoost,1,0.5102042555809021,0.5,core,False,1019,2024-07-19,4
2024-08-30,4w,HistoricalBaseRate,1,0.4931372549019608,0.5,benchmark,False,1020,2024-07-26,4
2024-08-30,4w,Logistic,1,0.45040537921507273,0.5,core,False,1020,2024-07-26,4
2024-08-30,4w,ElasticNet,1,0.4516502361049838,0.5,core,False,1020,2024-07-26,4
2024-08-30,4w,XGBoost,1,0.4246470332145691,0.5,core,False,1020,2024-07-26,4
2024-09-06,4w,HistoricalBaseRate,1,0.4926542605288932,0.5,benchmark,False,1021,2024-08-02,4
2024-09-06,4w,Logistic,1,0.5408641364313113,0.5,core,False,1021,2024-08-02,4
2024-09-06,4w,ElasticNet,1,0.5405456164611733,0.5,core,False,1021,2024-08-02,4
2024-09-06,4w,XGBoost,1,0.47755706310272217,0.5,core,False,1021,2024-08-02,4
2024-09-13,4w,HistoricalBaseRate,1,0.49217221135029354,0.5,benchmark,False,1022,2024-08-09,4
2024-09-13,4w,Logistic,1,0.4249882050213231,0.5,core,False,1022,2024-08-09,4
2024-09-13,4w,ElasticNet,1,0.4259585152031514,0.5,core,False,1022,2024-08-09,4
2024-09-13,4w,XGBoost,1,0.46286454796791077,0.5,core,False,1022,2024-08-09,4
2024-09-20,4w,HistoricalBaseRate,1,0.4916911045943304,0.5,benchmark,False,1023,2024-08-16,4
2024-09-20,4w,Logistic,1,0.4655376403648555,0.5,core,False,1023,2024-08-16,4
2024-09-20,4w,ElasticNet,1,0.4663528425343938,0.5,core,False,1023,2024-08-16,4
2024-09-20,4w,XGBoost,1,0.516880214214325,0.5,core,False,1023,2024-08-16,4
2024-09-27,4w,HistoricalBaseRate,1,0.4921875,0.5,benchmark,False,1024,2024-08-23,4
2024-09-27,4w,Logistic,1,0.5082358357764509,0.5,core,False,1024,2024-08-23,4
2024-09-27,4w,ElasticNet,1,0.5074082300716026,0.5,core,False,1024,2024-08-23,4
2024-09-27,4w,XGBoost,1,0.5285254120826721,0.5,core,False,1024,2024-08-23,4
2024-10-04,4w,HistoricalBaseRate,1,0.4926829268292683,0.5,benchmark,False,1025,2024-08-30,4
2024-10-04,4w,Logistic,1,0.4183319224564567,0.5,core,False,1025,2024-08-30,4
2024-10-04,4w,ElasticNet,1,0.42042117664816675,0.5,core,False,1025,2024-08-30,4
2024-10-04,4w,XGBoost,1,0.37399613857269287,0.5,core,False,1025,2024-08-30,4
2024-10-11,4w,HistoricalBaseRate,1,0.49317738791423,0.5,benchmark,False,1026,2024-09-06,4
2024-10-11,4w,Logistic,1,0.4696264534086853,0.5,core,False,1026,2024-09-06,4
2024-10-11,4w,ElasticNet,1,0.47023567006511785,0.5,core,False,1026,2024-09-06,4
2024-10-11,4w,XGBoost,1,0.5334645509719849,0.5,core,False,1026,2024-09-06,4
2024-10-18,4w,HistoricalBaseRate,1,0.4936708860759494,0.5,benchmark,False,1027,2024-09-13,4
2024-10-18,4w,Logistic,1,0.446095189931036,0.5,core,False,1027,2024-09-13,4
2024-10-18,4w,ElasticNet,1,0.44568080755583883,0.5,core,False,1027,2024-09-13,4
2024-10-18,4w,XGBoost,1,0.4602794051170349,0.5,core,False,1027,2024-09-13,4
2024-10-25,4w,HistoricalBaseRate,1,0.49416342412451364,0.5,benchmark,False,1028,2024-09-20,4
2024-10-25,4w,Logistic,1,0.4646850737384756,0.5,core,False,1028,2024-09-20,4
2024-10-25,4w,ElasticNet,1,0.46505640815219035,0.5,core,False,1028,2024-09-20,4
2024-10-25,4w,XGBoost,1,0.5616443157196045,0.5,core,False,1028,2024-09-20,4
2024-11-01,4w,HistoricalBaseRate,1,0.4946550048590865,0.5,benchmark,False,1029,2024-09-27,4
2024-11-01,4w,Logistic,1,0.46992615487062495,0.5,core,False,1029,2024-09-27,4
2024-11-01,4w,ElasticNet,1,0.47085425734691727,0.5,core,False,1029,2024-09-27,4
2024-11-01,4w,XGBoost,1,0.5059378147125244,0.5,core,False,1029,2024-09-27,4
2024-11-08,4w,HistoricalBaseRate,1,0.49514563106796117,0.5,benchmark,False,1030,2024-10-04,4
2024-11-08,4w,Logistic,1,0.39342842325073074,0.5,core,False,1030,2024-10-04,4
2024-11-08,4w,ElasticNet,1,0.3953721463435227,0.5,core,False,1030,2024-10-04,4
2024-11-08,4w,XGBoost,1,0.4294602870941162,0.5,core,False,1030,2024-10-04,4
2024-11-15,4w,HistoricalBaseRate,1,0.495635305528613,0.5,benchmark,False,1031,2024-10-11,4
2024-11-15,4w,Logistic,1,0.4526723620082454,0.5,core,False,1031,2024-10-11,4
2024-11-15,4w,ElasticNet,1,0.45399760448275867,0.5,core,False,1031,2024-10-11,4
2024-11-15,4w,XGBoost,1,0.5638492703437805,0.5,core,False,1031,2024-10-11,4
2024-11-22,4w,HistoricalBaseRate,1,0.49612403100775193,0.5,benchmark,False,1032,2024-10-18,4
2024-11-22,4w,Logistic,1,0.4330901205980804,0.5,core,False,1032,2024-10-18,4
2024-11-22,4w,ElasticNet,1,0.4353205690059206,0.5,core,False,1032,2024-10-18,4
2024-11-22,4w,XGBoost,1,0.44266772270202637,0.5,core,False,1032,2024-10-18,4
2024-11-29,4w,HistoricalBaseRate,1,0.49661181026137463,0.5,benchmark,False,1033,2024-10-25,4
2024-11-29,4w,Logistic,1,0.4972722547815494,0.5,core,False,1033,2024-10-25,4
2024-11-29,4w,ElasticNet,1,0.49680502998284903,0.5,core,False,1033,2024-10-25,4
2024-11-29,4w,XGBoost,1,0.5137699246406555,0.5,core,False,1033,2024-10-25,4
2024-12-06,4w,HistoricalBaseRate,1,0.49709864603481624,0.5,benchmark,False,1034,2024-11-01,4
2024-12-06,4w,Logistic,1,0.45998386316750034,0.5,core,False,1034,2024-11-01,4
2024-12-06,4w,ElasticNet,1,0.46105297103235116,0.5,core,False,1034,2024-11-01,4
2024-12-06,4w,XGBoost,1,0.5104624032974243,0.5,core,False,1034,2024-11-01,4
2024-12-13,4w,HistoricalBaseRate,1,0.4975845410628019,0.5,benchmark,False,1035,2024-11-08,4
2024-12-13,4w,Logistic,1,0.4565451930037268,0.5,core,False,1035,2024-11-08,4
2024-12-13,4w,ElasticNet,1,0.4582322787175154,0.5,core,False,1035,2024-11-08,4
2024-12-13,4w,XGBoost,1,0.5490891337394714,0.5,core,False,1035,2024-11-08,4
2024-12-20,4w,HistoricalBaseRate,1,0.4980694980694981,0.5,benchmark,False,1036,2024-11-15,4
2024-12-20,4w,Logistic,1,0.49971186918739097,0.5,core,False,1036,2024-11-15,4
2024-12-20,4w,ElasticNet,1,0.5005762866056758,0.5,core,False,1036,2024-11-15,4
2024-12-20,4w,XGBoost,1,0.5483325123786926,0.5,core,False,1036,2024-11-15,4
2024-12-27,4w,HistoricalBaseRate,0,0.49855351976856316,0.5,benchmark,False,1037,2024-11-22,4
2024-12-27,4w,Logistic,0,0.4432162826405261,0.5,core,False,1037,2024-11-22,4
2024-12-27,4w,ElasticNet,0,0.4451873220591163,0.5,core,False,1037,2024-11-22,4
2024-12-27,4w,XGBoost,0,0.4951589107513428,0.5,core,False,1037,2024-11-22,4
2025-01-03,4w,HistoricalBaseRate,1,0.49903660886319845,0.5,benchmark,False,1038,2024-11-29,4
2025-01-03,4w,Logistic,1,0.4658926289155049,0.5,core,False,1038,2024-11-29,4
2025-01-03,4w,ElasticNet,1,0.46731850526207275,0.5,core,False,1038,2024-11-29,4
2025-01-03,4w,XGBoost,1,0.5233522653579712,0.5,core,False,1038,2024-11-29,4
2025-01-10,4w,HistoricalBaseRate,0,0.49951876804619827,0.5,benchmark,False,1039,2024-12-06,4
2025-01-10,4w,Logistic,0,0.48563864430167375,0.5,core,False,1039,2024-12-06,4
2025-01-10,4w,ElasticNet,0,0.4872588640096314,0.5,core,False,1039,2024-12-06,4
2025-01-10,4w,XGBoost,0,0.6096408367156982,0.5,core,False,1039,2024-12-06,4
2025-01-17,4w,HistoricalBaseRate,0,0.5,0.5,benchmark,False,1040,2024-12-13,4
2025-01-17,4w,Logistic,0,0.46566283739230113,0.5,core,False,1040,2024-12-13,4
2025-01-17,4w,ElasticNet,0,0.4669048579599331,0.5,core,False,1040,2024-12-13,4
2025-01-17,4w,XGBoost,0,0.5042610764503479,0.5,core,False,1040,2024-12-13,4
2025-01-24,4w,HistoricalBaseRate,0,0.5004803073967339,0.5,benchmark,False,1041,2024-12-20,4
2025-01-24,4w,Logistic,0,0.5285336319188241,0.5,core,False,1041,2024-12-20,4
2025-01-24,4w,ElasticNet,0,0.5281149058726898,0.5,core,False,1041,2024-12-20,4
2025-01-24,4w,XGBoost,0,0.5211338400840759,0.5,core,False,1041,2024-12-20,4
2025-01-31,4w,HistoricalBaseRate,0,0.5,0.5,benchmark,False,1042,2024-12-27,4
2025-01-31,4w,Logistic,0,0.5104806014459511,0.5,core,False,1042,2024-12-27,4
2025-01-31,4w,ElasticNet,0,0.5101125655960396,0.5,core,False,1042,2024-12-27,4
2025-01-31,4w,XGBoost,0,0.5646103620529175,0.5,core,False,1042,2024-12-27,4
2025-02-07,4w,HistoricalBaseRate,1,0.5004793863854267,0.5,benchmark,False,1043,2025-01-03,4
2025-02-07,4w,Logistic,1,0.5090946746097298,0.5,core,False,1043,2025-01-03,4
2025-02-07,4w,ElasticNet,1,0.509310285183148,0.5,core,False,1043,2025-01-03,4
2025-02-07,4w,XGBoost,1,0.5566911697387695,0.5,core,False,1043,2025-01-03,4
2025-02-14,4w,HistoricalBaseRate,1,0.5,0.5,benchmark,False,1044,2025-01-10,4
2025-02-14,4w,Logistic,1,0.49409785347212914,0.5,core,False,1044,2025-01-10,4
2025-02-14,4w,ElasticNet,1,0.4949627301513581,0.5,core,False,1044,2025-01-10,4
2025-02-14,4w,XGBoost,1,0.41224732995033264,0.5,core,False,1044,2025-01-10,4
2025-02-21,4w,HistoricalBaseRate,1,0.4995215311004785,0.5,benchmark,False,1045,2025-01-17,4
2025-02-21,4w,Logistic,1,0.5055871855444874,0.5,core,False,1045,2025-01-17,4
2025-02-21,4w,ElasticNet,1,0.5070451465072148,0.5,core,False,1045,2025-01-17,4
2025-02-21,4w,XGBoost,1,0.44985464215278625,0.5,core,False,1045,2025-01-17,4
2025-02-28,4w,HistoricalBaseRate,0,0.49904397705544934,0.5,benchmark,False,1046,2025-01-24,4
2025-02-28,4w,Logistic,0,0.4744100252591389,0.5,core,False,1046,2025-01-24,4
2025-02-28,4w,ElasticNet,0,0.4758211521070987,0.5,core,False,1046,2025-01-24,4
2025-02-28,4w,XGBoost,0,0.5219197869300842,0.5,core,False,1046,2025-01-24,4
2025-03-07,4w,HistoricalBaseRate,0,0.498567335243553,0.5,benchmark,False,1047,2025-01-31,4
2025-03-07,4w,Logistic,0,0.5864969029836887,0.5,core,False,1047,2025-01-31,4
2025-03-07,4w,ElasticNet,0,0.5841672259775144,0.5,core,False,1047,2025-01-31,4
2025-03-07,4w,XGBoost,0,0.5216538906097412,0.5,core,False,1047,2025-01-31,4
2025-03-14,4w,HistoricalBaseRate,0,0.49904580152671757,0.5,benchmark,False,1048,2025-02-07,4
2025-03-14,4w,Logistic,0,0.47283125182202146,0.5,core,False,1048,2025-02-07,4
2025-03-14,4w,ElasticNet,0,0.4736239809165905,0.5,core,False,1048,2025-02-07,4
2025-03-14,4w,XGBoost,0,0.5219202637672424,0.5,core,False,1048,2025-02-07,4
2025-03-21,4w,HistoricalBaseRate,0,0.49952335557673977,0.5,benchmark,False,1049,2025-02-14,4
2025-03-21,4w,Logistic,0,0.4529001443449734,0.5,core,False,1049,2025-02-14,4
2025-03-21,4w,ElasticNet,0,0.45489814779524496,0.5,core,False,1049,2025-02-14,4
2025-03-21,4w,XGBoost,0,0.4767065942287445,0.5,core,False,1049,2025-02-14,4
2025-03-28,4w,HistoricalBaseRate,0,0.5,0.5,benchmark,False,1050,2025-02-21,4
2025-03-28,4w,Logistic,0,0.510670287250081,0.5,core,False,1050,2025-02-21,4
2025-03-28,4w,ElasticNet,0,0.5115510431076443,0.5,core,False,1050,2025-02-21,4
2025-03-28,4w,XGBoost,0,0.5932294726371765,0.5,core,False,1050,2025-02-21,4
2025-04-04,4w,HistoricalBaseRate,0,0.4995242626070409,0.5,benchmark,False,1051,2025-02-28,4
2025-04-04,4w,Logistic,0,0.6999192536478629,0.5,core,False,1051,2025-02-28,4
2025-04-04,4w,ElasticNet,0,0.6974619875604068,0.5,core,False,1051,2025-02-28,4
2025-04-04,4w,XGBoost,0,0.5629319548606873,0.5,core,False,1051,2025-02-28,4
2025-04-11,4w,HistoricalBaseRate,1,0.4990494296577947,0.5,benchmark,False,1052,2025-03-07,4
2025-04-11,4w,Logistic,1,0.4546565343769416,0.5,core,False,1052,2025-03-07,4
2025-04-11,4w,ElasticNet,1,0.4559604115986927,0.5,core,False,1052,2025-03-07,4
2025-04-11,4w,XGBoost,1,0.3576483130455017,0.5,core,False,1052,2025-03-07,4
2025-04-18,4w,HistoricalBaseRate,1,0.4985754985754986,0.5,benchmark,False,1053,2025-03-14,4
2025-04-18,4w,Logistic,1,0.4303738280352258,0.5,core,False,1053,2025-03-14,4
2025-04-18,4w,ElasticNet,1,0.431743530995059,0.5,core,False,1053,2025-03-14,4
2025-04-18,4w,XGBoost,1,0.4140050411224365,0.5,core,False,1053,2025-03-14,4
2025-04-25,4w,HistoricalBaseRate,0,0.4981024667931689,0.5,benchmark,False,1054,2025-03-21,4
2025-04-25,4w,Logistic,0,0.4291595159308925,0.5,core,False,1054,2025-03-21,4
2025-04-25,4w,ElasticNet,0,0.4313089829681889,0.5,core,False,1054,2025-03-21,4
2025-04-25,4w,XGBoost,0,0.3970300555229187,0.5,core,False,1054,2025-03-21,4
2025-05-02,4w,HistoricalBaseRate,0,0.4976303317535545,0.5,benchmark,False,1055,2025-03-28,4
2025-05-02,4w,Logistic,0,0.46866651817459637,0.5,core,False,1055,2025-03-28,4
2025-05-02,4w,ElasticNet,0,0.4689380879222619,0.5,core,False,1055,2025-03-28,4
2025-05-02,4w,XGBoost,0,0.4641175866127014,0.5,core,False,1055,2025-03-28,4
2025-05-09,4w,HistoricalBaseRate,0,0.4971590909090909,0.5,benchmark,False,1056,2025-04-04,4
2025-05-09,4w,Logistic,0,0.44772157934717993,0.5,core,False,1056,2025-04-04,4
2025-05-09,4w,ElasticNet,0,0.44923808494566986,0.5,core,False,1056,2025-04-04,4
2025-05-09,4w,XGBoost,0,0.4867556095123291,0.5,core,False,1056,2025-04-04,4
2025-05-16,4w,HistoricalBaseRate,0,0.49763481551561023,0.5,benchmark,False,1057,2025-04-11,4
2025-05-16,4w,Logistic,0,0.42007873015293523,0.5,core,False,1057,2025-04-11,4
2025-05-16,4w,ElasticNet,0,0.42192454328872575,0.5,core,False,1057,2025-04-11,4
2025-05-16,4w,XGBoost,0,0.4617098569869995,0.5,core,False,1057,2025-04-11,4
2025-05-23,4w,HistoricalBaseRate,0,0.498109640831758,0.5,benchmark,False,1058,2025-04-18,4
2025-05-23,4w,Logistic,0,0.5438289764386983,0.5,core,False,1058,2025-04-18,4
2025-05-23,4w,ElasticNet,0,0.543415996666468,0.5,core,False,1058,2025-04-18,4
2025-05-23,4w,XGBoost,0,0.4642110764980316,0.5,core,False,1058,2025-04-18,4
2025-05-30,4w,HistoricalBaseRate,0,0.4976392823418319,0.5,benchmark,False,1059,2025-04-25,4
2025-05-30,4w,Logistic,0,0.435463571920521,0.5,core,False,1059,2025-04-25,4
2025-05-30,4w,ElasticNet,0,0.43759561742633,0.5,core,False,1059,2025-04-25,4
2025-05-30,4w,XGBoost,0,0.4283479154109955,0.5,core,False,1059,2025-04-25,4
2025-06-06,4w,HistoricalBaseRate,0,0.4971698113207547,0.5,benchmark,False,1060,2025-05-02,4
2025-06-06,4w,Logistic,0,0.44747905100629204,0.5,core,False,1060,2025-05-02,4
2025-06-06,4w,ElasticNet,0,0.449378296124372,0.5,core,False,1060,2025-05-02,4
2025-06-06,4w,XGBoost,0,0.5163925886154175,0.5,core,False,1060,2025-05-02,4
2025-06-13,4w,HistoricalBaseRate,1,0.49670122525918947,0.5,benchmark,False,1061,2025-05-09,4
2025-06-13,4w,Logistic,1,0.4830288135476506,0.5,core,False,1061,2025-05-09,4
2025-06-13,4w,ElasticNet,1,0.48457577008560215,0.5,core,False,1061,2025-05-09,4
2025-06-13,4w,XGBoost,1,0.4591939449310303,0.5,core,False,1061,2025-05-09,4
2025-06-20,4w,HistoricalBaseRate,0,0.4962335216572505,0.5,benchmark,False,1062,2025-05-16,4
2025-06-20,4w,Logistic,0,0.4298474346514245,0.5,core,False,1062,2025-05-16,4
2025-06-20,4w,ElasticNet,0,0.43213199856812334,0.5,core,False,1062,2025-05-16,4
2025-06-20,4w,XGBoost,0,0.5651055574417114,0.5,core,False,1062,2025-05-16,4
2025-06-27,4w,HistoricalBaseRate,1,0.49576669802445905,0.5,benchmark,False,1063,2025-05-23,4
2025-06-27,4w,Logistic,1,0.4798970942402989,0.5,core,False,1063,2025-05-23,4
2025-06-27,4w,ElasticNet,1,0.4798059798086806,0.5,core,False,1063,2025-05-23,4
2025-06-27,4w,XGBoost,1,0.40221741795539856,0.5,core,False,1063,2025-05-23,4
2025-07-04,4w,HistoricalBaseRate,1,0.49530075187969924,0.5,benchmark,False,1064,2025-05-30,4
2025-07-04,4w,Logistic,1,0.46296914122778343,0.5,core,False,1064,2025-05-30,4
2025-07-04,4w,ElasticNet,1,0.4636071826911673,0.5,core,False,1064,2025-05-30,4
2025-07-04,4w,XGBoost,1,0.5382608771324158,0.5,core,False,1064,2025-05-30,4
2025-07-11,4w,HistoricalBaseRate,1,0.49483568075117373,0.5,benchmark,False,1065,2025-06-06,4
2025-07-11,4w,Logistic,1,0.42708490733751275,0.5,core,False,1065,2025-06-06,4
2025-07-11,4w,ElasticNet,1,0.4291018211647996,0.5,core,False,1065,2025-06-06,4
2025-07-11,4w,XGBoost,1,0.5343620777130127,0.5,core,False,1065,2025-06-06,4
2025-07-18,4w,HistoricalBaseRate,1,0.49530956848030017,0.5,benchmark,False,1066,2025-06-13,4
2025-07-18,4w,Logistic,1,0.442364097128341,0.5,core,False,1066,2025-06-13,4
2025-07-18,4w,ElasticNet,1,0.44418771323920814,0.5,core,False,1066,2025-06-13,4
2025-07-18,4w,XGBoost,1,0.4560716450214386,0.5,core,False,1066,2025-06-13,4
2025-07-25,4w,HistoricalBaseRate,1,0.4948453608247423,0.5,benchmark,False,1067,2025-06-20,4
2025-07-25,4w,Logistic,1,0.4583814698755285,0.5,core,False,1067,2025-06-20,4
2025-07-25,4w,ElasticNet,1,0.45900621691299637,0.5,core,False,1067,2025-06-20,4
2025-07-25,4w,XGBoost,1,0.5252617001533508,0.5,core,False,1067,2025-06-20,4
2025-08-01,4w,HistoricalBaseRate,0,0.4953183520599251,0.5,benchmark,False,1068,2025-06-27,4
2025-08-01,4w,Logistic,0,0.45794025153467605,0.5,core,False,1068,2025-06-27,4
2025-08-01,4w,ElasticNet,0,0.46079820990678544,0.5,core,False,1068,2025-06-27,4
2025-08-01,4w,XGBoost,0,0.5521100759506226,0.5,core,False,1068,2025-06-27,4
2025-08-08,4w,HistoricalBaseRate,1,0.49579045837231056,0.5,benchmark,False,1069,2025-07-04,4
2025-08-08,4w,Logistic,1,0.4537987476915027,0.5,core,False,1069,2025-07-04,4
2025-08-08,4w,ElasticNet,1,0.45406054311768995,0.5,core,False,1069,2025-07-04,4
2025-08-08,4w,XGBoost,1,0.44649049639701843,0.5,core,False,1069,2025-07-04,4
2025-08-15,4w,HistoricalBaseRate,1,0.49626168224299066,0.5,benchmark,False,1070,2025-07-11,4
2025-08-15,4w,Logistic,1,0.4745855362257469,0.5,core,False,1070,2025-07-11,4
2025-08-15,4w,ElasticNet,1,0.47525864032810067,0.5,core,False,1070,2025-07-11,4
2025-08-15,4w,XGBoost,1,0.5230091214179993,0.5,core,False,1070,2025-07-11,4
2025-08-22,4w,HistoricalBaseRate,0,0.49673202614379086,0.5,benchmark,False,1071,2025-07-18,4
2025-08-22,4w,Logistic,0,0.4613816936609048,0.5,core,False,1071,2025-07-18,4
2025-08-22,4w,ElasticNet,0,0.46285147558415507,0.5,core,False,1071,2025-07-18,4
2025-08-22,4w,XGBoost,0,0.4751688539981842,0.5,core,False,1071,2025-07-18,4
2025-08-29,4w,HistoricalBaseRate,1,0.49720149253731344,0.5,benchmark,False,1072,2025-07-25,4
2025-08-29,4w,Logistic,1,0.4833995343805311,0.5,core,False,1072,2025-07-25,4
2025-08-29,4w,ElasticNet,1,0.4842622765114892,0.5,core,False,1072,2025-07-25,4
2025-08-29,4w,XGBoost,1,0.5456956624984741,0.5,core,False,1072,2025-07-25,4
2025-09-05,4w,HistoricalBaseRate,1,0.4967381174277726,0.5,benchmark,False,1073,2025-08-01,4
2025-09-05,4w,Logistic,1,0.48148306704761523,0.5,core,False,1073,2025-08-01,4
2025-09-05,4w,ElasticNet,1,0.48236485280406566,0.5,core,False,1073,2025-08-01,4
2025-09-05,4w,XGBoost,1,0.4814688265323639,0.5,core,False,1073,2025-08-01,4
2025-09-12,4w,HistoricalBaseRate,1,0.4972067039106145,0.5,benchmark,False,1074,2025-08-08,4
2025-09-12,4w,Logistic,1,0.47522510923040634,0.5,core,False,1074,2025-08-08,4
2025-09-12,4w,ElasticNet,1,0.47597818771644745,0.5,core,False,1074,2025-08-08,4
2025-09-12,4w,XGBoost,1,0.5479384064674377,0.5,core,False,1074,2025-08-08,4
2025-09-19,4w,HistoricalBaseRate,1,0.49767441860465117,0.5,benchmark,False,1075,2025-08-15,4
2025-09-19,4w,Logistic,1,0.4718170315459511,0.5,core,False,1075,2025-08-15,4
2025-09-19,4w,ElasticNet,1,0.4729415199788056,0.5,core,False,1075,2025-08-15,4
2025-09-19,4w,XGBoost,1,0.4896208941936493,0.5,core,False,1075,2025-08-15,4
2025-09-26,4w,HistoricalBaseRate,1,0.4972118959107807,0.5,benchmark,False,1076,2025-08-22,4
2025-09-26,4w,Logistic,1,0.4481257404574166,0.5,core,False,1076,2025-08-22,4
2025-09-26,4w,ElasticNet,1,0.44979131015762164,0.5,core,False,1076,2025-08-22,4
2025-09-26,4w,XGBoost,1,0.4486883878707886,0.5,core,False,1076,2025-08-22,4
2025-10-03,4w,HistoricalBaseRate,1,0.4976787372330548,0.5,benchmark,False,1077,2025-08-29,4
2025-10-03,4w,Logistic,1,0.5183311779131015,0.5,core,False,1077,2025-08-29,4
2025-10-03,4w,ElasticNet,1,0.5179180023646486,0.5,core,False,1077,2025-08-29,4
2025-10-03,4w,XGBoost,1,0.5671103596687317,0.5,core,False,1077,2025-08-29,4
2025-10-10,4w,HistoricalBaseRate,1,0.49814471243042674,0.5,benchmark,False,1078,2025-09-05,4
2025-10-10,4w,Logistic,1,0.47702617050239576,0.5,core,False,1078,2025-09-05,4
2025-10-10,4w,ElasticNet,1,0.4786109158226715,0.5,core,False,1078,2025-09-05,4
2025-10-10,4w,XGBoost,1,0.4437285363674164,0.5,core,False,1078,2025-09-05,4
2025-10-17,4w,HistoricalBaseRate,0,0.4986098239110287,0.5,benchmark,False,1079,2025-09-12,4
2025-10-17,4w,Logistic,0,0.4921103250683236,0.5,core,False,1079,2025-09-12,4
2025-10-17,4w,ElasticNet,0,0.4926032782104087,0.5,core,False,1079,2025-09-12,4
2025-10-17,4w,XGBoost,0,0.5224874019622803,0.5,core,False,1079,2025-09-12,4
2025-10-24,4w,HistoricalBaseRate,1,0.49907407407407406,0.5,benchmark,False,1080,2025-09-19,4
2025-10-24,4w,Logistic,1,0.43932407806362617,0.5,core,False,1080,2025-09-19,4
2025-10-24,4w,ElasticNet,1,0.441004398118456,0.5,core,False,1080,2025-09-19,4
2025-10-24,4w,XGBoost,1,0.3647199273109436,0.5,core,False,1080,2025-09-19,4
2025-10-31,4w,HistoricalBaseRate,0,0.49953746530989823,0.5,benchmark,False,1081,2025-09-26,4
2025-10-31,4w,Logistic,0,0.4851085499718216,0.5,core,False,1081,2025-09-26,4
2025-10-31,4w,ElasticNet,0,0.4855837387509556,0.5,core,False,1081,2025-09-26,4
2025-10-31,4w,XGBoost,0,0.515761137008667,0.5,core,False,1081,2025-09-26,4
2025-11-07,4w,HistoricalBaseRate,0,0.5,0.5,benchmark,False,1082,2025-10-03,4
2025-11-07,4w,Logistic,0,0.48817974474086206,0.5,core,False,1082,2025-10-03,4
2025-11-07,4w,ElasticNet,0,0.48955950536094733,0.5,core,False,1082,2025-10-03,4
2025-11-07,4w,XGBoost,0,0.4932628273963928,0.5,core,False,1082,2025-10-03,4
2025-11-14,4w,HistoricalBaseRate,0,0.5004616805170822,0.5,benchmark,False,1083,2025-10-10,4
2025-11-14,4w,Logistic,0,0.5048254226119568,0.5,core,False,1083,2025-10-10,4
2025-11-14,4w,ElasticNet,0,0.505306588541524,0.5,core,False,1083,2025-10-10,4
2025-11-14,4w,XGBoost,0,0.5675546526908875,0.5,core,False,1083,2025-10-10,4
2025-11-21,4w,HistoricalBaseRate,0,0.5,0.5,benchmark,False,1084,2025-10-17,4
2025-11-21,4w,Logistic,0,0.48654205041827253,0.5,core,False,1084,2025-10-17,4
2025-11-21,4w,ElasticNet,0,0.488091448242016,0.5,core,False,1084,2025-10-17,4
2025-11-21,4w,XGBoost,0,0.5091463327407837,0.5,core,False,1084,2025-10-17,4
2025-11-28,4w,HistoricalBaseRate,0,0.5004608294930876,0.5,benchmark,False,1085,2025-10-24,4
2025-11-28,4w,Logistic,0,0.46599810566683136,0.5,core,False,1085,2025-10-24,4
2025-11-28,4w,ElasticNet,0,0.46733268073290835,0.5,core,False,1085,2025-10-24,4
2025-11-28,4w,XGBoost,0,0.4327060878276825,0.5,core,False,1085,2025-10-24,4
2025-12-05,4w,HistoricalBaseRate,0,0.5,0.5,benchmark,False,1086,2025-10-31,4
2025-12-05,4w,Logistic,0,0.4776156251584177,0.5,core,False,1086,2025-10-31,4
2025-12-05,4w,ElasticNet,0,0.4793155321808363,0.5,core,False,1086,2025-10-31,4
2025-12-05,4w,XGBoost,0,0.5409458875656128,0.5,core,False,1086,2025-10-31,4
2025-12-12,4w,HistoricalBaseRate,1,0.49954001839926404,0.5,benchmark,False,1087,2025-11-07,4
2025-12-12,4w,Logistic,1,0.5004691318972326,0.5,core,False,1087,2025-11-07,4
2025-12-12,4w,ElasticNet,1,0.5011912836620075,0.5,core,False,1087,2025-11-07,4
2025-12-12,4w,XGBoost,1,0.5253130197525024,0.5,core,False,1087,2025-11-07,4
2025-12-19,4w,HistoricalBaseRate,1,0.4990808823529412,0.5,benchmark,False,1088,2025-11-14,4
2025-12-19,4w,Logistic,1,0.47822873749866945,0.5,core,False,1088,2025-11-14,4
2025-12-19,4w,ElasticNet,1,0.47916415333358386,0.5,core,False,1088,2025-11-14,4
2025-12-19,4w,XGBoost,1,0.4778870642185211,0.5,core,False,1088,2025-11-14,4
2025-12-26,4w,HistoricalBaseRate,1,0.4986225895316804,0.5,benchmark,False,1089,2025-11-21,4
2025-12-26,4w,Logistic,1,0.4890442917514529,0.5,core,False,1089,2025-11-21,4
2025-12-26,4w,ElasticNet,1,0.489791398224845,0.5,core,False,1089,2025-11-21,4
2025-12-26,4w,XGBoost,1,0.4235166609287262,0.5,core,False,1089,2025-11-21,4
2026-01-02,4w,HistoricalBaseRate,0,0.4981651376146789,0.5,benchmark,False,1090,2025-11-28,4
2026-01-02,4w,Logistic,0,0.4745177891497591,0.5,core,False,1090,2025-11-28,4
2026-01-02,4w,ElasticNet,0,0.47563402819768213,0.5,core,False,1090,2025-11-28,4
2026-01-02,4w,XGBoost,0,0.5208708047866821,0.5,core,False,1090,2025-11-28,4
2026-01-09,4w,HistoricalBaseRate,0,0.4977085242896425,0.5,benchmark,False,1091,2025-12-05,4
2026-01-09,4w,Logistic,0,0.4598424448792199,0.5,core,False,1091,2025-12-05,4
2026-01-09,4w,ElasticNet,0,0.4612086784559201,0.5,core,False,1091,2025-12-05,4
2026-01-09,4w,XGBoost,0,0.5527992844581604,0.5,core,False,1091,2025-12-05,4
2026-01-16,4w,HistoricalBaseRate,0,0.4981684981684982,0.5,benchmark,False,1092,2025-12-12,4
2026-01-16,4w,Logistic,0,0.4884161863091241,0.5,core,False,1092,2025-12-12,4
2026-01-16,4w,ElasticNet,0,0.48885900102922236,0.5,core,False,1092,2025-12-12,4
2026-01-16,4w,XGBoost,0,0.5164328217506409,0.5,core,False,1092,2025-12-12,4
2026-01-23,4w,HistoricalBaseRate,0,0.4986276303751144,0.5,benchmark,False,1093,2025-12-19,4
2026-01-23,4w,Logistic,0,0.5193046345902926,0.5,core,False,1093,2025-12-19,4
2026-01-23,4w,ElasticNet,0,0.5191438862836941,0.5,core,False,1093,2025-12-19,4
2026-01-23,4w,XGBoost,0,0.5581181645393372,0.5,core,False,1093,2025-12-19,4
2026-01-30,4w,HistoricalBaseRate,1,0.4990859232175503,0.5,benchmark,False,1094,2025-12-26,4
2026-01-30,4w,Logistic,1,0.5137525536936962,0.5,core,False,1094,2025-12-26,4
2026-01-30,4w,ElasticNet,1,0.5138937182003774,0.5,core,False,1094,2025-12-26,4
2026-01-30,4w,XGBoost,1,0.4976004362106323,0.5,core,False,1094,2025-12-26,4
2026-02-06,4w,HistoricalBaseRate,0,0.4986301369863014,0.5,benchmark,False,1095,2026-01-02,4
2026-02-06,4w,Logistic,0,0.46531667308772595,0.5,core,False,1095,2026-01-02,4
2026-02-06,4w,ElasticNet,0,0.4668330501932261,0.5,core,False,1095,2026-01-02,4
2026-02-06,4w,XGBoost,0,0.4645176827907562,0.5,core,False,1095,2026-01-02,4
2026-02-13,4w,HistoricalBaseRate,1,0.4981751824817518,0.5,benchmark,False,1096,2026-01-09,4
2026-02-13,4w,Logistic,1,0.523265352451617,0.5,core,False,1096,2026-01-09,4
2026-02-13,4w,ElasticNet,1,0.5229131384080798,0.5,core,False,1096,2026-01-09,4
2026-02-13,4w,XGBoost,1,0.5085047483444214,0.5,core,False,1096,2026-01-09,4
2026-02-20,4w,HistoricalBaseRate,1,0.4977210574293528,0.5,benchmark,False,1097,2026-01-16,4
2026-02-20,4w,Logistic,1,0.44387419883652,0.5,core,False,1097,2026-01-16,4
2026-02-20,4w,ElasticNet,1,0.4453423213838796,0.5,core,False,1097,2026-01-16,4
2026-02-20,4w,XGBoost,1,0.4670120179653168,0.5,core,False,1097,2026-01-16,4
2026-02-27,4w,HistoricalBaseRate,1,0.4972677595628415,0.5,benchmark,False,1098,2026-01-23,4
2026-02-27,4w,Logistic,1,0.4806902170092159,0.5,core,False,1098,2026-01-23,4
2026-02-27,4w,ElasticNet,1,0.48165338449083045,0.5,core,False,1098,2026-01-23,4
2026-02-27,4w,XGBoost,1,0.5067152976989746,0.5,core,False,1098,2026-01-23,4
2026-03-06,4w,HistoricalBaseRate,1,0.49772520473157417,0.5,benchmark,False,1099,2026-01-30,4
2026-03-06,4w,Logistic,1,0.43979196064583415,0.5,core,False,1099,2026-01-30,4
2026-03-06,4w,ElasticNet,1,0.44375565386805343,0.5,core,False,1099,2026-01-30,4
2026-03-06,4w,XGBoost,1,0.483810156583786,0.5,core,False,1099,2026-01-30,4
2026-03-13,4w,HistoricalBaseRate,1,0.49727272727272726,0.5,benchmark,False,1100,2026-02-06,4
2026-03-13,4w,Logistic,1,0.41430055449225345,0.5,core,False,1100,2026-02-06,4
2026-03-13,4w,ElasticNet,1,0.41683581258358515,0.5,core,False,1100,2026-02-06,4
2026-03-13,4w,XGBoost,1,0.40054991841316223,0.5,core,False,1100,2026-02-06,4
2026-03-20,4w,HistoricalBaseRate,0,0.4977293369663942,0.5,benchmark,False,1101,2026-02-13,4
2026-03-20,4w,Logistic,0,0.485786288252819,0.5,core,False,1101,2026-02-13,4
2026-03-20,4w,ElasticNet,0,0.486472189310363,0.5,core,False,1101,2026-02-13,4
2026-03-20,4w,XGBoost,0,0.4866001009941101,0.5,core,False,1101,2026-02-13,4
2026-03-27,4w,HistoricalBaseRate,0,0.4981851179673321,0.5,benchmark,False,1102,2026-02-20,4
2026-03-27,4w,Logistic,0,0.47514265672192185,0.5,core,False,1102,2026-02-20,4
2026-03-27,4w,ElasticNet,0,0.47663692330893553,0.5,core,False,1102,2026-02-20,4
2026-03-27,4w,XGBoost,0,0.5214060544967651,0.5,core,False,1102,2026-02-20,4
