date,horizon,model,actual,probability_up,threshold,feature_set,tuned,n_train,train_end,gap
2020-01-03,1w,HistoricalBaseRate,1,0.48717948717948717,0.5,benchmark,False,780,2019-12-20,1
2020-01-03,1w,ElasticNet,1,0.48924521010140326,0.49,core,True,780,2019-12-20,1
2020-01-03,1w,Logistic,1,0.4904872510782882,0.5,core,True,780,2019-12-20,1
2020-01-03,1w,XGBoost,1,0.48980340361595154,0.51,extended,True,777,2019-12-20,1
2020-01-10,1w,HistoricalBaseRate,1,0.48655569782330343,0.5,benchmark,False,781,2019-12-27,1
2020-01-10,1w,ElasticNet,1,0.5000725547451224,0.49,core,True,781,2019-12-27,1
2020-01-10,1w,Logistic,1,0.4855980329113497,0.5,core,True,781,2019-12-27,1
2020-01-10,1w,XGBoost,1,0.4888080954551697,0.51,extended,True,778,2019-12-27,1
2020-01-17,1w,HistoricalBaseRate,1,0.48721227621483376,0.5,benchmark,False,782,2020-01-03,1
2020-01-17,1w,ElasticNet,1,0.49217284198822914,0.49,core,True,782,2020-01-03,1
2020-01-17,1w,Logistic,1,0.492351988019335,0.5,core,True,782,2020-01-03,1
2020-01-17,1w,XGBoost,1,0.49795466661453247,0.51,extended,True,779,2020-01-03,1
2020-01-24,1w,HistoricalBaseRate,1,0.4878671775223499,0.5,benchmark,False,783,2020-01-10,1
2020-01-24,1w,ElasticNet,1,0.5050656333269865,0.49,core,True,783,2020-01-10,1
2020-01-24,1w,Logistic,1,0.4958571099254107,0.5,core,True,783,2020-01-10,1
2020-01-24,1w,XGBoost,1,0.5132561922073364,0.51,extended,True,780,2020-01-10,1
2020-01-31,1w,HistoricalBaseRate,1,0.4885204081632653,0.5,benchmark,False,784,2020-01-17,1
2020-01-31,1w,ElasticNet,1,0.5167671095776271,0.49,core,True,784,2020-01-17,1
2020-01-31,1w,Logistic,1,0.48909522405417666,0.5,core,True,784,2020-01-17,1
2020-01-31,1w,XGBoost,1,0.5136321783065796,0.51,extended,True,781,2020-01-17,1
2020-02-07,1w,HistoricalBaseRate,0,0.489171974522293,0.5,benchmark,False,785,2020-01-24,1
2020-02-07,1w,ElasticNet,0,0.5101209075120592,0.49,core,True,785,2020-01-24,1
2020-02-07,1w,Logistic,0,0.4888107201450009,0.5,core,True,785,2020-01-24,1
2020-02-07,1w,XGBoost,0,0.5033875107765198,0.51,extended,True,782,2020-01-24,1
2020-02-14,1w,HistoricalBaseRate,0,0.48982188295165396,0.5,benchmark,False,786,2020-01-31,1
2020-02-14,1w,ElasticNet,0,0.49939987496433713,0.49,core,True,786,2020-01-31,1
2020-02-14,1w,Logistic,0,0.4865610755159631,0.5,core,True,786,2020-01-31,1
2020-02-14,1w,XGBoost,0,0.4887482523918152,0.51,extended,True,783,2020-01-31,1
2020-02-21,1w,HistoricalBaseRate,1,0.4891994917407878,0.5,benchmark,False,787,2020-02-07,1
2020-02-21,1w,ElasticNet,1,0.4790631033925936,0.49,core,True,787,2020-02-07,1
2020-02-21,1w,Logistic,1,0.48932896493538597,0.5,core,True,787,2020-02-07,1
2020-02-21,1w,XGBoost,1,0.5138716697692871,0.51,extended,True,784,2020-02-07,1
2020-02-28,1w,HistoricalBaseRate,1,0.4885786802030457,0.5,benchmark,False,788,2020-02-14,1
2020-02-28,1w,ElasticNet,1,0.489958583883271,0.49,core,True,788,2020-02-14,1
2020-02-28,1w,Logistic,1,0.5001168997158456,0.5,core,True,788,2020-02-14,1
2020-02-28,1w,XGBoost,1,0.5127120018005371,0.51,extended,True,785,2020-02-14,1
2020-03-06,1w,HistoricalBaseRate,1,0.4892268694550063,0.5,benchmark,False,789,2020-02-21,1
2020-03-06,1w,ElasticNet,1,0.4870233890813454,0.49,core,True,789,2020-02-21,1
2020-03-06,1w,Logistic,1,0.4985780095368652,0.5,core,True,789,2020-02-21,1
2020-03-06,1w,XGBoost,1,0.5120993256568909,0.51,extended,True,786,2020-02-21,1
2020-03-13,1w,HistoricalBaseRate,1,0.489873417721519,0.5,benchmark,False,790,2020-02-28,1
2020-03-13,1w,ElasticNet,1,0.48389277748601073,0.49,core,True,790,2020-02-28,1
2020-03-13,1w,Logistic,1,0.5313787073886351,0.5,core,True,790,2020-02-28,1
2020-03-13,1w,XGBoost,1,0.5112787485122681,0.51,extended,True,787,2020-02-28,1
2020-03-20,1w,HistoricalBaseRate,0,0.49051833122629585,0.5,benchmark,False,791,2020-03-06,1
2020-03-20,1w,ElasticNet,0,0.46448438204036446,0.49,core,True,791,2020-03-06,1
2020-03-20,1w,Logistic,0,0.5226270266453337,0.5,core,True,791,2020-03-06,1
2020-03-20,1w,XGBoost,0,0.5143452286720276,0.51,extended,True,788,2020-03-06,1
2020-03-27,1w,HistoricalBaseRate,1,0.4911616161616162,0.5,benchmark,False,792,2020-03-13,1
2020-03-27,1w,ElasticNet,1,0.49226586925688576,0.49,core,True,792,2020-03-13,1
2020-03-27,1w,Logistic,1,0.5104048088214778,0.5,core,True,792,2020-03-13,1
2020-03-27,1w,XGBoost,1,0.4606786370277405,0.51,extended,True,789,2020-03-13,1
2020-04-03,1w,HistoricalBaseRate,0,0.4905422446406053,0.5,benchmark,False,793,2020-03-20,1
2020-04-03,1w,ElasticNet,0,0.4874374747545897,0.49,core,True,793,2020-03-20,1
2020-04-03,1w,Logistic,0,0.43825429168329344,0.5,core,True,793,2020-03-20,1
2020-04-03,1w,XGBoost,0,0.4829021394252777,0.51,extended,True,790,2020-03-20,1
2020-04-10,1w,HistoricalBaseRate,1,0.491183879093199,0.5,benchmark,False,794,2020-03-27,1
2020-04-10,1w,ElasticNet,1,0.4909606889435909,0.49,core,True,794,2020-03-27,1
2020-04-10,1w,Logistic,1,0.5040594051640735,0.5,core,True,794,2020-03-27,1
2020-04-10,1w,XGBoost,1,0.4625127613544464,0.51,extended,True,791,2020-03-27,1
2020-04-17,1w,HistoricalBaseRate,1,0.49056603773584906,0.5,benchmark,False,795,2020-04-03,1
2020-04-17,1w,ElasticNet,1,0.4949993816400404,0.49,core,True,795,2020-04-03,1
2020-04-17,1w,Logistic,1,0.498722604110241,0.5,core,True,795,2020-04-03,1
2020-04-17,1w,XGBoost,1,0.49388134479522705,0.51,extended,True,792,2020-04-03,1
2020-04-24,1w,HistoricalBaseRate,1,0.49120603015075376,0.5,benchmark,False,796,2020-04-10,1
2020-04-24,1w,ElasticNet,1,0.4901329988023137,0.49,core,True,796,2020-04-10,1
2020-04-24,1w,Logistic,1,0.4994635063515526,0.5,core,True,796,2020-04-10,1
2020-04-24,1w,XGBoost,1,0.4954146146774292,0.51,extended,True,793,2020-04-10,1
2020-05-01,1w,HistoricalBaseRate,0,0.4918444165621079,0.5,benchmark,False,797,2020-04-17,1
2020-05-01,1w,ElasticNet,0,0.492566862962852,0.49,core,True,797,2020-04-17,1
2020-05-01,1w,Logistic,0,0.4814782755247594,0.5,core,True,797,2020-04-17,1
2020-05-01,1w,XGBoost,0,0.48772314190864563,0.51,extended,True,794,2020-04-17,1
2020-05-08,1w,HistoricalBaseRate,1,0.4924812030075188,0.5,benchmark,False,798,2020-04-24,1
2020-05-08,1w,ElasticNet,1,0.4898600095243744,0.49,core,True,798,2020-04-24,1
2020-05-08,1w,Logistic,1,0.46437655938009553,0.5,core,True,798,2020-04-24,1
2020-05-08,1w,XGBoost,1,0.45408114790916443,0.51,extended,True,795,2020-04-24,1
2020-05-15,1w,HistoricalBaseRate,0,0.4918648310387985,0.5,benchmark,False,799,2020-05-01,1
2020-05-15,1w,ElasticNet,0,0.46925730269979793,0.49,core,True,799,2020-05-01,1
2020-05-15,1w,Logistic,0,0.47969559846907384,0.5,core,True,799,2020-05-01,1
2020-05-15,1w,XGBoost,0,0.5022974610328674,0.51,extended,True,796,2020-05-01,1
2020-05-22,1w,HistoricalBaseRate,0,0.4925,0.5,benchmark,False,800,2020-05-08,1
2020-05-22,1w,ElasticNet,0,0.49733201339691235,0.49,core,True,800,2020-05-08,1
2020-05-22,1w,Logistic,0,0.48351881003761654,0.5,core,True,800,2020-05-08,1
2020-05-22,1w,XGBoost,0,0.4889897406101227,0.51,extended,True,797,2020-05-08,1
2020-05-29,1w,HistoricalBaseRate,0,0.4918851435705368,0.5,benchmark,False,801,2020-05-15,1
2020-05-29,1w,ElasticNet,0,0.4892384414065718,0.49,core,True,801,2020-05-15,1
2020-05-29,1w,Logistic,0,0.4894631912467351,0.5,core,True,801,2020-05-15,1
2020-05-29,1w,XGBoost,0,0.45967382192611694,0.51,extended,True,798,2020-05-15,1
2020-06-05,1w,HistoricalBaseRate,1,0.4912718204488778,0.5,benchmark,False,802,2020-05-22,1
2020-06-05,1w,ElasticNet,1,0.49495979287178704,0.49,core,True,802,2020-05-22,1
2020-06-05,1w,Logistic,1,0.4808076938113877,0.5,core,True,802,2020-05-22,1
2020-06-05,1w,XGBoost,1,0.4596394896507263,0.51,extended,True,799,2020-05-22,1
2020-06-12,1w,HistoricalBaseRate,1,0.49066002490660027,0.5,benchmark,False,803,2020-05-29,1
2020-06-12,1w,ElasticNet,1,0.4911015903723117,0.49,core,True,803,2020-05-29,1
2020-06-12,1w,Logistic,1,0.5080949898557718,0.5,core,True,803,2020-05-29,1
2020-06-12,1w,XGBoost,1,0.5217233896255493,0.51,extended,True,800,2020-05-29,1
2020-06-19,1w,HistoricalBaseRate,1,0.49129353233830847,0.5,benchmark,False,804,2020-06-05,1
2020-06-19,1w,ElasticNet,1,0.48980769111846767,0.49,core,True,804,2020-06-05,1
2020-06-19,1w,Logistic,1,0.48067636811704906,0.5,core,True,804,2020-06-05,1
2020-06-19,1w,XGBoost,1,0.4843178391456604,0.51,extended,True,801,2020-06-05,1
2020-06-26,1w,HistoricalBaseRate,0,0.4919254658385093,0.5,benchmark,False,805,2020-06-12,1
2020-06-26,1w,ElasticNet,0,0.493060854202938,0.49,core,True,805,2020-06-12,1
2020-06-26,1w,Logistic,0,0.49290078661282616,0.5,core,True,805,2020-06-12,1
2020-06-26,1w,XGBoost,0,0.5041227340698242,0.51,extended,True,802,2020-06-12,1
2020-07-03,1w,HistoricalBaseRate,0,0.49255583126550867,0.5,benchmark,False,806,2020-06-19,1
2020-07-03,1w,ElasticNet,0,0.48748166903523865,0.49,core,True,806,2020-06-19,1
2020-07-03,1w,Logistic,0,0.4812746355085991,0.5,core,True,806,2020-06-19,1
2020-07-03,1w,XGBoost,0,0.47320473194122314,0.51,extended,True,803,2020-06-19,1
2020-07-10,1w,HistoricalBaseRate,0,0.4919454770755886,0.5,benchmark,False,807,2020-06-26,1
2020-07-10,1w,ElasticNet,0,0.4931543225748425,0.49,core,True,807,2020-06-26,1
2020-07-10,1w,Logistic,0,0.49071025314905053,0.5,core,True,807,2020-06-26,1
2020-07-10,1w,XGBoost,0,0.49117034673690796,0.51,extended,True,804,2020-06-26,1
2020-07-17,1w,HistoricalBaseRate,0,0.49133663366336633,0.5,benchmark,False,808,2020-07-03,1
2020-07-17,1w,ElasticNet,0,0.494032190869243,0.49,core,True,808,2020-07-03,1
2020-07-17,1w,Logistic,0,0.4910476292901822,0.5,core,True,808,2020-07-03,1
2020-07-17,1w,XGBoost,0,0.49160313606262207,0.51,extended,True,805,2020-07-03,1
2020-07-24,1w,HistoricalBaseRate,0,0.4907292954264524,0.5,benchmark,False,809,2020-07-10,1
2020-07-24,1w,ElasticNet,0,0.4915058280659264,0.49,core,True,809,2020-07-10,1
2020-07-24,1w,Logistic,0,0.4927219514602744,0.5,core,True,809,2020-07-10,1
2020-07-24,1w,XGBoost,0,0.4764339029788971,0.51,extended,True,806,2020-07-10,1
2020-07-31,1w,HistoricalBaseRate,1,0.4901234567901235,0.5,benchmark,False,810,2020-07-17,1
2020-07-31,1w,ElasticNet,1,0.4822306071003046,0.49,core,True,810,2020-07-17,1
2020-07-31,1w,Logistic,1,0.48850732250245055,0.5,core,True,810,2020-07-17,1
2020-07-31,1w,XGBoost,1,0.4951460659503937,0.51,extended,True,807,2020-07-17,1
2020-08-07,1w,HistoricalBaseRate,0,0.48951911220715166,0.5,benchmark,False,811,2020-07-24,1
2020-08-07,1w,ElasticNet,0,0.47296247064067226,0.49,core,True,811,2020-07-24,1
2020-08-07,1w,Logistic,0,0.48766229103187325,0.5,core,True,811,2020-07-24,1
2020-08-07,1w,XGBoost,0,0.48296040296554565,0.51,extended,True,808,2020-07-24,1
2020-08-14,1w,HistoricalBaseRate,0,0.49014778325123154,0.5,benchmark,False,812,2020-07-31,1
2020-08-14,1w,ElasticNet,0,0.4807960504912536,0.49,core,True,812,2020-07-31,1
2020-08-14,1w,Logistic,0,0.4870463665828753,0.5,core,True,812,2020-07-31,1
2020-08-14,1w,XGBoost,0,0.4764332175254822,0.51,extended,True,809,2020-07-31,1
2020-08-21,1w,HistoricalBaseRate,0,0.48954489544895446,0.5,benchmark,False,813,2020-08-07,1
2020-08-21,1w,ElasticNet,0,0.4910080628771313,0.49,core,True,813,2020-08-07,1
2020-08-21,1w,Logistic,0,0.48786912966426416,0.5,core,True,813,2020-08-07,1
2020-08-21,1w,XGBoost,0,0.49394485354423523,0.51,extended,True,810,2020-08-07,1
2020-08-28,1w,HistoricalBaseRate,0,0.48894348894348894,0.5,benchmark,False,814,2020-08-14,1
2020-08-28,1w,ElasticNet,0,0.4878064895079428,0.49,core,True,814,2020-08-14,1
2020-08-28,1w,Logistic,0,0.4874859100679267,0.5,core,True,814,2020-08-14,1
2020-08-28,1w,XGBoost,0,0.4832523763179779,0.51,extended,True,811,2020-08-14,1
2020-09-04,1w,HistoricalBaseRate,1,0.4883435582822086,0.5,benchmark,False,815,2020-08-21,1
2020-09-04,1w,ElasticNet,1,0.486454262207675,0.49,core,True,815,2020-08-21,1
2020-09-04,1w,Logistic,1,0.5022624043855213,0.5,core,True,815,2020-08-21,1
2020-09-04,1w,XGBoost,1,0.5207065343856812,0.51,extended,True,812,2020-08-21,1
2020-09-11,1w,HistoricalBaseRate,0,0.4877450980392157,0.5,benchmark,False,816,2020-08-28,1
2020-09-11,1w,ElasticNet,0,0.4901564518754748,0.49,core,True,816,2020-08-28,1
2020-09-11,1w,Logistic,0,0.48816086931688774,0.5,core,True,816,2020-08-28,1
2020-09-11,1w,XGBoost,0,0.4974523186683655,0.51,extended,True,813,2020-08-28,1
2020-09-18,1w,HistoricalBaseRate,1,0.4883720930232558,0.5,benchmark,False,817,2020-09-04,1
2020-09-18,1w,ElasticNet,1,0.48698708091771126,0.49,core,True,817,2020-09-04,1
2020-09-18,1w,Logistic,1,0.47866318332938135,0.5,core,True,817,2020-09-04,1
2020-09-18,1w,XGBoost,1,0.4792483448982239,0.51,extended,True,814,2020-09-04,1
2020-09-25,1w,HistoricalBaseRate,0,0.4877750611246944,0.5,benchmark,False,818,2020-09-11,1
2020-09-25,1w,ElasticNet,0,0.4802464066534439,0.49,core,True,818,2020-09-11,1
2020-09-25,1w,Logistic,0,0.4882999504157647,0.5,core,True,818,2020-09-11,1
2020-09-25,1w,XGBoost,0,0.4943232238292694,0.51,extended,True,815,2020-09-11,1
2020-10-02,1w,HistoricalBaseRate,0,0.4884004884004884,0.5,benchmark,False,819,2020-09-18,1
2020-10-02,1w,ElasticNet,0,0.4811881056449111,0.49,core,True,819,2020-09-18,1
2020-10-02,1w,Logistic,0,0.49863462270839165,0.5,core,True,819,2020-09-18,1
2020-10-02,1w,XGBoost,0,0.4927097260951996,0.51,extended,True,816,2020-09-18,1
2020-10-09,1w,HistoricalBaseRate,1,0.4878048780487805,0.5,benchmark,False,820,2020-09-25,1
2020-10-09,1w,ElasticNet,1,0.5015287713217579,0.49,core,True,820,2020-09-25,1
2020-10-09,1w,Logistic,1,0.4805084192328427,0.5,core,True,820,2020-09-25,1
2020-10-09,1w,XGBoost,1,0.45649704337120056,0.51,extended,True,817,2020-09-25,1
2020-10-16,1w,HistoricalBaseRate,0,0.48721071863581,0.5,benchmark,False,821,2020-10-02,1
2020-10-16,1w,ElasticNet,0,0.4800696110120717,0.49,core,True,821,2020-10-02,1
2020-10-16,1w,Logistic,0,0.4857121682721305,0.5,core,True,821,2020-10-02,1
2020-10-16,1w,XGBoost,0,0.517088770866394,0.51,extended,True,818,2020-10-02,1
2020-10-23,1w,HistoricalBaseRate,1,0.4878345498783455,0.5,benchmark,False,822,2020-10-09,1
2020-10-23,1w,ElasticNet,1,0.4990279499449692,0.49,core,True,822,2020-10-09,1
2020-10-23,1w,Logistic,1,0.48954879718072697,0.5,core,True,822,2020-10-09,1
2020-10-23,1w,XGBoost,1,0.49482616782188416,0.51,extended,True,819,2020-10-09,1
2020-10-30,1w,HistoricalBaseRate,0,0.48724179829890646,0.5,benchmark,False,823,2020-10-16,1
2020-10-30,1w,ElasticNet,0,0.47919291570437356,0.49,core,True,823,2020-10-16,1
2020-10-30,1w,Logistic,0,0.5033394228313968,0.5,core,True,823,2020-10-16,1
2020-10-30,1w,XGBoost,0,0.5206956267356873,0.51,extended,True,820,2020-10-16,1
2020-11-06,1w,HistoricalBaseRate,1,0.4878640776699029,0.5,benchmark,False,824,2020-10-23,1
2020-11-06,1w,ElasticNet,1,0.48865978082676487,0.49,core,True,824,2020-10-23,1
2020-11-06,1w,Logistic,1,0.4726269550290607,0.5,core,True,824,2020-10-23,1
2020-11-06,1w,XGBoost,1,0.45678067207336426,0.51,extended,True,821,2020-10-23,1
2020-11-13,1w,HistoricalBaseRate,0,0.48727272727272725,0.5,benchmark,False,825,2020-10-30,1
2020-11-13,1w,ElasticNet,0,0.4900433520331136,0.49,core,True,825,2020-10-30,1
2020-11-13,1w,Logistic,0,0.4779423618566783,0.5,core,True,825,2020-10-30,1
2020-11-13,1w,XGBoost,0,0.4625786244869232,0.51,extended,True,822,2020-10-30,1
2020-11-20,1w,HistoricalBaseRate,0,0.48789346246973364,0.5,benchmark,False,826,2020-11-06,1
2020-11-20,1w,ElasticNet,0,0.4890338280027542,0.49,core,True,826,2020-11-06,1
2020-11-20,1w,Logistic,0,0.4849383331114465,0.5,core,True,826,2020-11-06,1
2020-11-20,1w,XGBoost,0,0.47064685821533203,0.51,extended,True,823,2020-11-06,1
2020-11-27,1w,HistoricalBaseRate,0,0.4873035066505441,0.5,benchmark,False,827,2020-11-13,1
2020-11-27,1w,ElasticNet,0,0.48362859487739834,0.49,core,True,827,2020-11-13,1
2020-11-27,1w,Logistic,0,0.478020699917494,0.5,core,True,827,2020-11-13,1
2020-11-27,1w,XGBoost,0,0.4594114124774933,0.51,extended,True,824,2020-11-13,1
2020-12-04,1w,HistoricalBaseRate,0,0.4867149758454106,0.5,benchmark,False,828,2020-11-20,1
2020-12-04,1w,ElasticNet,0,0.48402868268266713,0.49,core,True,828,2020-11-20,1
2020-12-04,1w,Logistic,0,0.4853742408926923,0.5,core,True,828,2020-11-20,1
2020-12-04,1w,XGBoost,0,0.46049824357032776,0.51,extended,True,825,2020-11-20,1
2020-12-11,1w,HistoricalBaseRate,1,0.48612786489746684,0.5,benchmark,False,829,2020-11-27,1
2020-12-11,1w,ElasticNet,1,0.4855217969188748,0.49,core,True,829,2020-11-27,1
2020-12-11,1w,Logistic,1,0.4869596793864595,0.5,core,True,829,2020-11-27,1
2020-12-11,1w,XGBoost,1,0.5046536922454834,0.51,extended,True,826,2020-11-27,1
2020-12-18,1w,HistoricalBaseRate,1,0.4855421686746988,0.5,benchmark,False,830,2020-12-04,1
2020-12-18,1w,ElasticNet,1,0.48741916467199575,0.49,core,True,830,2020-12-04,1
2020-12-18,1w,Logistic,1,0.4800639351793947,0.5,core,True,830,2020-12-04,1
2020-12-18,1w,XGBoost,1,0.4708811342716217,0.51,extended,True,827,2020-12-04,1
2020-12-25,1w,HistoricalBaseRate,0,0.4861612515042118,0.5,benchmark,False,831,2020-12-11,1
2020-12-25,1w,ElasticNet,0,0.4823696322223887,0.49,core,True,831,2020-12-11,1
2020-12-25,1w,Logistic,0,0.4906893840730413,0.5,core,True,831,2020-12-11,1
2020-12-25,1w,XGBoost,0,0.49833133816719055,0.51,extended,True,828,2020-12-11,1
2021-01-01,1w,HistoricalBaseRate,0,0.48677884615384615,0.5,benchmark,False,832,2020-12-18,1
2021-01-01,1w,ElasticNet,0,0.4835241364825887,0.49,core,True,832,2020-12-18,1
2021-01-01,1w,Logistic,0,0.4875620137776381,0.5,core,True,832,2020-12-18,1
2021-01-01,1w,XGBoost,0,0.4810842275619507,0.51,extended,True,829,2020-12-18,1
2021-01-08,1w,HistoricalBaseRate,1,0.48619447779111646,0.5,benchmark,False,833,2020-12-25,1
2021-01-08,1w,ElasticNet,1,0.49081284015711124,0.49,core,True,833,2020-12-25,1
2021-01-08,1w,Logistic,1,0.4793174010879314,0.5,core,True,833,2020-12-25,1
2021-01-08,1w,XGBoost,1,0.4746461808681488,0.51,extended,True,830,2020-12-25,1
2021-01-15,1w,HistoricalBaseRate,1,0.4856115107913669,0.5,benchmark,False,834,2021-01-01,1
2021-01-15,1w,ElasticNet,1,0.48605601887271727,0.49,core,True,834,2021-01-01,1
2021-01-15,1w,Logistic,1,0.4871655499156593,0.5,core,True,834,2021-01-01,1
2021-01-15,1w,XGBoost,1,0.5106642246246338,0.51,extended,True,831,2021-01-01,1
2021-01-22,1w,HistoricalBaseRate,1,0.48622754491017967,0.5,benchmark,False,835,2021-01-08,1
2021-01-22,1w,ElasticNet,1,0.4913463316708402,0.49,core,True,835,2021-01-08,1
2021-01-22,1w,Logistic,1,0.4828776265252684,0.5,core,True,835,2021-01-08,1
2021-01-22,1w,XGBoost,1,0.48670682311058044,0.51,extended,True,832,2021-01-08,1
2021-01-29,1w,HistoricalBaseRate,1,0.4868421052631579,0.5,benchmark,False,836,2021-01-15,1
2021-01-29,1w,ElasticNet,1,0.48675387463181574,0.49,core,True,836,2021-01-15,1
2021-01-29,1w,Logistic,1,0.49660753239194133,0.5,core,True,836,2021-01-15,1
2021-01-29,1w,XGBoost,1,0.516737163066864,0.51,extended,True,833,2021-01-15,1
2021-02-05,1w,HistoricalBaseRate,0,0.4874551971326165,0.5,benchmark,False,837,2021-01-22,1
2021-02-05,1w,ElasticNet,0,0.4904646313598999,0.49,core,True,837,2021-01-22,1
2021-02-05,1w,Logistic,0,0.46632563366289076,0.5,core,True,837,2021-01-22,1
2021-02-05,1w,XGBoost,0,0.4784129858016968,0.51,extended,True,834,2021-01-22,1
2021-02-12,1w,HistoricalBaseRate,0,0.4880668257756563,0.5,benchmark,False,838,2021-01-29,1
2021-02-12,1w,ElasticNet,0,0.4868287370308177,0.49,core,True,838,2021-01-29,1
2021-02-12,1w,Logistic,0,0.48303671309114055,0.5,core,True,838,2021-01-29,1
2021-02-12,1w,XGBoost,0,0.45006710290908813,0.51,extended,True,835,2021-01-29,1
2021-02-19,1w,HistoricalBaseRate,1,0.48748510131108463,0.5,benchmark,False,839,2021-02-05,1
2021-02-19,1w,ElasticNet,1,0.4782806317330901,0.49,core,True,839,2021-02-05,1
2021-02-19,1w,Logistic,1,0.4877821570653524,0.5,core,True,839,2021-02-05,1
2021-02-19,1w,XGBoost,1,0.5086104869842529,0.51,extended,True,836,2021-02-05,1
2021-02-26,1w,HistoricalBaseRate,0,0.4869047619047619,0.5,benchmark,False,840,2021-02-12,1
2021-02-26,1w,ElasticNet,0,0.48742714259521536,0.49,core,True,840,2021-02-12,1
2021-02-26,1w,Logistic,0,0.4845364957882032,0.5,core,True,840,2021-02-12,1
2021-02-26,1w,XGBoost,0,0.47618070244789124,0.51,extended,True,837,2021-02-12,1
2021-03-05,1w,HistoricalBaseRate,0,0.4875148632580262,0.5,benchmark,False,841,2021-02-19,1
2021-03-05,1w,ElasticNet,0,0.49393937026470713,0.49,core,True,841,2021-02-19,1
2021-03-05,1w,Logistic,0,0.4789661594324628,0.5,core,True,841,2021-02-19,1
2021-03-05,1w,XGBoost,0,0.47347235679626465,0.51,extended,True,838,2021-02-19,1
2021-03-12,1w,HistoricalBaseRate,1,0.48693586698337293,0.5,benchmark,False,842,2021-02-26,1
2021-03-12,1w,ElasticNet,1,0.4901900862123244,0.49,core,True,842,2021-02-26,1
2021-03-12,1w,Logistic,1,0.4831301347593013,0.5,core,True,842,2021-02-26,1
2021-03-12,1w,XGBoost,1,0.4785967171192169,0.51,extended,True,839,2021-02-26,1
2021-03-19,1w,HistoricalBaseRate,1,0.4863582443653618,0.5,benchmark,False,843,2021-03-05,1
2021-03-19,1w,ElasticNet,1,0.4528820114098091,0.49,core,True,843,2021-03-05,1
2021-03-19,1w,Logistic,1,0.4930574670778955,0.5,core,True,843,2021-03-05,1
2021-03-19,1w,XGBoost,1,0.49485155940055847,0.51,extended,True,840,2021-03-05,1
2021-03-26,1w,HistoricalBaseRate,0,0.48696682464454977,0.5,benchmark,False,844,2021-03-12,1
2021-03-26,1w,ElasticNet,0,0.5393229122059401,0.49,core,True,844,2021-03-12,1
2021-03-26,1w,Logistic,0,0.48359636626796604,0.5,core,True,844,2021-03-12,1
2021-03-26,1w,XGBoost,0,0.4741748869419098,0.51,extended,True,841,2021-03-12,1
2021-04-02,1w,HistoricalBaseRate,0,0.48757396449704143,0.5,benchmark,False,845,2021-03-19,1
2021-04-02,1w,ElasticNet,0,0.4863725129550702,0.49,core,True,845,2021-03-19,1
2021-04-02,1w,Logistic,0,0.4852068447029077,0.5,core,True,845,2021-03-19,1
2021-04-02,1w,XGBoost,0,0.47010189294815063,0.51,extended,True,842,2021-03-19,1
2021-04-09,1w,HistoricalBaseRate,0,0.48699763593380613,0.5,benchmark,False,846,2021-03-26,1
2021-04-09,1w,ElasticNet,0,0.4831246826460584,0.49,core,True,846,2021-03-26,1
2021-04-09,1w,Logistic,0,0.4897222344368038,0.5,core,True,846,2021-03-26,1
2021-04-09,1w,XGBoost,0,0.4894295930862427,0.51,extended,True,843,2021-03-26,1
2021-04-16,1w,HistoricalBaseRate,0,0.48642266824085006,0.5,benchmark,False,847,2021-04-02,1
2021-04-16,1w,ElasticNet,0,0.4859782272948842,0.49,core,True,847,2021-04-02,1
2021-04-16,1w,Logistic,0,0.48062803050325104,0.5,core,True,847,2021-04-02,1
2021-04-16,1w,XGBoost,0,0.4430392384529114,0.51,extended,True,844,2021-04-02,1
2021-04-23,1w,HistoricalBaseRate,0,0.4858490566037736,0.5,benchmark,False,848,2021-04-09,1
2021-04-23,1w,ElasticNet,0,0.48382208823681583,0.49,core,True,848,2021-04-09,1
2021-04-23,1w,Logistic,0,0.48496980238754694,0.5,core,True,848,2021-04-09,1
2021-04-23,1w,XGBoost,0,0.4948873519897461,0.51,extended,True,845,2021-04-09,1
2021-04-30,1w,HistoricalBaseRate,0,0.48527679623085984,0.5,benchmark,False,849,2021-04-16,1
2021-04-30,1w,ElasticNet,0,0.47811263449943664,0.49,core,True,849,2021-04-16,1
2021-04-30,1w,Logistic,0,0.48351720414971955,0.5,core,True,849,2021-04-16,1
2021-04-30,1w,XGBoost,0,0.4741482436656952,0.51,extended,True,846,2021-04-16,1
2021-05-07,1w,HistoricalBaseRate,0,0.48470588235294115,0.5,benchmark,False,850,2021-04-23,1
2021-05-07,1w,ElasticNet,0,0.485555834580179,0.49,core,True,850,2021-04-23,1
2021-05-07,1w,Logistic,0,0.4835323256062464,0.5,core,True,850,2021-04-23,1
2021-05-07,1w,XGBoost,0,0.47858166694641113,0.51,extended,True,847,2021-04-23,1
2021-05-14,1w,HistoricalBaseRate,0,0.48413631022326675,0.5,benchmark,False,851,2021-04-30,1
2021-05-14,1w,ElasticNet,0,0.48877806720544,0.49,core,True,851,2021-04-30,1
2021-05-14,1w,Logistic,0,0.48707540571216473,0.5,core,True,851,2021-04-30,1
2021-05-14,1w,XGBoost,0,0.5187376141548157,0.51,extended,True,848,2021-04-30,1
2021-05-21,1w,HistoricalBaseRate,1,0.4835680751173709,0.5,benchmark,False,852,2021-05-07,1
2021-05-21,1w,ElasticNet,1,0.4837393930766044,0.49,core,True,852,2021-05-07,1
2021-05-21,1w,Logistic,1,0.48304142185853594,0.5,core,True,852,2021-05-07,1
2021-05-21,1w,XGBoost,1,0.4912149906158447,0.51,extended,True,849,2021-05-07,1
2021-05-28,1w,HistoricalBaseRate,1,0.48300117233294254,0.5,benchmark,False,853,2021-05-14,1
2021-05-28,1w,ElasticNet,1,0.4789348604615109,0.49,core,True,853,2021-05-14,1
2021-05-28,1w,Logistic,1,0.4759202566730553,0.5,core,True,853,2021-05-14,1
2021-05-28,1w,XGBoost,1,0.4686954617500305,0.51,extended,True,850,2021-05-14,1
2021-06-04,1w,HistoricalBaseRate,1,0.48360655737704916,0.5,benchmark,False,854,2021-05-21,1
2021-06-04,1w,ElasticNet,1,0.4860111836226558,0.49,core,True,854,2021-05-21,1
2021-06-04,1w,Logistic,1,0.4783066943860319,0.5,core,True,854,2021-05-21,1
2021-06-04,1w,XGBoost,1,0.47259071469306946,0.51,extended,True,851,2021-05-21,1
2021-06-11,1w,HistoricalBaseRate,1,0.4842105263157895,0.5,benchmark,False,855,2021-05-28,1
2021-06-11,1w,ElasticNet,1,0.5253127740675563,0.49,core,True,855,2021-05-28,1
2021-06-11,1w,Logistic,1,0.4809457575461614,0.5,core,True,855,2021-05-28,1
2021-06-11,1w,XGBoost,1,0.4819875657558441,0.51,extended,True,852,2021-05-28,1
2021-06-18,1w,HistoricalBaseRate,0,0.4848130841121495,0.5,benchmark,False,856,2021-06-04,1
2021-06-18,1w,ElasticNet,0,0.4719682559684107,0.49,core,True,856,2021-06-04,1
2021-06-18,1w,Logistic,0,0.4875108076520263,0.5,core,True,856,2021-06-04,1
2021-06-18,1w,XGBoost,0,0.5063024163246155,0.51,extended,True,853,2021-06-04,1
2021-06-25,1w,HistoricalBaseRate,1,0.485414235705951,0.5,benchmark,False,857,2021-06-11,1
2021-06-25,1w,ElasticNet,1,0.48907002859433796,0.49,core,True,857,2021-06-11,1
2021-06-25,1w,Logistic,1,0.47889830900438896,0.5,core,True,857,2021-06-11,1
2021-06-25,1w,XGBoost,1,0.4623625576496124,0.51,extended,True,854,2021-06-11,1
2021-07-02,1w,HistoricalBaseRate,1,0.48484848484848486,0.5,benchmark,False,858,2021-06-18,1
2021-07-02,1w,ElasticNet,1,0.48098055488914254,0.49,core,True,858,2021-06-18,1
2021-07-02,1w,Logistic,1,0.4809179405588056,0.5,core,True,858,2021-06-18,1
2021-07-02,1w,XGBoost,1,0.4846824109554291,0.51,extended,True,855,2021-06-18,1
2021-07-09,1w,HistoricalBaseRate,1,0.48544819557625146,0.5,benchmark,False,859,2021-06-25,1
2021-07-09,1w,ElasticNet,1,0.48853357169845335,0.49,core,True,859,2021-06-25,1
2021-07-09,1w,Logistic,1,0.4858693647320646,0.5,core,True,859,2021-06-25,1
2021-07-09,1w,XGBoost,1,0.4864174723625183,0.51,extended,True,856,2021-06-25,1
2021-07-16,1w,HistoricalBaseRate,0,0.48604651162790696,0.5,benchmark,False,860,2021-07-02,1
2021-07-16,1w,ElasticNet,0,0.48615190267713276,0.49,core,True,860,2021-07-02,1
2021-07-16,1w,Logistic,0,0.4872275440886544,0.5,core,True,860,2021-07-02,1
2021-07-16,1w,XGBoost,0,0.5153800249099731,0.51,extended,True,857,2021-07-02,1
2021-07-23,1w,HistoricalBaseRate,0,0.48664343786295006,0.5,benchmark,False,861,2021-07-09,1
2021-07-23,1w,ElasticNet,0,0.48245067569192857,0.49,core,True,861,2021-07-09,1
2021-07-23,1w,Logistic,0,0.4847093635547845,0.5,core,True,861,2021-07-09,1
2021-07-23,1w,XGBoost,0,0.48774227499961853,0.51,extended,True,858,2021-07-09,1
2021-07-30,1w,HistoricalBaseRate,1,0.48607888631090485,0.5,benchmark,False,862,2021-07-16,1
2021-07-30,1w,ElasticNet,1,0.4917013778578297,0.49,core,True,862,2021-07-16,1
2021-07-30,1w,Logistic,1,0.48698215526843214,0.5,core,True,862,2021-07-16,1
2021-07-30,1w,XGBoost,1,0.4792543947696686,0.51,extended,True,859,2021-07-16,1
2021-08-06,1w,HistoricalBaseRate,0,0.4855156431054461,0.5,benchmark,False,863,2021-07-23,1
2021-08-06,1w,ElasticNet,0,0.484896310356241,0.49,core,True,863,2021-07-23,1
2021-08-06,1w,Logistic,0,0.48991144786008184,0.5,core,True,863,2021-07-23,1
2021-08-06,1w,XGBoost,0,0.4969027638435364,0.51,extended,True,860,2021-07-23,1
2021-08-13,1w,HistoricalBaseRate,1,0.4861111111111111,0.5,benchmark,False,864,2021-07-30,1
2021-08-13,1w,ElasticNet,1,0.48806165087696557,0.49,core,True,864,2021-07-30,1
2021-08-13,1w,Logistic,1,0.48863561778020004,0.5,core,True,864,2021-07-30,1
2021-08-13,1w,XGBoost,1,0.49281731247901917,0.51,extended,True,861,2021-07-30,1
2021-08-20,1w,HistoricalBaseRate,0,0.48554913294797686,0.5,benchmark,False,865,2021-08-06,1
2021-08-20,1w,ElasticNet,0,0.4864234811112547,0.49,core,True,865,2021-08-06,1
2021-08-20,1w,Logistic,0,0.49006730290841627,0.5,core,True,865,2021-08-06,1
2021-08-20,1w,XGBoost,0,0.5183903574943542,0.51,extended,True,862,2021-08-06,1
2021-08-27,1w,HistoricalBaseRate,0,0.48614318706697457,0.5,benchmark,False,866,2021-08-13,1
2021-08-27,1w,ElasticNet,0,0.4931264684580192,0.49,core,True,866,2021-08-13,1
2021-08-27,1w,Logistic,0,0.47859388242691064,0.5,core,True,866,2021-08-13,1
2021-08-27,1w,XGBoost,0,0.4643349349498749,0.51,extended,True,863,2021-08-13,1
2021-09-03,1w,HistoricalBaseRate,1,0.4855824682814302,0.5,benchmark,False,867,2021-08-20,1
2021-09-03,1w,ElasticNet,1,0.4930343884180462,0.49,core,True,867,2021-08-20,1
2021-09-03,1w,Logistic,1,0.48939925207416557,0.5,core,True,867,2021-08-20,1
2021-09-03,1w,XGBoost,1,0.4888489544391632,0.51,extended,True,864,2021-08-20,1
2021-09-10,1w,HistoricalBaseRate,1,0.48502304147465436,0.5,benchmark,False,868,2021-08-27,1
2021-09-10,1w,ElasticNet,1,0.48307643328945893,0.49,core,True,868,2021-08-27,1
2021-09-10,1w,Logistic,1,0.4866199363926576,0.5,core,True,868,2021-08-27,1
2021-09-10,1w,XGBoost,1,0.5094869136810303,0.51,extended,True,865,2021-08-27,1
2021-09-17,1w,HistoricalBaseRate,0,0.4856156501726122,0.5,benchmark,False,869,2021-09-03,1
2021-09-17,1w,ElasticNet,0,0.4883776509938091,0.49,core,True,869,2021-09-03,1
2021-09-17,1w,Logistic,0,0.4810933532206853,0.5,core,True,869,2021-09-03,1
2021-09-17,1w,XGBoost,0,0.4807598888874054,0.51,extended,True,866,2021-09-03,1
2021-09-24,1w,HistoricalBaseRate,0,0.4862068965517241,0.5,benchmark,False,870,2021-09-10,1
2021-09-24,1w,ElasticNet,0,0.48260461065765814,0.49,core,True,870,2021-09-10,1
2021-09-24,1w,Logistic,0,0.4810807604255275,0.5,core,True,870,2021-09-10,1
2021-09-24,1w,XGBoost,0,0.480129212141037,0.51,extended,True,867,2021-09-10,1
2021-10-01,1w,HistoricalBaseRate,0,0.4856486796785304,0.5,benchmark,False,871,2021-09-17,1
2021-10-01,1w,ElasticNet,0,0.4847112525669288,0.49,core,True,871,2021-09-17,1
2021-10-01,1w,Logistic,0,0.4868900636742871,0.5,core,True,871,2021-09-17,1
2021-10-01,1w,XGBoost,0,0.5085135102272034,0.51,extended,True,868,2021-09-17,1
2021-10-08,1w,HistoricalBaseRate,0,0.48509174311926606,0.5,benchmark,False,872,2021-09-24,1
2021-10-08,1w,ElasticNet,0,0.48018928176679865,0.49,core,True,872,2021-09-24,1
2021-10-08,1w,Logistic,0,0.47505449233272246,0.5,core,True,872,2021-09-24,1
2021-10-08,1w,XGBoost,0,0.4608112573623657,0.51,extended,True,869,2021-09-24,1
2021-10-15,1w,HistoricalBaseRate,0,0.4845360824742268,0.5,benchmark,False,873,2021-10-01,1
2021-10-15,1w,ElasticNet,0,0.4982052507259853,0.49,core,True,873,2021-10-01,1
2021-10-15,1w,Logistic,0,0.4767369295343195,0.5,core,True,873,2021-10-01,1
2021-10-15,1w,XGBoost,0,0.4325926899909973,0.51,extended,True,870,2021-10-01,1
2021-10-22,1w,HistoricalBaseRate,1,0.4839816933638444,0.5,benchmark,False,874,2021-10-08,1
2021-10-22,1w,ElasticNet,1,0.4829994358180242,0.49,core,True,874,2021-10-08,1
2021-10-22,1w,Logistic,1,0.4770911398718804,0.5,core,True,874,2021-10-08,1
2021-10-22,1w,XGBoost,1,0.4836934208869934,0.51,extended,True,871,2021-10-08,1
2021-10-29,1w,HistoricalBaseRate,1,0.48342857142857143,0.5,benchmark,False,875,2021-10-15,1
2021-10-29,1w,ElasticNet,1,0.507742053582897,0.49,core,True,875,2021-10-15,1
2021-10-29,1w,Logistic,1,0.47336256057049686,0.5,core,True,875,2021-10-15,1
2021-10-29,1w,XGBoost,1,0.4575348198413849,0.51,extended,True,872,2021-10-15,1
2021-11-05,1w,HistoricalBaseRate,1,0.4840182648401826,0.5,benchmark,False,876,2021-10-22,1
2021-11-05,1w,ElasticNet,1,0.48886597380276237,0.49,core,True,876,2021-10-22,1
2021-11-05,1w,Logistic,1,0.49287312992827315,0.5,core,True,876,2021-10-22,1
2021-11-05,1w,XGBoost,1,0.4983534514904022,0.51,extended,True,873,2021-10-22,1
2021-11-12,1w,HistoricalBaseRate,1,0.4846066134549601,0.5,benchmark,False,877,2021-10-29,1
2021-11-12,1w,ElasticNet,1,0.48273467285536115,0.49,core,True,877,2021-10-29,1
2021-11-12,1w,Logistic,1,0.48422967607344203,0.5,core,True,877,2021-10-29,1
2021-11-12,1w,XGBoost,1,0.4937685430049896,0.51,extended,True,874,2021-10-29,1
2021-11-19,1w,HistoricalBaseRate,1,0.48519362186788156,0.5,benchmark,False,878,2021-11-05,1
2021-11-19,1w,ElasticNet,1,0.4899667009100944,0.49,core,True,878,2021-11-05,1
2021-11-19,1w,Logistic,1,0.49340159968807895,0.5,core,True,878,2021-11-05,1
2021-11-19,1w,XGBoost,1,0.49535471200942993,0.51,extended,True,875,2021-11-05,1
2021-11-26,1w,HistoricalBaseRate,1,0.4857792946530148,0.5,benchmark,False,879,2021-11-12,1
2021-11-26,1w,ElasticNet,1,0.48916267033750876,0.49,core,True,879,2021-11-12,1
2021-11-26,1w,Logistic,1,0.499511203025125,0.5,core,True,879,2021-11-12,1
2021-11-26,1w,XGBoost,1,0.48771780729293823,0.51,extended,True,876,2021-11-12,1
2021-12-03,1w,HistoricalBaseRate,0,0.4863636363636364,0.5,benchmark,False,880,2021-11-19,1
2021-12-03,1w,ElasticNet,0,0.4857119510906397,0.49,core,True,880,2021-11-19,1
2021-12-03,1w,Logistic,0,0.5031111719768847,0.5,core,True,880,2021-11-19,1
2021-12-03,1w,XGBoost,0,0.504809558391571,0.51,extended,True,877,2021-11-19,1
2021-12-10,1w,HistoricalBaseRate,1,0.4869466515323496,0.5,benchmark,False,881,2021-11-26,1
2021-12-10,1w,ElasticNet,1,0.485567627219727,0.49,core,True,881,2021-11-26,1
2021-12-10,1w,Logistic,1,0.47525115455222966,0.5,core,True,881,2021-11-26,1
2021-12-10,1w,XGBoost,1,0.47899800539016724,0.51,extended,True,878,2021-11-26,1
2021-12-17,1w,HistoricalBaseRate,0,0.48639455782312924,0.5,benchmark,False,882,2021-12-03,1
2021-12-17,1w,ElasticNet,0,0.4866506089514403,0.49,core,True,882,2021-12-03,1
2021-12-17,1w,Logistic,0,0.4902948724989106,0.5,core,True,882,2021-12-03,1
2021-12-17,1w,XGBoost,0,0.5122360587120056,0.51,extended,True,879,2021-12-03,1
2021-12-24,1w,HistoricalBaseRate,0,0.4869762174405436,0.5,benchmark,False,883,2021-12-10,1
2021-12-24,1w,ElasticNet,0,0.48580215668354226,0.49,core,True,883,2021-12-10,1
2021-12-24,1w,Logistic,0,0.48239265289735883,0.5,core,True,883,2021-12-10,1
2021-12-24,1w,XGBoost,0,0.45394429564476013,0.51,extended,True,880,2021-12-10,1
2021-12-31,1w,HistoricalBaseRate,0,0.48642533936651583,0.5,benchmark,False,884,2021-12-17,1
2021-12-31,1w,ElasticNet,0,0.4585486777775852,0.49,core,True,884,2021-12-17,1
2021-12-31,1w,Logistic,0,0.49144022370045476,0.5,core,True,884,2021-12-17,1
2021-12-31,1w,XGBoost,0,0.47325992584228516,0.51,extended,True,881,2021-12-17,1
2022-01-07,1w,HistoricalBaseRate,0,0.4858757062146893,0.5,benchmark,False,885,2021-12-24,1
2022-01-07,1w,ElasticNet,0,0.5159761211333264,0.49,core,True,885,2021-12-24,1
2022-01-07,1w,Logistic,0,0.47818353252002443,0.5,core,True,885,2021-12-24,1
2022-01-07,1w,XGBoost,0,0.47064948081970215,0.51,extended,True,882,2021-12-24,1
2022-01-14,1w,HistoricalBaseRate,0,0.4853273137697517,0.5,benchmark,False,886,2021-12-31,1
2022-01-14,1w,ElasticNet,0,0.48838755100950737,0.49,core,True,886,2021-12-31,1
2022-01-14,1w,Logistic,0,0.4840370711987939,0.5,core,True,886,2021-12-31,1
2022-01-14,1w,XGBoost,0,0.472616970539093,0.51,extended,True,883,2021-12-31,1
2022-01-21,1w,HistoricalBaseRate,1,0.48478015783540024,0.5,benchmark,False,887,2022-01-07,1
2022-01-21,1w,ElasticNet,1,0.49279671004099795,0.49,core,True,887,2022-01-07,1
2022-01-21,1w,Logistic,1,0.4960080813269145,0.5,core,True,887,2022-01-07,1
2022-01-21,1w,XGBoost,1,0.5014692544937134,0.51,extended,True,884,2022-01-07,1
2022-01-28,1w,HistoricalBaseRate,1,0.48423423423423423,0.5,benchmark,False,888,2022-01-14,1
2022-01-28,1w,ElasticNet,1,0.48489180819819605,0.49,core,True,888,2022-01-14,1
2022-01-28,1w,Logistic,1,0.49430891180544906,0.5,core,True,888,2022-01-14,1
2022-01-28,1w,XGBoost,1,0.4801354706287384,0.51,extended,True,885,2022-01-14,1
2022-02-04,1w,HistoricalBaseRate,0,0.484814398200225,0.5,benchmark,False,889,2022-01-21,1
2022-02-04,1w,ElasticNet,0,0.4870642637221008,0.49,core,True,889,2022-01-21,1
2022-02-04,1w,Logistic,0,0.4789014942334551,0.5,core,True,889,2022-01-21,1
2022-02-04,1w,XGBoost,0,0.4728544354438782,0.51,extended,True,886,2022-01-21,1
2022-02-11,1w,HistoricalBaseRate,1,0.4853932584269663,0.5,benchmark,False,890,2022-01-28,1
2022-02-11,1w,ElasticNet,1,0.4942703508929958,0.49,core,True,890,2022-01-28,1
2022-02-11,1w,Logistic,1,0.49850037844323564,0.5,core,True,890,2022-01-28,1
2022-02-11,1w,XGBoost,1,0.5137472152709961,0.51,extended,True,887,2022-01-28,1
2022-02-18,1w,HistoricalBaseRate,0,0.48484848484848486,0.5,benchmark,False,891,2022-02-04,1
2022-02-18,1w,ElasticNet,0,0.49384610424420095,0.49,core,True,891,2022-02-04,1
2022-02-18,1w,Logistic,0,0.4783001726624726,0.5,core,True,891,2022-02-04,1
2022-02-18,1w,XGBoost,0,0.4915388524532318,0.51,extended,True,888,2022-02-04,1
2022-02-25,1w,HistoricalBaseRate,1,0.4854260089686099,0.5,benchmark,False,892,2022-02-11,1
2022-02-25,1w,ElasticNet,1,0.4874060214596587,0.49,core,True,892,2022-02-11,1
2022-02-25,1w,Logistic,1,0.49049972522999014,0.5,core,True,892,2022-02-11,1
2022-02-25,1w,XGBoost,1,0.5033848881721497,0.51,extended,True,889,2022-02-11,1
2022-03-04,1w,HistoricalBaseRate,0,0.48488241881298993,0.5,benchmark,False,893,2022-02-18,1
2022-03-04,1w,ElasticNet,0,0.4950584673346817,0.49,core,True,893,2022-02-18,1
2022-03-04,1w,Logistic,0,0.4661549716755937,0.5,core,True,893,2022-02-18,1
2022-03-04,1w,XGBoost,0,0.4852510094642639,0.51,extended,True,890,2022-02-18,1
2022-03-11,1w,HistoricalBaseRate,0,0.4854586129753915,0.5,benchmark,False,894,2022-02-25,1
2022-03-11,1w,ElasticNet,0,0.4827653533103024,0.49,core,True,894,2022-02-25,1
2022-03-11,1w,Logistic,0,0.4873604254041935,0.5,core,True,894,2022-02-25,1
2022-03-11,1w,XGBoost,0,0.49440476298332214,0.51,extended,True,891,2022-02-25,1
2022-03-18,1w,HistoricalBaseRate,0,0.4849162011173184,0.5,benchmark,False,895,2022-03-04,1
2022-03-18,1w,ElasticNet,0,0.4852126489763971,0.49,core,True,895,2022-03-04,1
2022-03-18,1w,Logistic,0,0.4759301199094229,0.5,core,True,895,2022-03-04,1
2022-03-18,1w,XGBoost,0,0.4595276415348053,0.51,extended,True,892,2022-03-04,1
2022-03-25,1w,HistoricalBaseRate,0,0.484375,0.5,benchmark,False,896,2022-03-11,1
2022-03-25,1w,ElasticNet,0,0.4795300278293193,0.49,core,True,896,2022-03-11,1
2022-03-25,1w,Logistic,0,0.48304952318429634,0.5,core,True,896,2022-03-11,1
2022-03-25,1w,XGBoost,0,0.44177958369255066,0.51,extended,True,893,2022-03-11,1
2022-04-01,1w,HistoricalBaseRate,1,0.483835005574136,0.5,benchmark,False,897,2022-03-18,1
2022-04-01,1w,ElasticNet,1,0.4873938854025647,0.49,core,True,897,2022-03-18,1
2022-04-01,1w,Logistic,1,0.4979459607471415,0.5,core,True,897,2022-03-18,1
2022-04-01,1w,XGBoost,1,0.45932748913764954,0.51,extended,True,894,2022-03-18,1
2022-04-08,1w,HistoricalBaseRate,1,0.48329621380846327,0.5,benchmark,False,898,2022-03-25,1
2022-04-08,1w,ElasticNet,1,0.48029201481427736,0.49,core,True,898,2022-03-25,1
2022-04-08,1w,Logistic,1,0.47377563207820955,0.5,core,True,898,2022-03-25,1
2022-04-08,1w,XGBoost,1,0.45165178179740906,0.51,extended,True,895,2022-03-25,1
2022-04-15,1w,HistoricalBaseRate,1,0.4838709677419355,0.5,benchmark,False,899,2022-04-01,1
2022-04-15,1w,ElasticNet,1,0.4850009105843242,0.49,core,True,899,2022-04-01,1
2022-04-15,1w,Logistic,1,0.48667771831936957,0.5,core,True,899,2022-04-01,1
2022-04-15,1w,XGBoost,1,0.4824290871620178,0.51,extended,True,896,2022-04-01,1
2022-04-22,1w,HistoricalBaseRate,1,0.48444444444444446,0.5,benchmark,False,900,2022-04-08,1
2022-04-22,1w,ElasticNet,1,0.4819399346595227,0.49,core,True,900,2022-04-08,1
2022-04-22,1w,Logistic,1,0.47957494902398023,0.5,core,True,900,2022-04-08,1
2022-04-22,1w,XGBoost,1,0.5010904669761658,0.51,extended,True,897,2022-04-08,1
2022-04-29,1w,HistoricalBaseRate,1,0.48501664816870144,0.5,benchmark,False,901,2022-04-15,1
2022-04-29,1w,ElasticNet,1,0.4872054190290347,0.49,core,True,901,2022-04-15,1
2022-04-29,1w,Logistic,1,0.4872344444394412,0.5,core,True,901,2022-04-15,1
2022-04-29,1w,XGBoost,1,0.49201005697250366,0.51,extended,True,898,2022-04-15,1
2022-05-06,1w,HistoricalBaseRate,1,0.48558758314855877,0.5,benchmark,False,902,2022-04-22,1
2022-05-06,1w,ElasticNet,1,0.48154674848252915,0.49,core,True,902,2022-04-22,1
2022-05-06,1w,Logistic,1,0.47840208954024116,0.5,core,True,902,2022-04-22,1
2022-05-06,1w,XGBoost,1,0.4675173759460449,0.51,extended,True,899,2022-04-22,1
2022-05-13,1w,HistoricalBaseRate,0,0.48615725359911405,0.5,benchmark,False,903,2022-04-29,1
2022-05-13,1w,ElasticNet,0,0.4889690398775466,0.49,core,True,903,2022-04-29,1
2022-05-13,1w,Logistic,0,0.47809891411507793,0.5,core,True,903,2022-04-29,1
2022-05-13,1w,XGBoost,0,0.48847532272338867,0.51,extended,True,900,2022-04-29,1
2022-05-20,1w,HistoricalBaseRate,0,0.48672566371681414,0.5,benchmark,False,904,2022-05-06,1
2022-05-20,1w,ElasticNet,0,0.4481764553145119,0.49,core,True,904,2022-05-06,1
2022-05-20,1w,Logistic,0,0.4849615654035792,0.5,core,True,904,2022-05-06,1
2022-05-20,1w,XGBoost,0,0.4801992177963257,0.51,extended,True,901,2022-05-06,1
2022-05-27,1w,HistoricalBaseRate,0,0.4861878453038674,0.5,benchmark,False,905,2022-05-13,1
2022-05-27,1w,ElasticNet,0,0.4894584404907462,0.49,core,True,905,2022-05-13,1
2022-05-27,1w,Logistic,0,0.48674208414329334,0.5,core,True,905,2022-05-13,1
2022-05-27,1w,XGBoost,0,0.4567553997039795,0.51,extended,True,902,2022-05-13,1
2022-06-03,1w,HistoricalBaseRate,1,0.4856512141280353,0.5,benchmark,False,906,2022-05-20,1
2022-06-03,1w,ElasticNet,1,0.4896643432303898,0.49,core,True,906,2022-05-20,1
2022-06-03,1w,Logistic,1,0.4679813977653011,0.5,core,True,906,2022-05-20,1
2022-06-03,1w,XGBoost,1,0.42364266514778137,0.51,extended,True,903,2022-05-20,1
2022-06-10,1w,HistoricalBaseRate,1,0.48511576626240355,0.5,benchmark,False,907,2022-05-27,1
2022-06-10,1w,ElasticNet,1,0.4851795484442373,0.49,core,True,907,2022-05-27,1
2022-06-10,1w,Logistic,1,0.49927057426772276,0.5,core,True,907,2022-05-27,1
2022-06-10,1w,XGBoost,1,0.5074699521064758,0.51,extended,True,904,2022-05-27,1
2022-06-17,1w,HistoricalBaseRate,0,0.4856828193832599,0.5,benchmark,False,908,2022-06-03,1
2022-06-17,1w,ElasticNet,0,0.4839827550955939,0.49,core,True,908,2022-06-03,1
2022-06-17,1w,Logistic,0,0.5145132538126084,0.5,core,True,908,2022-06-03,1
2022-06-17,1w,XGBoost,0,0.5196274518966675,0.51,extended,True,905,2022-06-03,1
2022-06-24,1w,HistoricalBaseRate,0,0.48624862486248627,0.5,benchmark,False,909,2022-06-10,1
2022-06-24,1w,ElasticNet,0,0.4771450116508249,0.49,core,True,909,2022-06-10,1
2022-06-24,1w,Logistic,0,0.48294372265458124,0.5,core,True,909,2022-06-10,1
2022-06-24,1w,XGBoost,0,0.4792517423629761,0.51,extended,True,906,2022-06-10,1
2022-07-01,1w,HistoricalBaseRate,1,0.4857142857142857,0.5,benchmark,False,910,2022-06-17,1
2022-07-01,1w,ElasticNet,1,0.48001716746381096,0.49,core,True,910,2022-06-17,1
2022-07-01,1w,Logistic,1,0.4778637092527419,0.5,core,True,910,2022-06-17,1
2022-07-01,1w,XGBoost,1,0.481388121843338,0.51,extended,True,907,2022-06-17,1
2022-07-08,1w,HistoricalBaseRate,1,0.48518111964873767,0.5,benchmark,False,911,2022-06-24,1
2022-07-08,1w,ElasticNet,1,0.4858064740084826,0.49,core,True,911,2022-06-24,1
2022-07-08,1w,Logistic,1,0.4849598286129634,0.5,core,True,911,2022-06-24,1
2022-07-08,1w,XGBoost,1,0.4928436577320099,0.51,extended,True,908,2022-06-24,1
2022-07-15,1w,HistoricalBaseRate,0,0.4857456140350877,0.5,benchmark,False,912,2022-07-01,1
2022-07-15,1w,ElasticNet,0,0.48058179440027166,0.49,core,True,912,2022-07-01,1
2022-07-15,1w,Logistic,0,0.5021764817433799,0.5,core,True,912,2022-07-01,1
2022-07-15,1w,XGBoost,0,0.4744902551174164,0.51,extended,True,909,2022-07-01,1
2022-07-22,1w,HistoricalBaseRate,0,0.48630887185104055,0.5,benchmark,False,913,2022-07-08,1
2022-07-22,1w,ElasticNet,0,0.4921056459158207,0.49,core,True,913,2022-07-08,1
2022-07-22,1w,Logistic,0,0.4822623021441248,0.5,core,True,913,2022-07-08,1
2022-07-22,1w,XGBoost,0,0.44619110226631165,0.51,extended,True,910,2022-07-08,1
2022-07-29,1w,HistoricalBaseRate,1,0.48577680525164113,0.5,benchmark,False,914,2022-07-15,1
2022-07-29,1w,ElasticNet,1,0.485634278935646,0.49,core,True,914,2022-07-15,1
2022-07-29,1w,Logistic,1,0.4815666474112844,0.5,core,True,914,2022-07-15,1
2022-07-29,1w,XGBoost,1,0.4452837407588959,0.51,extended,True,911,2022-07-15,1
2022-08-05,1w,HistoricalBaseRate,0,0.4852459016393443,0.5,benchmark,False,915,2022-07-22,1
2022-08-05,1w,ElasticNet,0,0.4880724193429678,0.49,core,True,915,2022-07-22,1
2022-08-05,1w,Logistic,0,0.4991627988297075,0.5,core,True,915,2022-07-22,1
2022-08-05,1w,XGBoost,0,0.504862368106842,0.51,extended,True,912,2022-07-22,1
2022-08-12,1w,HistoricalBaseRate,1,0.48580786026200873,0.5,benchmark,False,916,2022-07-29,1
2022-08-12,1w,ElasticNet,1,0.4842955051147229,0.49,core,True,916,2022-07-29,1
2022-08-12,1w,Logistic,1,0.47661227437330106,0.5,core,True,916,2022-07-29,1
2022-08-12,1w,XGBoost,1,0.4240327775478363,0.51,extended,True,913,2022-07-29,1
2022-08-19,1w,HistoricalBaseRate,1,0.48527808069792805,0.5,benchmark,False,917,2022-08-05,1
2022-08-19,1w,ElasticNet,1,0.48503678857127464,0.49,core,True,917,2022-08-05,1
2022-08-19,1w,Logistic,1,0.4698630408014191,0.5,core,True,917,2022-08-05,1
2022-08-19,1w,XGBoost,1,0.49361199140548706,0.51,extended,True,914,2022-08-05,1
2022-08-26,1w,HistoricalBaseRate,1,0.485838779956427,0.5,benchmark,False,918,2022-08-12,1
2022-08-26,1w,ElasticNet,1,0.4943260460056618,0.49,core,True,918,2022-08-12,1
2022-08-26,1w,Logistic,1,0.5007298309012813,0.5,core,True,918,2022-08-12,1
2022-08-26,1w,XGBoost,1,0.5099098086357117,0.51,extended,True,915,2022-08-12,1
2022-09-02,1w,HistoricalBaseRate,0,0.48639825897714906,0.5,benchmark,False,919,2022-08-19,1
2022-09-02,1w,ElasticNet,0,0.4901311969012283,0.49,core,True,919,2022-08-19,1
2022-09-02,1w,Logistic,0,0.4959782086834951,0.5,core,True,919,2022-08-19,1
2022-09-02,1w,XGBoost,0,0.5001913905143738,0.51,extended,True,916,2022-08-19,1
2022-09-09,1w,HistoricalBaseRate,1,0.48695652173913045,0.5,benchmark,False,920,2022-08-26,1
2022-09-09,1w,ElasticNet,1,0.47221668621560337,0.49,core,True,920,2022-08-26,1
2022-09-09,1w,Logistic,1,0.4940042751838868,0.5,core,True,920,2022-08-26,1
2022-09-09,1w,XGBoost,1,0.5026868581771851,0.51,extended,True,917,2022-08-26,1
2022-09-16,1w,HistoricalBaseRate,1,0.48642779587404994,0.5,benchmark,False,921,2022-09-02,1
2022-09-16,1w,ElasticNet,1,0.48813390668096246,0.49,core,True,921,2022-09-02,1
2022-09-16,1w,Logistic,1,0.4999627303852479,0.5,core,True,921,2022-09-02,1
2022-09-16,1w,XGBoost,1,0.5158733129501343,0.51,extended,True,918,2022-09-02,1
2022-09-23,1w,HistoricalBaseRate,1,0.48698481561822127,0.5,benchmark,False,922,2022-09-09,1
2022-09-23,1w,ElasticNet,1,0.4876725353608464,0.49,core,True,922,2022-09-09,1
2022-09-23,1w,Logistic,1,0.5023438012965883,0.5,core,True,922,2022-09-09,1
2022-09-23,1w,XGBoost,1,0.5134577751159668,0.51,extended,True,919,2022-09-09,1
2022-09-30,1w,HistoricalBaseRate,0,0.4875406283856988,0.5,benchmark,False,923,2022-09-16,1
2022-09-30,1w,ElasticNet,0,0.4875901623272928,0.49,core,True,923,2022-09-16,1
2022-09-30,1w,Logistic,0,0.4788563209591397,0.5,core,True,923,2022-09-16,1
2022-09-30,1w,XGBoost,0,0.48649218678474426,0.51,extended,True,920,2022-09-16,1
2022-10-07,1w,HistoricalBaseRate,1,0.4880952380952381,0.5,benchmark,False,924,2022-09-23,1
2022-10-07,1w,ElasticNet,1,0.468983064988081,0.49,core,True,924,2022-09-23,1
2022-10-07,1w,Logistic,1,0.47696848394814234,0.5,core,True,924,2022-09-23,1
2022-10-07,1w,XGBoost,1,0.4890034794807434,0.51,extended,True,921,2022-09-23,1
2022-10-14,1w,HistoricalBaseRate,0,0.4875675675675676,0.5,benchmark,False,925,2022-09-30,1
2022-10-14,1w,ElasticNet,0,0.4881535770667186,0.49,core,True,925,2022-09-30,1
2022-10-14,1w,Logistic,0,0.506046982604228,0.5,core,True,925,2022-09-30,1
2022-10-14,1w,XGBoost,0,0.5016008615493774,0.51,extended,True,922,2022-09-30,1
2022-10-21,1w,HistoricalBaseRate,0,0.48812095032397407,0.5,benchmark,False,926,2022-10-07,1
2022-10-21,1w,ElasticNet,0,0.48423990436920406,0.49,core,True,926,2022-10-07,1
2022-10-21,1w,Logistic,0,0.4703101433603026,0.5,core,True,926,2022-10-07,1
2022-10-21,1w,XGBoost,0,0.4683258831501007,0.51,extended,True,923,2022-10-07,1
2022-10-28,1w,HistoricalBaseRate,0,0.48759439050701187,0.5,benchmark,False,927,2022-10-14,1
2022-10-28,1w,ElasticNet,0,0.4881841701354068,0.49,core,True,927,2022-10-14,1
2022-10-28,1w,Logistic,0,0.49071798110956305,0.5,core,True,927,2022-10-14,1
2022-10-28,1w,XGBoost,0,0.4696056544780731,0.51,extended,True,924,2022-10-14,1
2022-11-04,1w,HistoricalBaseRate,0,0.4870689655172414,0.5,benchmark,False,928,2022-10-21,1
2022-11-04,1w,ElasticNet,0,0.489418505341775,0.49,core,True,928,2022-10-21,1
2022-11-04,1w,Logistic,0,0.4787237996687207,0.5,core,True,928,2022-10-21,1
2022-11-04,1w,XGBoost,0,0.43961915373802185,0.51,extended,True,925,2022-10-21,1
2022-11-11,1w,HistoricalBaseRate,1,0.4865446716899892,0.5,benchmark,False,929,2022-10-28,1
2022-11-11,1w,ElasticNet,1,0.4809905889290235,0.49,core,True,929,2022-10-28,1
2022-11-11,1w,Logistic,1,0.4775797888243028,0.5,core,True,929,2022-10-28,1
2022-11-11,1w,XGBoost,1,0.43488162755966187,0.51,extended,True,926,2022-10-28,1
2022-11-18,1w,HistoricalBaseRate,0,0.4860215053763441,0.5,benchmark,False,930,2022-11-04,1
2022-11-18,1w,ElasticNet,0,0.49111613583841557,0.49,core,True,930,2022-11-04,1
2022-11-18,1w,Logistic,0,0.4942150870664177,0.5,core,True,930,2022-11-04,1
2022-11-18,1w,XGBoost,0,0.46623891592025757,0.51,extended,True,927,2022-11-04,1
2022-11-25,1w,HistoricalBaseRate,1,0.4865735767991407,0.5,benchmark,False,931,2022-11-11,1
2022-11-25,1w,ElasticNet,1,0.48936872004640924,0.49,core,True,931,2022-11-11,1
2022-11-25,1w,Logistic,1,0.4815034904746274,0.5,core,True,931,2022-11-11,1
2022-11-25,1w,XGBoost,1,0.46217888593673706,0.51,extended,True,928,2022-11-11,1
2022-12-02,1w,HistoricalBaseRate,1,0.48605150214592274,0.5,benchmark,False,932,2022-11-18,1
2022-12-02,1w,ElasticNet,1,0.4841089809665323,0.49,core,True,932,2022-11-18,1
2022-12-02,1w,Logistic,1,0.47757500627951055,0.5,core,True,932,2022-11-18,1
2022-12-02,1w,XGBoost,1,0.44521239399909973,0.51,extended,True,929,2022-11-18,1
2022-12-09,1w,HistoricalBaseRate,1,0.4866023579849946,0.5,benchmark,False,933,2022-11-25,1
2022-12-09,1w,ElasticNet,1,0.4882564732649549,0.49,core,True,933,2022-11-25,1
2022-12-09,1w,Logistic,1,0.4913937020857779,0.5,core,True,933,2022-11-25,1
2022-12-09,1w,XGBoost,1,0.5137825608253479,0.51,extended,True,930,2022-11-25,1
2022-12-16,1w,HistoricalBaseRate,0,0.487152034261242,0.5,benchmark,False,934,2022-12-02,1
2022-12-16,1w,ElasticNet,0,0.48677585910290555,0.49,core,True,934,2022-12-02,1
2022-12-16,1w,Logistic,0,0.47651941921281815,0.5,core,True,934,2022-12-02,1
2022-12-16,1w,XGBoost,0,0.47350430488586426,0.51,extended,True,931,2022-12-02,1
2022-12-23,1w,HistoricalBaseRate,0,0.48770053475935826,0.5,benchmark,False,935,2022-12-09,1
2022-12-23,1w,ElasticNet,0,0.5038065730496653,0.49,core,True,935,2022-12-09,1
2022-12-23,1w,Logistic,0,0.47168474068992333,0.5,core,True,935,2022-12-09,1
2022-12-23,1w,XGBoost,0,0.4607682228088379,0.51,extended,True,932,2022-12-09,1
2022-12-30,1w,HistoricalBaseRate,0,0.48717948717948717,0.5,benchmark,False,936,2022-12-16,1
2022-12-30,1w,ElasticNet,0,0.4844252729903396,0.49,core,True,936,2022-12-16,1
2022-12-30,1w,Logistic,0,0.484924652491879,0.5,core,True,936,2022-12-16,1
2022-12-30,1w,XGBoost,0,0.4915163218975067,0.51,extended,True,933,2022-12-16,1
2023-01-06,1w,HistoricalBaseRate,0,0.48665955176093917,0.5,benchmark,False,937,2022-12-23,1
2023-01-06,1w,ElasticNet,0,0.48470881895878626,0.49,core,True,937,2022-12-23,1
2023-01-06,1w,Logistic,0,0.48681861487711303,0.5,core,True,937,2022-12-23,1
2023-01-06,1w,XGBoost,0,0.4877687394618988,0.51,extended,True,934,2022-12-23,1
2023-01-13,1w,HistoricalBaseRate,1,0.4861407249466951,0.5,benchmark,False,938,2022-12-30,1
2023-01-13,1w,ElasticNet,1,0.4832534743452804,0.49,core,True,938,2022-12-30,1
2023-01-13,1w,Logistic,1,0.4754604296716339,0.5,core,True,938,2022-12-30,1
2023-01-13,1w,XGBoost,1,0.4512345492839813,0.51,extended,True,935,2022-12-30,1
2023-01-20,1w,HistoricalBaseRate,0,0.48562300319488816,0.5,benchmark,False,939,2023-01-06,1
2023-01-20,1w,ElasticNet,0,0.5022513758720034,0.49,core,True,939,2023-01-06,1
2023-01-20,1w,Logistic,0,0.4865788416899862,0.5,core,True,939,2023-01-06,1
2023-01-20,1w,XGBoost,0,0.49130910634994507,0.51,extended,True,936,2023-01-06,1
2023-01-27,1w,HistoricalBaseRate,1,0.48617021276595745,0.5,benchmark,False,940,2023-01-13,1
2023-01-27,1w,ElasticNet,1,0.49207282740975294,0.49,core,True,940,2023-01-13,1
2023-01-27,1w,Logistic,1,0.4831710849126197,0.5,core,True,940,2023-01-13,1
2023-01-27,1w,XGBoost,1,0.46914419531822205,0.51,extended,True,937,2023-01-13,1
2023-02-03,1w,HistoricalBaseRate,0,0.485653560042508,0.5,benchmark,False,941,2023-01-20,1
2023-02-03,1w,ElasticNet,0,0.483292588176484,0.49,core,True,941,2023-01-20,1
2023-02-03,1w,Logistic,0,0.48940272225564696,0.5,core,True,941,2023-01-20,1
2023-02-03,1w,XGBoost,0,0.48946839570999146,0.51,extended,True,938,2023-01-20,1
2023-02-10,1w,HistoricalBaseRate,1,0.4861995753715499,0.5,benchmark,False,942,2023-01-27,1
2023-02-10,1w,ElasticNet,1,0.47622441052368153,0.49,core,True,942,2023-01-27,1
2023-02-10,1w,Logistic,1,0.47652936897163206,0.5,core,True,942,2023-01-27,1
2023-02-10,1w,XGBoost,1,0.4935695230960846,0.51,extended,True,939,2023-01-27,1
2023-02-17,1w,HistoricalBaseRate,1,0.48568398727465534,0.5,benchmark,False,943,2023-02-03,1
2023-02-17,1w,ElasticNet,1,0.4953655439734516,0.49,core,True,943,2023-02-03,1
2023-02-17,1w,Logistic,1,0.4912742018898544,0.5,core,True,943,2023-02-03,1
2023-02-17,1w,XGBoost,1,0.48986345529556274,0.51,extended,True,940,2023-02-03,1
2023-02-24,1w,HistoricalBaseRate,0,0.486228813559322,0.5,benchmark,False,944,2023-02-10,1
2023-02-24,1w,ElasticNet,0,0.4740352698493197,0.49,core,True,944,2023-02-10,1
2023-02-24,1w,Logistic,0,0.48565719651610945,0.5,core,True,944,2023-02-10,1
2023-02-24,1w,XGBoost,0,0.4856100082397461,0.51,extended,True,941,2023-02-10,1
2023-03-03,1w,HistoricalBaseRate,1,0.48677248677248675,0.5,benchmark,False,945,2023-02-17,1
2023-03-03,1w,ElasticNet,1,0.4895011854483641,0.49,core,True,945,2023-02-17,1
2023-03-03,1w,Logistic,1,0.4750030625053663,0.5,core,True,945,2023-02-17,1
2023-03-03,1w,XGBoost,1,0.47885599732398987,0.51,extended,True,942,2023-02-17,1
2023-03-10,1w,HistoricalBaseRate,0,0.48625792811839325,0.5,benchmark,False,946,2023-02-24,1
2023-03-10,1w,ElasticNet,0,0.49312076040775227,0.49,core,True,946,2023-02-24,1
2023-03-10,1w,Logistic,0,0.4897191293251503,0.5,core,True,946,2023-02-24,1
2023-03-10,1w,XGBoost,0,0.5154558420181274,0.51,extended,True,943,2023-02-24,1
2023-03-17,1w,HistoricalBaseRate,1,0.48680042238648363,0.5,benchmark,False,947,2023-03-03,1
2023-03-17,1w,ElasticNet,1,0.4899214469341658,0.49,core,True,947,2023-03-03,1
2023-03-17,1w,Logistic,1,0.4838781583157624,0.5,core,True,947,2023-03-03,1
2023-03-17,1w,XGBoost,1,0.4913100302219391,0.51,extended,True,944,2023-03-03,1
2023-03-24,1w,HistoricalBaseRate,0,0.48628691983122363,0.5,benchmark,False,948,2023-03-10,1
2023-03-24,1w,ElasticNet,0,0.4896135094109819,0.49,core,True,948,2023-03-10,1
2023-03-24,1w,Logistic,0,0.4840970098303247,0.5,core,True,948,2023-03-10,1
2023-03-24,1w,XGBoost,0,0.48593971133232117,0.51,extended,True,945,2023-03-10,1
2023-03-31,1w,HistoricalBaseRate,0,0.4868282402528978,0.5,benchmark,False,949,2023-03-17,1
2023-03-31,1w,ElasticNet,0,0.45788593586370574,0.49,core,True,949,2023-03-17,1
2023-03-31,1w,Logistic,0,0.47175932448738156,0.5,core,True,949,2023-03-17,1
2023-03-31,1w,XGBoost,0,0.45929309725761414,0.51,extended,True,946,2023-03-17,1
2023-04-07,1w,HistoricalBaseRate,0,0.4863157894736842,0.5,benchmark,False,950,2023-03-24,1
2023-04-07,1w,ElasticNet,0,0.5177829851299232,0.49,core,True,950,2023-03-24,1
2023-04-07,1w,Logistic,0,0.4815651304533374,0.5,core,True,950,2023-03-24,1
2023-04-07,1w,XGBoost,0,0.46185004711151123,0.51,extended,True,947,2023-03-24,1
2023-04-14,1w,HistoricalBaseRate,1,0.48580441640378547,0.5,benchmark,False,951,2023-03-31,1
2023-04-14,1w,ElasticNet,1,0.48334627083487863,0.49,core,True,951,2023-03-31,1
2023-04-14,1w,Logistic,1,0.47699658832706604,0.5,core,True,951,2023-03-31,1
2023-04-14,1w,XGBoost,1,0.4471302926540375,0.51,extended,True,948,2023-03-31,1
2023-04-21,1w,HistoricalBaseRate,1,0.4852941176470588,0.5,benchmark,False,952,2023-04-07,1
2023-04-21,1w,ElasticNet,1,0.490520387481302,0.49,core,True,952,2023-04-07,1
2023-04-21,1w,Logistic,1,0.4863660679654996,0.5,core,True,952,2023-04-07,1
2023-04-21,1w,XGBoost,1,0.4640974700450897,0.51,extended,True,949,2023-04-07,1
2023-04-28,1w,HistoricalBaseRate,0,0.4858342077649528,0.5,benchmark,False,953,2023-04-14,1
2023-04-28,1w,ElasticNet,0,0.47991722481881083,0.49,core,True,953,2023-04-14,1
2023-04-28,1w,Logistic,0,0.4814918567604513,0.5,core,True,953,2023-04-14,1
2023-04-28,1w,XGBoost,0,0.4894068241119385,0.51,extended,True,950,2023-04-14,1
2023-05-05,1w,HistoricalBaseRate,1,0.4863731656184486,0.5,benchmark,False,954,2023-04-21,1
2023-05-05,1w,ElasticNet,1,0.48992584250896337,0.49,core,True,954,2023-04-21,1
2023-05-05,1w,Logistic,1,0.4938606157611345,0.5,core,True,954,2023-04-21,1
2023-05-05,1w,XGBoost,1,0.4811048209667206,0.51,extended,True,951,2023-04-21,1
2023-05-12,1w,HistoricalBaseRate,0,0.48586387434554973,0.5,benchmark,False,955,2023-04-28,1
2023-05-12,1w,ElasticNet,0,0.48645840771238985,0.49,core,True,955,2023-04-28,1
2023-05-12,1w,Logistic,0,0.4800836471327126,0.5,core,True,955,2023-04-28,1
2023-05-12,1w,XGBoost,0,0.4932136833667755,0.51,extended,True,952,2023-04-28,1
2023-05-19,1w,HistoricalBaseRate,1,0.48640167364016734,0.5,benchmark,False,956,2023-05-05,1
2023-05-19,1w,ElasticNet,1,0.4866961334876324,0.49,core,True,956,2023-05-05,1
2023-05-19,1w,Logistic,1,0.4832510388701755,0.5,core,True,956,2023-05-05,1
2023-05-19,1w,XGBoost,1,0.48730507493019104,0.51,extended,True,953,2023-05-05,1
2023-05-26,1w,HistoricalBaseRate,0,0.48589341692789967,0.5,benchmark,False,957,2023-05-12,1
2023-05-26,1w,ElasticNet,0,0.48501057978496176,0.49,core,True,957,2023-05-12,1
2023-05-26,1w,Logistic,0,0.4867333484584383,0.5,core,True,957,2023-05-12,1
2023-05-26,1w,XGBoost,0,0.48758527636528015,0.51,extended,True,954,2023-05-12,1
2023-06-02,1w,HistoricalBaseRate,0,0.48643006263048016,0.5,benchmark,False,958,2023-05-19,1
2023-06-02,1w,ElasticNet,0,0.4916273860842096,0.49,core,True,958,2023-05-19,1
2023-06-02,1w,Logistic,0,0.4707331128478444,0.5,core,True,958,2023-05-19,1
2023-06-02,1w,XGBoost,0,0.4697236120700836,0.51,extended,True,955,2023-05-19,1
2023-06-09,1w,HistoricalBaseRate,0,0.4859228362877998,0.5,benchmark,False,959,2023-05-26,1
2023-06-09,1w,ElasticNet,0,0.4906144457470485,0.49,core,True,959,2023-05-26,1
2023-06-09,1w,Logistic,0,0.4681293023826326,0.5,core,True,959,2023-05-26,1
2023-06-09,1w,XGBoost,0,0.47581353783607483,0.51,extended,True,956,2023-05-26,1
2023-06-16,1w,HistoricalBaseRate,1,0.48541666666666666,0.5,benchmark,False,960,2023-06-02,1
2023-06-16,1w,ElasticNet,1,0.4778331554504656,0.49,core,True,960,2023-06-02,1
2023-06-16,1w,Logistic,1,0.4834728547533802,0.5,core,True,960,2023-06-02,1
2023-06-16,1w,XGBoost,1,0.4701710343360901,0.51,extended,True,957,2023-06-02,1
2023-06-23,1w,HistoricalBaseRate,1,0.48491155046826223,0.5,benchmark,False,961,2023-06-09,1
2023-06-23,1w,ElasticNet,1,0.4688765466566782,0.49,core,True,961,2023-06-09,1
2023-06-23,1w,Logistic,1,0.47877402728095775,0.5,core,True,961,2023-06-09,1
2023-06-23,1w,XGBoost,1,0.46288493275642395,0.51,extended,True,958,2023-06-09,1
2023-06-30,1w,HistoricalBaseRate,1,0.48544698544698545,0.5,benchmark,False,962,2023-06-16,1
2023-06-30,1w,ElasticNet,1,0.48559575275138395,0.49,core,True,962,2023-06-16,1
2023-06-30,1w,Logistic,1,0.4941413714447308,0.5,core,True,962,2023-06-16,1
2023-06-30,1w,XGBoost,1,0.4878232181072235,0.51,extended,True,959,2023-06-16,1
2023-07-07,1w,HistoricalBaseRate,0,0.48598130841121495,0.5,benchmark,False,963,2023-06-23,1
2023-07-07,1w,ElasticNet,0,0.47966091613146816,0.49,core,True,963,2023-06-23,1
2023-07-07,1w,Logistic,0,0.4765496821383661,0.5,core,True,963,2023-06-23,1
2023-07-07,1w,XGBoost,0,0.4747602939605713,0.51,extended,True,960,2023-06-23,1
2023-07-14,1w,HistoricalBaseRate,1,0.48651452282157676,0.5,benchmark,False,964,2023-06-30,1
2023-07-14,1w,ElasticNet,1,0.48393746308995417,0.49,core,True,964,2023-06-30,1
2023-07-14,1w,Logistic,1,0.48020464240876304,0.5,core,True,964,2023-06-30,1
2023-07-14,1w,XGBoost,1,0.48550018668174744,0.51,extended,True,961,2023-06-30,1
2023-07-21,1w,HistoricalBaseRate,1,0.48601036269430054,0.5,benchmark,False,965,2023-07-07,1
2023-07-21,1w,ElasticNet,1,0.47714070515458146,0.49,core,True,965,2023-07-07,1
2023-07-21,1w,Logistic,1,0.4780245212859415,0.5,core,True,965,2023-07-07,1
2023-07-21,1w,XGBoost,1,0.4860832989215851,0.51,extended,True,962,2023-07-07,1
2023-07-28,1w,HistoricalBaseRate,1,0.4865424430641822,0.5,benchmark,False,966,2023-07-14,1
2023-07-28,1w,ElasticNet,1,0.484521594576347,0.49,core,True,966,2023-07-14,1
2023-07-28,1w,Logistic,1,0.47627787350713824,0.5,core,True,966,2023-07-14,1
2023-07-28,1w,XGBoost,1,0.47023987770080566,0.51,extended,True,963,2023-07-14,1
2023-08-04,1w,HistoricalBaseRate,1,0.4870734229576008,0.5,benchmark,False,967,2023-07-21,1
2023-08-04,1w,ElasticNet,1,0.4839704295554199,0.49,core,True,967,2023-07-21,1
2023-08-04,1w,Logistic,1,0.4861095091813071,0.5,core,True,967,2023-07-21,1
2023-08-04,1w,XGBoost,1,0.5075211524963379,0.51,extended,True,964,2023-07-21,1
2023-08-11,1w,HistoricalBaseRate,1,0.48760330578512395,0.5,benchmark,False,968,2023-07-28,1
2023-08-11,1w,ElasticNet,1,0.49238060564756125,0.49,core,True,968,2023-07-28,1
2023-08-11,1w,Logistic,1,0.4828477202848116,0.5,core,True,968,2023-07-28,1
2023-08-11,1w,XGBoost,1,0.4932974576950073,0.51,extended,True,965,2023-07-28,1
2023-08-18,1w,HistoricalBaseRate,1,0.48813209494324045,0.5,benchmark,False,969,2023-08-04,1
2023-08-18,1w,ElasticNet,1,0.483811984312126,0.49,core,True,969,2023-08-04,1
2023-08-18,1w,Logistic,1,0.4824717741605646,0.5,core,True,969,2023-08-04,1
2023-08-18,1w,XGBoost,1,0.4993452727794647,0.51,extended,True,966,2023-08-04,1
2023-08-25,1w,HistoricalBaseRate,0,0.488659793814433,0.5,benchmark,False,970,2023-08-11,1
2023-08-25,1w,ElasticNet,0,0.49515555227293095,0.49,core,True,970,2023-08-11,1
2023-08-25,1w,Logistic,0,0.49214363808387795,0.5,core,True,970,2023-08-11,1
2023-08-25,1w,XGBoost,0,0.4898134469985962,0.51,extended,True,967,2023-08-11,1
2023-09-01,1w,HistoricalBaseRate,1,0.48918640576725025,0.5,benchmark,False,971,2023-08-18,1
2023-09-01,1w,ElasticNet,1,0.49516786201288426,0.49,core,True,971,2023-08-18,1
2023-09-01,1w,Logistic,1,0.4820223470590917,0.5,core,True,971,2023-08-18,1
2023-09-01,1w,XGBoost,1,0.46829816699028015,0.51,extended,True,968,2023-08-18,1
2023-09-08,1w,HistoricalBaseRate,0,0.4886831275720165,0.5,benchmark,False,972,2023-08-25,1
2023-09-08,1w,ElasticNet,0,0.4889485370901627,0.49,core,True,972,2023-08-25,1
2023-09-08,1w,Logistic,0,0.48661704452252363,0.5,core,True,972,2023-08-25,1
2023-09-08,1w,XGBoost,0,0.49355053901672363,0.51,extended,True,969,2023-08-25,1
2023-09-15,1w,HistoricalBaseRate,0,0.4892086330935252,0.5,benchmark,False,973,2023-09-01,1
2023-09-15,1w,ElasticNet,0,0.49075675309529954,0.49,core,True,973,2023-09-01,1
2023-09-15,1w,Logistic,0,0.4812503518069317,0.5,core,True,973,2023-09-01,1
2023-09-15,1w,XGBoost,0,0.46365275979042053,0.51,extended,True,970,2023-09-01,1
2023-09-22,1w,HistoricalBaseRate,1,0.4887063655030801,0.5,benchmark,False,974,2023-09-08,1
2023-09-22,1w,ElasticNet,1,0.4839578873311707,0.49,core,True,974,2023-09-08,1
2023-09-22,1w,Logistic,1,0.4854118586223898,0.5,core,True,974,2023-09-08,1
2023-09-22,1w,XGBoost,1,0.5177851915359497,0.51,extended,True,971,2023-09-08,1
2023-09-29,1w,HistoricalBaseRate,1,0.4882051282051282,0.5,benchmark,False,975,2023-09-15,1
2023-09-29,1w,ElasticNet,1,0.4920579157566215,0.49,core,True,975,2023-09-15,1
2023-09-29,1w,Logistic,1,0.4856738506534919,0.5,core,True,975,2023-09-15,1
2023-09-29,1w,XGBoost,1,0.48971864581108093,0.51,extended,True,972,2023-09-15,1
2023-10-06,1w,HistoricalBaseRate,0,0.4887295081967213,0.5,benchmark,False,976,2023-09-22,1
2023-10-06,1w,ElasticNet,0,0.48987746127929116,0.49,core,True,976,2023-09-22,1
2023-10-06,1w,Logistic,0,0.48897069520358416,0.5,core,True,976,2023-09-22,1
2023-10-06,1w,XGBoost,0,0.48993104696273804,0.51,extended,True,973,2023-09-22,1
2023-10-13,1w,HistoricalBaseRate,1,0.48925281473899696,0.5,benchmark,False,977,2023-09-29,1
2023-10-13,1w,ElasticNet,1,0.46425633451895953,0.49,core,True,977,2023-09-29,1
2023-10-13,1w,Logistic,1,0.4862620397834196,0.5,core,True,977,2023-09-29,1
2023-10-13,1w,XGBoost,1,0.5073046088218689,0.51,extended,True,974,2023-09-29,1
2023-10-20,1w,HistoricalBaseRate,1,0.4887525562372188,0.5,benchmark,False,978,2023-10-06,1
2023-10-20,1w,ElasticNet,1,0.4872011100901173,0.49,core,True,978,2023-10-06,1
2023-10-20,1w,Logistic,1,0.48944494959657564,0.5,core,True,978,2023-10-06,1
2023-10-20,1w,XGBoost,1,0.5173781514167786,0.51,extended,True,975,2023-10-06,1
2023-10-27,1w,HistoricalBaseRate,0,0.48927477017364657,0.5,benchmark,False,979,2023-10-13,1
2023-10-27,1w,ElasticNet,0,0.48770246372292636,0.49,core,True,979,2023-10-13,1
2023-10-27,1w,Logistic,0,0.49847200577244205,0.5,core,True,979,2023-10-13,1
2023-10-27,1w,XGBoost,0,0.4883491098880768,0.51,extended,True,976,2023-10-13,1
2023-11-03,1w,HistoricalBaseRate,1,0.4897959183673469,0.5,benchmark,False,980,2023-10-20,1
2023-11-03,1w,ElasticNet,1,0.503989539050761,0.49,core,True,980,2023-10-20,1
2023-11-03,1w,Logistic,1,0.4799463962725316,0.5,core,True,980,2023-10-20,1
2023-11-03,1w,XGBoost,1,0.46534568071365356,0.51,extended,True,977,2023-10-20,1
2023-11-10,1w,HistoricalBaseRate,0,0.4892966360856269,0.5,benchmark,False,981,2023-10-27,1
2023-11-10,1w,ElasticNet,0,0.49274738547492947,0.49,core,True,981,2023-10-27,1
2023-11-10,1w,Logistic,0,0.49277642596485166,0.5,core,True,981,2023-10-27,1
2023-11-10,1w,XGBoost,0,0.4805969297885895,0.51,extended,True,978,2023-10-27,1
2023-11-17,1w,HistoricalBaseRate,0,0.48981670061099797,0.5,benchmark,False,982,2023-11-03,1
2023-11-17,1w,ElasticNet,0,0.48899606467899503,0.49,core,True,982,2023-11-03,1
2023-11-17,1w,Logistic,0,0.4830114156460737,0.5,core,True,982,2023-11-03,1
2023-11-17,1w,XGBoost,0,0.4726771116256714,0.51,extended,True,979,2023-11-03,1
2023-11-24,1w,HistoricalBaseRate,0,0.4893184130213632,0.5,benchmark,False,983,2023-11-10,1
2023-11-24,1w,ElasticNet,0,0.47745277227222427,0.49,core,True,983,2023-11-10,1
2023-11-24,1w,Logistic,0,0.485853669270099,0.5,core,True,983,2023-11-10,1
2023-11-24,1w,XGBoost,0,0.45404958724975586,0.51,extended,True,980,2023-11-10,1
2023-12-01,1w,HistoricalBaseRate,1,0.4888211382113821,0.5,benchmark,False,984,2023-11-17,1
2023-12-01,1w,ElasticNet,1,0.4838867988837787,0.49,core,True,984,2023-11-17,1
2023-12-01,1w,Logistic,1,0.48491757299381993,0.5,core,True,984,2023-11-17,1
2023-12-01,1w,XGBoost,1,0.4720783829689026,0.51,extended,True,981,2023-11-17,1
2023-12-08,1w,HistoricalBaseRate,0,0.4883248730964467,0.5,benchmark,False,985,2023-11-24,1
2023-12-08,1w,ElasticNet,0,0.5055436134705639,0.49,core,True,985,2023-11-24,1
2023-12-08,1w,Logistic,0,0.48979871478321135,0.5,core,True,985,2023-11-24,1
2023-12-08,1w,XGBoost,0,0.49504372477531433,0.51,extended,True,982,2023-11-24,1
2023-12-15,1w,HistoricalBaseRate,0,0.48884381338742394,0.5,benchmark,False,986,2023-12-01,1
2023-12-15,1w,ElasticNet,0,0.48788474789565633,0.49,core,True,986,2023-12-01,1
2023-12-15,1w,Logistic,0,0.48512088606454123,0.5,core,True,986,2023-12-01,1
2023-12-15,1w,XGBoost,0,0.47114455699920654,0.51,extended,True,983,2023-12-01,1
2023-12-22,1w,HistoricalBaseRate,0,0.48834853090172237,0.5,benchmark,False,987,2023-12-08,1
2023-12-22,1w,ElasticNet,0,0.5062057815445411,0.49,core,True,987,2023-12-08,1
2023-12-22,1w,Logistic,0,0.46861819418748457,0.5,core,True,987,2023-12-08,1
2023-12-22,1w,XGBoost,0,0.4626050591468811,0.51,extended,True,984,2023-12-08,1
2023-12-29,1w,HistoricalBaseRate,1,0.48785425101214575,0.5,benchmark,False,988,2023-12-15,1
2023-12-29,1w,ElasticNet,1,0.49221643084982925,0.49,core,True,988,2023-12-15,1
2023-12-29,1w,Logistic,1,0.48591697460894445,0.5,core,True,988,2023-12-15,1
2023-12-29,1w,XGBoost,1,0.48985716700553894,0.51,extended,True,985,2023-12-15,1
2024-01-05,1w,HistoricalBaseRate,1,0.487360970677452,0.5,benchmark,False,989,2023-12-22,1
2024-01-05,1w,ElasticNet,1,0.48928848867027036,0.49,core,True,989,2023-12-22,1
2024-01-05,1w,Logistic,1,0.48474099555752026,0.5,core,True,989,2023-12-22,1
2024-01-05,1w,XGBoost,1,0.48099738359451294,0.51,extended,True,986,2023-12-22,1
2024-01-12,1w,HistoricalBaseRate,1,0.48787878787878786,0.5,benchmark,False,990,2023-12-29,1
2024-01-12,1w,ElasticNet,1,0.4913342573362733,0.49,core,True,990,2023-12-29,1
2024-01-12,1w,Logistic,1,0.4780109535707586,0.5,core,True,990,2023-12-29,1
2024-01-12,1w,XGBoost,1,0.49083301424980164,0.51,extended,True,987,2023-12-29,1
2024-01-19,1w,HistoricalBaseRate,0,0.4883955600403633,0.5,benchmark,False,991,2024-01-05,1
2024-01-19,1w,ElasticNet,0,0.48869428511876806,0.49,core,True,991,2024-01-05,1
2024-01-19,1w,Logistic,0,0.49062729717173104,0.5,core,True,991,2024-01-05,1
2024-01-19,1w,XGBoost,0,0.4918406009674072,0.51,extended,True,988,2024-01-05,1
2024-01-26,1w,HistoricalBaseRate,1,0.4889112903225806,0.5,benchmark,False,992,2024-01-12,1
2024-01-26,1w,ElasticNet,1,0.49266684527226623,0.49,core,True,992,2024-01-12,1
2024-01-26,1w,Logistic,1,0.4752135339834893,0.5,core,True,992,2024-01-12,1
2024-01-26,1w,XGBoost,1,0.4802062213420868,0.51,extended,True,989,2024-01-12,1
2024-02-02,1w,HistoricalBaseRate,1,0.48841893252769386,0.5,benchmark,False,993,2024-01-19,1
2024-02-02,1w,ElasticNet,1,0.49045954404688386,0.49,core,True,993,2024-01-19,1
2024-02-02,1w,Logistic,1,0.4968619014649968,0.5,core,True,993,2024-01-19,1
2024-02-02,1w,XGBoost,1,0.4937964975833893,0.51,extended,True,990,2024-01-19,1
2024-02-09,1w,HistoricalBaseRate,1,0.48893360160965793,0.5,benchmark,False,994,2024-01-26,1
2024-02-09,1w,ElasticNet,1,0.48774172170609836,0.49,core,True,994,2024-01-26,1
2024-02-09,1w,Logistic,1,0.4840405695986257,0.5,core,True,994,2024-01-26,1
2024-02-09,1w,XGBoost,1,0.48360374569892883,0.51,extended,True,991,2024-01-26,1
2024-02-16,1w,HistoricalBaseRate,1,0.4894472361809045,0.5,benchmark,False,995,2024-02-02,1
2024-02-16,1w,ElasticNet,1,0.5013742692205342,0.49,core,True,995,2024-02-02,1
2024-02-16,1w,Logistic,1,0.4940220393094313,0.5,core,True,995,2024-02-02,1
2024-02-16,1w,XGBoost,1,0.4843217730522156,0.51,extended,True,992,2024-02-02,1
2024-02-23,1w,HistoricalBaseRate,1,0.4899598393574297,0.5,benchmark,False,996,2024-02-09,1
2024-02-23,1w,ElasticNet,1,0.49787002733403585,0.49,core,True,996,2024-02-09,1
2024-02-23,1w,Logistic,1,0.48992495509387884,0.5,core,True,996,2024-02-09,1
2024-02-23,1w,XGBoost,1,0.4960382580757141,0.51,extended,True,993,2024-02-09,1
2024-03-01,1w,HistoricalBaseRate,0,0.49047141424272817,0.5,benchmark,False,997,2024-02-16,1
2024-03-01,1w,ElasticNet,0,0.49350476806221,0.49,core,True,997,2024-02-16,1
2024-03-01,1w,Logistic,0,0.4829291073093498,0.5,core,True,997,2024-02-16,1
2024-03-01,1w,XGBoost,0,0.48760777711868286,0.51,extended,True,994,2024-02-16,1
2024-03-08,1w,HistoricalBaseRate,1,0.4909819639278557,0.5,benchmark,False,998,2024-02-23,1
2024-03-08,1w,ElasticNet,1,0.49103364086374796,0.49,core,True,998,2024-02-23,1
2024-03-08,1w,Logistic,1,0.4949912208226561,0.5,core,True,998,2024-02-23,1
2024-03-08,1w,XGBoost,1,0.4974273443222046,0.51,extended,True,995,2024-02-23,1
2024-03-15,1w,HistoricalBaseRate,1,0.4904904904904905,0.5,benchmark,False,999,2024-03-01,1
2024-03-15,1w,ElasticNet,1,0.4931601030251549,0.49,core,True,999,2024-03-01,1
2024-03-15,1w,Logistic,1,0.49034053905113206,0.5,core,True,999,2024-03-01,1
2024-03-15,1w,XGBoost,1,0.4896699786186218,0.51,extended,True,996,2024-03-01,1
2024-03-22,1w,HistoricalBaseRate,0,0.491,0.5,benchmark,False,1000,2024-03-08,1
2024-03-22,1w,ElasticNet,0,0.5023089616952883,0.49,core,True,1000,2024-03-08,1
2024-03-22,1w,Logistic,0,0.4838490323636841,0.5,core,True,1000,2024-03-08,1
2024-03-22,1w,XGBoost,0,0.49814143776893616,0.51,extended,True,997,2024-03-08,1
2024-03-29,1w,HistoricalBaseRate,1,0.4915084915084915,0.5,benchmark,False,1001,2024-03-15,1
2024-03-29,1w,ElasticNet,1,0.49313106849546195,0.49,core,True,1001,2024-03-15,1
2024-03-29,1w,Logistic,1,0.4838442759133278,0.5,core,True,1001,2024-03-15,1
2024-03-29,1w,XGBoost,1,0.48834654688835144,0.51,extended,True,998,2024-03-15,1
2024-04-05,1w,HistoricalBaseRate,1,0.49101796407185627,0.5,benchmark,False,1002,2024-03-22,1
2024-04-05,1w,ElasticNet,1,0.49513778201681596,0.49,core,True,1002,2024-03-22,1
2024-04-05,1w,Logistic,1,0.49495215004699883,0.5,core,True,1002,2024-03-22,1
2024-04-05,1w,XGBoost,1,0.5163611173629761,0.51,extended,True,999,2024-03-22,1
2024-04-12,1w,HistoricalBaseRate,0,0.4915254237288136,0.5,benchmark,False,1003,2024-03-29,1
2024-04-12,1w,ElasticNet,0,0.4985461618193402,0.49,core,True,1003,2024-03-29,1
2024-04-12,1w,Logistic,0,0.4898924055189899,0.5,core,True,1003,2024-03-29,1
2024-04-12,1w,XGBoost,0,0.4960600733757019,0.51,extended,True,1000,2024-03-29,1
2024-04-19,1w,HistoricalBaseRate,0,0.49203187250996017,0.5,benchmark,False,1004,2024-04-05,1
2024-04-19,1w,ElasticNet,0,0.48665557543166277,0.49,core,True,1004,2024-04-05,1
2024-04-19,1w,Logistic,0,0.49321352481351893,0.5,core,True,1004,2024-04-05,1
2024-04-19,1w,XGBoost,0,0.49715760350227356,0.51,extended,True,1001,2024-04-05,1
2024-04-26,1w,HistoricalBaseRate,1,0.49154228855721394,0.5,benchmark,False,1005,2024-04-12,1
2024-04-26,1w,ElasticNet,1,0.4822476429217783,0.49,core,True,1005,2024-04-12,1
2024-04-26,1w,Logistic,1,0.4818747040768904,0.5,core,True,1005,2024-04-12,1
2024-04-26,1w,XGBoost,1,0.4956696927547455,0.51,extended,True,1002,2024-04-12,1
2024-05-03,1w,HistoricalBaseRate,0,0.49105367793240556,0.5,benchmark,False,1006,2024-04-19,1
2024-05-03,1w,ElasticNet,0,0.48794736034025327,0.49,core,True,1006,2024-04-19,1
2024-05-03,1w,Logistic,0,0.49106502946689806,0.5,core,True,1006,2024-04-19,1
2024-05-03,1w,XGBoost,0,0.49508175253868103,0.51,extended,True,1003,2024-04-19,1
2024-05-10,1w,HistoricalBaseRate,0,0.4915590863952334,0.5,benchmark,False,1007,2024-04-26,1
2024-05-10,1w,ElasticNet,0,0.49711529017549855,0.49,core,True,1007,2024-04-26,1
2024-05-10,1w,Logistic,0,0.48461388726434973,0.5,core,True,1007,2024-04-26,1
2024-05-10,1w,XGBoost,0,0.48122453689575195,0.51,extended,True,1004,2024-04-26,1
2024-05-17,1w,HistoricalBaseRate,1,0.49107142857142855,0.5,benchmark,False,1008,2024-05-03,1
2024-05-17,1w,ElasticNet,1,0.48728316378617875,0.49,core,True,1008,2024-05-03,1
2024-05-17,1w,Logistic,1,0.48565041283819577,0.5,core,True,1008,2024-05-03,1
2024-05-17,1w,XGBoost,1,0.4682152569293976,0.51,extended,True,1005,2024-05-03,1
2024-05-24,1w,HistoricalBaseRate,0,0.4905847373637265,0.5,benchmark,False,1009,2024-05-10,1
2024-05-24,1w,ElasticNet,0,0.48812837228233724,0.49,core,True,1009,2024-05-10,1
2024-05-24,1w,Logistic,0,0.49441744565474455,0.5,core,True,1009,2024-05-10,1
2024-05-24,1w,XGBoost,0,0.4985226094722748,0.51,extended,True,1006,2024-05-10,1
2024-05-31,1w,HistoricalBaseRate,1,0.4910891089108911,0.5,benchmark,False,1010,2024-05-17,1
2024-05-31,1w,ElasticNet,1,0.48458698743496964,0.49,core,True,1010,2024-05-17,1
2024-05-31,1w,Logistic,1,0.490077368278809,0.5,core,True,1010,2024-05-17,1
2024-05-31,1w,XGBoost,1,0.4941706955432892,0.51,extended,True,1007,2024-05-17,1
2024-06-07,1w,HistoricalBaseRate,0,0.49060336300692386,0.5,benchmark,False,1011,2024-05-24,1
2024-06-07,1w,ElasticNet,0,0.4894583370283756,0.49,core,True,1011,2024-05-24,1
2024-06-07,1w,Logistic,0,0.4921077117663692,0.5,core,True,1011,2024-05-24,1
2024-06-07,1w,XGBoost,0,0.49748262763023376,0.51,extended,True,1008,2024-05-24,1
2024-06-14,1w,HistoricalBaseRate,0,0.49110671936758893,0.5,benchmark,False,1012,2024-05-31,1
2024-06-14,1w,ElasticNet,0,0.4921817932078495,0.49,core,True,1012,2024-05-31,1
2024-06-14,1w,Logistic,0,0.4850008215066044,0.5,core,True,1012,2024-05-31,1
2024-06-14,1w,XGBoost,0,0.4873726963996887,0.51,extended,True,1009,2024-05-31,1
2024-06-21,1w,HistoricalBaseRate,0,0.4906219151036525,0.5,benchmark,False,1013,2024-06-07,1
2024-06-21,1w,ElasticNet,0,0.4906045770479024,0.49,core,True,1013,2024-06-07,1
2024-06-21,1w,Logistic,0,0.48335043000347044,0.5,core,True,1013,2024-06-07,1
2024-06-21,1w,XGBoost,0,0.48610010743141174,0.51,extended,True,1010,2024-06-07,1
2024-06-28,1w,HistoricalBaseRate,0,0.490138067061144,0.5,benchmark,False,1014,2024-06-14,1
2024-06-28,1w,ElasticNet,0,0.47130257827289757,0.49,core,True,1014,2024-06-14,1
2024-06-28,1w,Logistic,0,0.47700905253795284,0.5,core,True,1014,2024-06-14,1
2024-06-28,1w,XGBoost,0,0.49311697483062744,0.51,extended,True,1011,2024-06-14,1
2024-07-05,1w,HistoricalBaseRate,0,0.4896551724137931,0.5,benchmark,False,1015,2024-06-21,1
2024-07-05,1w,ElasticNet,0,0.49058323911512397,0.49,core,True,1015,2024-06-21,1
2024-07-05,1w,Logistic,0,0.480614535022403,0.5,core,True,1015,2024-06-21,1
2024-07-05,1w,XGBoost,0,0.4926532506942749,0.51,extended,True,1012,2024-06-21,1
2024-07-12,1w,HistoricalBaseRate,1,0.4891732283464567,0.5,benchmark,False,1016,2024-06-28,1
2024-07-12,1w,ElasticNet,1,0.4860869742042026,0.49,core,True,1016,2024-06-28,1
2024-07-12,1w,Logistic,1,0.47795352372379035,0.5,core,True,1016,2024-06-28,1
2024-07-12,1w,XGBoost,1,0.4903058111667633,0.51,extended,True,1013,2024-06-28,1
2024-07-19,1w,HistoricalBaseRate,1,0.4886922320550639,0.5,benchmark,False,1017,2024-07-05,1
2024-07-19,1w,ElasticNet,1,0.49060783593439355,0.49,core,True,1017,2024-07-05,1
2024-07-19,1w,Logistic,1,0.49419485799822765,0.5,core,True,1017,2024-07-05,1
2024-07-19,1w,XGBoost,1,0.5288727879524231,0.51,extended,True,1014,2024-07-05,1
2024-07-26,1w,HistoricalBaseRate,1,0.48919449901768175,0.5,benchmark,False,1018,2024-07-12,1
2024-07-26,1w,ElasticNet,1,0.48736628656651954,0.49,core,True,1018,2024-07-12,1
2024-07-26,1w,Logistic,1,0.4882550147412018,0.5,core,True,1018,2024-07-12,1
2024-07-26,1w,XGBoost,1,0.49569013714790344,0.51,extended,True,1015,2024-07-12,1
2024-08-02,1w,HistoricalBaseRate,0,0.4896957801766438,0.5,benchmark,False,1019,2024-07-19,1
2024-08-02,1w,ElasticNet,0,0.4935983606115541,0.49,core,True,1019,2024-07-19,1
2024-08-02,1w,Logistic,0,0.48467737670377425,0.5,core,True,1019,2024-07-19,1
2024-08-02,1w,XGBoost,0,0.5262290835380554,0.51,extended,True,1016,2024-07-19,1
2024-08-09,1w,HistoricalBaseRate,0,0.49019607843137253,0.5,benchmark,False,1020,2024-07-26,1
2024-08-09,1w,ElasticNet,0,0.48949001210092363,0.49,core,True,1020,2024-07-26,1
2024-08-09,1w,Logistic,0,0.48846255728988164,0.5,core,True,1020,2024-07-26,1
2024-08-09,1w,XGBoost,0,0.4668923020362854,0.51,extended,True,1017,2024-07-26,1
2024-08-16,1w,HistoricalBaseRate,0,0.48971596474045054,0.5,benchmark,False,1021,2024-08-02,1
2024-08-16,1w,ElasticNet,0,0.4910194815645385,0.49,core,True,1021,2024-08-02,1
2024-08-16,1w,Logistic,0,0.47787473363714383,0.5,core,True,1021,2024-08-02,1
2024-08-16,1w,XGBoost,0,0.4932312071323395,0.51,extended,True,1018,2024-08-02,1
2024-08-23,1w,HistoricalBaseRate,0,0.4892367906066536,0.5,benchmark,False,1022,2024-08-09,1
2024-08-23,1w,ElasticNet,0,0.48571620568149754,0.49,core,True,1022,2024-08-09,1
2024-08-23,1w,Logistic,0,0.4892411856475727,0.5,core,True,1022,2024-08-09,1
2024-08-23,1w,XGBoost,0,0.46438583731651306,0.51,extended,True,1019,2024-08-09,1
2024-08-30,1w,HistoricalBaseRate,1,0.4887585532746823,0.5,benchmark,False,1023,2024-08-16,1
2024-08-30,1w,ElasticNet,1,0.48723241213843976,0.49,core,True,1023,2024-08-16,1
2024-08-30,1w,Logistic,1,0.4786827528793463,0.5,core,True,1023,2024-08-16,1
2024-08-30,1w,XGBoost,1,0.46979936957359314,0.51,extended,True,1020,2024-08-16,1
2024-09-06,1w,HistoricalBaseRate,1,0.48828125,0.5,benchmark,False,1024,2024-08-23,1
2024-09-06,1w,ElasticNet,1,0.4896035872899839,0.49,core,True,1024,2024-08-23,1
2024-09-06,1w,Logistic,1,0.49194212724049335,0.5,core,True,1024,2024-08-23,1
2024-09-06,1w,XGBoost,1,0.525266706943512,0.51,extended,True,1021,2024-08-23,1
2024-09-13,1w,HistoricalBaseRate,0,0.48878048780487804,0.5,benchmark,False,1025,2024-08-30,1
2024-09-13,1w,ElasticNet,0,0.49531001736236346,0.49,core,True,1025,2024-08-30,1
2024-09-13,1w,Logistic,0,0.4752713383988135,0.5,core,True,1025,2024-08-30,1
2024-09-13,1w,XGBoost,0,0.4913956820964813,0.51,extended,True,1022,2024-08-30,1
2024-09-20,1w,HistoricalBaseRate,0,0.48927875243664715,0.5,benchmark,False,1026,2024-09-06,1
2024-09-20,1w,ElasticNet,0,0.4877330250356338,0.49,core,True,1026,2024-09-06,1
2024-09-20,1w,Logistic,0,0.4798531541771164,0.5,core,True,1026,2024-09-06,1
2024-09-20,1w,XGBoost,0,0.48471882939338684,0.51,extended,True,1023,2024-09-06,1
2024-09-27,1w,HistoricalBaseRate,1,0.48880233690360275,0.5,benchmark,False,1027,2024-09-13,1
2024-09-27,1w,ElasticNet,1,0.4853610955394125,0.49,core,True,1027,2024-09-13,1
2024-09-27,1w,Logistic,1,0.4903504903251204,0.5,core,True,1027,2024-09-13,1
2024-09-27,1w,XGBoost,1,0.49160441756248474,0.51,extended,True,1024,2024-09-13,1
2024-10-04,1w,HistoricalBaseRate,1,0.4883268482490272,0.5,benchmark,False,1028,2024-09-20,1
2024-10-04,1w,ElasticNet,1,0.4837710935680876,0.49,core,True,1028,2024-09-20,1
2024-10-04,1w,Logistic,1,0.4845609058538525,0.5,core,True,1028,2024-09-20,1
2024-10-04,1w,XGBoost,1,0.515228807926178,0.51,extended,True,1025,2024-09-20,1
2024-10-11,1w,HistoricalBaseRate,1,0.48882410106899904,0.5,benchmark,False,1029,2024-09-27,1
2024-10-11,1w,ElasticNet,1,0.48948807709987624,0.49,core,True,1029,2024-09-27,1
2024-10-11,1w,Logistic,1,0.4841557686632823,0.5,core,True,1029,2024-09-27,1
2024-10-11,1w,XGBoost,1,0.4912550151348114,0.51,extended,True,1026,2024-09-27,1
2024-10-18,1w,HistoricalBaseRate,1,0.4893203883495146,0.5,benchmark,False,1030,2024-10-04,1
2024-10-18,1w,ElasticNet,1,0.48425885478409114,0.49,core,True,1030,2024-10-04,1
2024-10-18,1w,Logistic,1,0.49478831410373353,0.5,core,True,1030,2024-10-04,1
2024-10-18,1w,XGBoost,1,0.4965336322784424,0.51,extended,True,1027,2024-10-04,1
2024-10-25,1w,HistoricalBaseRate,1,0.489815712900097,0.5,benchmark,False,1031,2024-10-11,1
2024-10-25,1w,ElasticNet,1,0.47457422180344944,0.49,core,True,1031,2024-10-11,1
2024-10-25,1w,Logistic,1,0.49105091138728885,0.5,core,True,1031,2024-10-11,1
2024-10-25,1w,XGBoost,1,0.512615442276001,0.51,extended,True,1028,2024-10-11,1
2024-11-01,1w,HistoricalBaseRate,0,0.4903100775193798,0.5,benchmark,False,1032,2024-10-18,1
2024-11-01,1w,ElasticNet,0,0.48767320835646705,0.49,core,True,1032,2024-10-18,1
2024-11-01,1w,Logistic,0,0.4846032093330494,0.5,core,True,1032,2024-10-18,1
2024-11-01,1w,XGBoost,0,0.4853658974170685,0.51,extended,True,1029,2024-10-18,1
2024-11-08,1w,HistoricalBaseRate,1,0.49080348499515974,0.5,benchmark,False,1033,2024-10-25,1
2024-11-08,1w,ElasticNet,1,0.48529804381002695,0.49,core,True,1033,2024-10-25,1
2024-11-08,1w,Logistic,1,0.4727494346583575,0.5,core,True,1033,2024-10-25,1
2024-11-08,1w,XGBoost,1,0.47674885392189026,0.51,extended,True,1030,2024-10-25,1
2024-11-15,1w,HistoricalBaseRate,0,0.49032882011605416,0.5,benchmark,False,1034,2024-11-01,1
2024-11-15,1w,ElasticNet,0,0.4914328884744406,0.49,core,True,1034,2024-11-01,1
2024-11-15,1w,Logistic,0,0.4862925081433098,0.5,core,True,1034,2024-11-01,1
2024-11-15,1w,XGBoost,0,0.49044474959373474,0.51,extended,True,1031,2024-11-01,1
2024-11-22,1w,HistoricalBaseRate,1,0.49082125603864735,0.5,benchmark,False,1035,2024-11-08,1
2024-11-22,1w,ElasticNet,1,0.48627451668224086,0.49,core,True,1035,2024-11-08,1
2024-11-22,1w,Logistic,1,0.4746452977454874,0.5,core,True,1035,2024-11-08,1
2024-11-22,1w,XGBoost,1,0.4705488085746765,0.51,extended,True,1032,2024-11-08,1
2024-11-29,1w,HistoricalBaseRate,1,0.49034749034749037,0.5,benchmark,False,1036,2024-11-15,1
2024-11-29,1w,ElasticNet,1,0.49309368887659044,0.49,core,True,1036,2024-11-15,1
2024-11-29,1w,Logistic,1,0.4848427954565944,0.5,core,True,1036,2024-11-15,1
2024-11-29,1w,XGBoost,1,0.47740498185157776,0.51,extended,True,1033,2024-11-15,1
2024-12-06,1w,HistoricalBaseRate,1,0.49083895853423337,0.5,benchmark,False,1037,2024-11-22,1
2024-12-06,1w,ElasticNet,1,0.4878364435011827,0.49,core,True,1037,2024-11-22,1
2024-12-06,1w,Logistic,1,0.48347899414590384,0.5,core,True,1037,2024-11-22,1
2024-12-06,1w,XGBoost,1,0.4920923113822937,0.51,extended,True,1034,2024-11-22,1
2024-12-13,1w,HistoricalBaseRate,1,0.4913294797687861,0.5,benchmark,False,1038,2024-11-29,1
2024-12-13,1w,ElasticNet,1,0.4842964992056743,0.49,core,True,1038,2024-11-29,1
2024-12-13,1w,Logistic,1,0.4839455166759654,0.5,core,True,1038,2024-11-29,1
2024-12-13,1w,XGBoost,1,0.4867764115333557,0.51,extended,True,1035,2024-11-29,1
2024-12-20,1w,HistoricalBaseRate,1,0.4918190567853705,0.5,benchmark,False,1039,2024-12-06,1
2024-12-20,1w,ElasticNet,1,0.49210848831219006,0.49,core,True,1039,2024-12-06,1
2024-12-20,1w,Logistic,1,0.49194177329857053,0.5,core,True,1039,2024-12-06,1
2024-12-20,1w,XGBoost,1,0.5224688053131104,0.51,extended,True,1036,2024-12-06,1
2024-12-27,1w,HistoricalBaseRate,1,0.49230769230769234,0.5,benchmark,False,1040,2024-12-13,1
2024-12-27,1w,ElasticNet,1,0.5037516338504404,0.49,core,True,1040,2024-12-13,1
2024-12-27,1w,Logistic,1,0.47758829971438665,0.5,core,True,1040,2024-12-13,1
2024-12-27,1w,XGBoost,1,0.4870995283126831,0.51,extended,True,1037,2024-12-13,1
2025-01-03,1w,HistoricalBaseRate,0,0.49279538904899134,0.5,benchmark,False,1041,2024-12-20,1
2025-01-03,1w,ElasticNet,0,0.4784653733870143,0.49,core,True,1041,2024-12-20,1
2025-01-03,1w,Logistic,0,0.4870178461200415,0.5,core,True,1041,2024-12-20,1
2025-01-03,1w,XGBoost,0,0.4923955500125885,0.51,extended,True,1038,2024-12-20,1
2025-01-10,1w,HistoricalBaseRate,0,0.4932821497120921,0.5,benchmark,False,1042,2024-12-27,1
2025-01-10,1w,ElasticNet,0,0.49250317511471636,0.49,core,True,1042,2024-12-27,1
2025-01-10,1w,Logistic,0,0.48818546933467627,0.5,core,True,1042,2024-12-27,1
2025-01-10,1w,XGBoost,0,0.5270648002624512,0.51,extended,True,1039,2024-12-27,1
2025-01-17,1w,HistoricalBaseRate,0,0.4928092042186002,0.5,benchmark,False,1043,2025-01-03,1
2025-01-17,1w,ElasticNet,0,0.48641308563887387,0.49,core,True,1043,2025-01-03,1
2025-01-17,1w,Logistic,0,0.47950424595791136,0.5,core,True,1043,2025-01-03,1
2025-01-17,1w,XGBoost,0,0.49276044964790344,0.51,extended,True,1040,2025-01-03,1
2025-01-24,1w,HistoricalBaseRate,1,0.49233716475095785,0.5,benchmark,False,1044,2025-01-10,1
2025-01-24,1w,ElasticNet,1,0.49121785910653665,0.49,core,True,1044,2025-01-10,1
2025-01-24,1w,Logistic,1,0.4866098243676547,0.5,core,True,1044,2025-01-10,1
2025-01-24,1w,XGBoost,1,0.4921165108680725,0.51,extended,True,1041,2025-01-10,1
2025-01-31,1w,HistoricalBaseRate,0,0.49186602870813395,0.5,benchmark,False,1045,2025-01-17,1
2025-01-31,1w,ElasticNet,0,0.49721839130949536,0.49,core,True,1045,2025-01-17,1
2025-01-31,1w,Logistic,0,0.5033459642184742,0.5,core,True,1045,2025-01-17,1
2025-01-31,1w,XGBoost,0,0.49926039576530457,0.51,extended,True,1042,2025-01-17,1
2025-02-07,1w,HistoricalBaseRate,0,0.49235181644359466,0.5,benchmark,False,1046,2025-01-24,1
2025-02-07,1w,ElasticNet,0,0.4876879152313501,0.49,core,True,1046,2025-01-24,1
2025-02-07,1w,Logistic,0,0.4917933802348863,0.5,core,True,1046,2025-01-24,1
2025-02-07,1w,XGBoost,0,0.46994274854660034,0.51,extended,True,1043,2025-01-24,1
2025-02-14,1w,HistoricalBaseRate,1,0.4918815663801337,0.5,benchmark,False,1047,2025-01-31,1
2025-02-14,1w,ElasticNet,1,0.49689117711245007,0.49,core,True,1047,2025-01-31,1
2025-02-14,1w,Logistic,1,0.4770522125256059,0.5,core,True,1047,2025-01-31,1
2025-02-14,1w,XGBoost,1,0.4629395008087158,0.51,extended,True,1044,2025-01-31,1
2025-02-21,1w,HistoricalBaseRate,1,0.491412213740458,0.5,benchmark,False,1048,2025-02-07,1
2025-02-21,1w,ElasticNet,1,0.484774894260553,0.49,core,True,1048,2025-02-07,1
2025-02-21,1w,Logistic,1,0.4772514364416615,0.5,core,True,1048,2025-02-07,1
2025-02-21,1w,XGBoost,1,0.5302894115447998,0.51,extended,True,1045,2025-02-07,1
2025-02-28,1w,HistoricalBaseRate,0,0.4918970448045758,0.5,benchmark,False,1049,2025-02-14,1
2025-02-28,1w,ElasticNet,0,0.49208708354206687,0.49,core,True,1049,2025-02-14,1
2025-02-28,1w,Logistic,0,0.4872611840353214,0.5,core,True,1049,2025-02-14,1
2025-02-28,1w,XGBoost,0,0.4920939803123474,0.51,extended,True,1046,2025-02-14,1
2025-03-07,1w,HistoricalBaseRate,0,0.49238095238095236,0.5,benchmark,False,1050,2025-02-21,1
2025-03-07,1w,ElasticNet,0,0.4980244641070707,0.49,core,True,1050,2025-02-21,1
2025-03-07,1w,Logistic,0,0.4987464399174612,0.5,core,True,1050,2025-02-21,1
2025-03-07,1w,XGBoost,0,0.5370833873748779,0.51,extended,True,1047,2025-02-21,1
2025-03-14,1w,HistoricalBaseRate,0,0.49191246431969554,0.5,benchmark,False,1051,2025-02-28,1
2025-03-14,1w,ElasticNet,0,0.49091292144119086,0.49,core,True,1051,2025-02-28,1
2025-03-14,1w,Logistic,0,0.4854439369842,0.5,core,True,1051,2025-02-28,1
2025-03-14,1w,XGBoost,0,0.4937303364276886,0.51,extended,True,1048,2025-02-28,1
2025-03-21,1w,HistoricalBaseRate,0,0.4914448669201521,0.5,benchmark,False,1052,2025-03-07,1
2025-03-21,1w,ElasticNet,0,0.4937449241369932,0.49,core,True,1052,2025-03-07,1
2025-03-21,1w,Logistic,0,0.47407942774263356,0.5,core,True,1052,2025-03-07,1
2025-03-21,1w,XGBoost,0,0.491112619638443,0.51,extended,True,1049,2025-03-07,1
2025-03-28,1w,HistoricalBaseRate,0,0.49097815764482433,0.5,benchmark,False,1053,2025-03-14,1
2025-03-28,1w,ElasticNet,0,0.49604681078175883,0.49,core,True,1053,2025-03-14,1
2025-03-28,1w,Logistic,0,0.4824562774122687,0.5,core,True,1053,2025-03-14,1
2025-03-28,1w,XGBoost,0,0.5226986408233643,0.51,extended,True,1050,2025-03-14,1
2025-04-04,1w,HistoricalBaseRate,0,0.4905123339658444,0.5,benchmark,False,1054,2025-03-21,1
2025-04-04,1w,ElasticNet,0,0.4962800176747914,0.49,core,True,1054,2025-03-21,1
2025-04-04,1w,Logistic,0,0.5258598032044498,0.5,core,True,1054,2025-03-21,1
2025-04-04,1w,XGBoost,0,0.5326075553894043,0.51,extended,True,1051,2025-03-21,1
2025-04-11,1w,HistoricalBaseRate,0,0.4900473933649289,0.5,benchmark,False,1055,2025-03-28,1
2025-04-11,1w,ElasticNet,0,0.4885437460738339,0.49,core,True,1055,2025-03-28,1
2025-04-11,1w,Logistic,0,0.4614337145454107,0.5,core,True,1055,2025-03-28,1
2025-04-11,1w,XGBoost,0,0.45809119939804077,0.51,extended,True,1052,2025-03-28,1
2025-04-18,1w,HistoricalBaseRate,1,0.4895833333333333,0.5,benchmark,False,1056,2025-04-04,1
2025-04-18,1w,ElasticNet,1,0.4875951317756662,0.49,core,True,1056,2025-04-04,1
2025-04-18,1w,Logistic,1,0.4665251420330985,0.5,core,True,1056,2025-04-04,1
2025-04-18,1w,XGBoost,1,0.4848518967628479,0.51,extended,True,1053,2025-04-04,1
2025-04-25,1w,HistoricalBaseRate,0,0.489120151371807,0.5,benchmark,False,1057,2025-04-11,1
2025-04-25,1w,ElasticNet,0,0.4915323652751364,0.49,core,True,1057,2025-04-11,1
2025-04-25,1w,Logistic,0,0.46683293957448635,0.5,core,True,1057,2025-04-11,1
2025-04-25,1w,XGBoost,0,0.4882005751132965,0.51,extended,True,1054,2025-04-11,1
2025-05-02,1w,HistoricalBaseRate,1,0.4896030245746692,0.5,benchmark,False,1058,2025-04-18,1
2025-05-02,1w,ElasticNet,1,0.4891440916768709,0.49,core,True,1058,2025-04-18,1
2025-05-02,1w,Logistic,1,0.48397764872194315,0.5,core,True,1058,2025-04-18,1
2025-05-02,1w,XGBoost,1,0.48236581683158875,0.51,extended,True,1055,2025-04-18,1
2025-05-09,1w,HistoricalBaseRate,1,0.48914069877242683,0.5,benchmark,False,1059,2025-04-25,1
2025-05-09,1w,ElasticNet,1,0.4924461329335482,0.49,core,True,1059,2025-04-25,1
2025-05-09,1w,Logistic,1,0.4758566010785229,0.5,core,True,1059,2025-04-25,1
2025-05-09,1w,XGBoost,1,0.4770696759223938,0.51,extended,True,1056,2025-04-25,1
2025-05-16,1w,HistoricalBaseRate,0,0.48962264150943396,0.5,benchmark,False,1060,2025-05-02,1
2025-05-16,1w,ElasticNet,0,0.4900893301547936,0.49,core,True,1060,2025-05-02,1
2025-05-16,1w,Logistic,0,0.4754796079962264,0.5,core,True,1060,2025-05-02,1
2025-05-16,1w,XGBoost,0,0.4845243990421295,0.51,extended,True,1057,2025-05-02,1
2025-05-23,1w,HistoricalBaseRate,0,0.49010367577756836,0.5,benchmark,False,1061,2025-05-09,1
2025-05-23,1w,ElasticNet,0,0.485067963430755,0.49,core,True,1061,2025-05-09,1
2025-05-23,1w,Logistic,0,0.4815113274625821,0.5,core,True,1061,2025-05-09,1
2025-05-23,1w,XGBoost,0,0.489843487739563,0.51,extended,True,1058,2025-05-09,1
2025-05-30,1w,HistoricalBaseRate,0,0.4896421845574388,0.5,benchmark,False,1062,2025-05-16,1
2025-05-30,1w,ElasticNet,0,0.4889004220442863,0.49,core,True,1062,2025-05-16,1
2025-05-30,1w,Logistic,0,0.4715075807385118,0.5,core,True,1062,2025-05-16,1
2025-05-30,1w,XGBoost,0,0.4830586314201355,0.51,extended,True,1059,2025-05-16,1
2025-06-06,1w,HistoricalBaseRate,0,0.4891815616180621,0.5,benchmark,False,1063,2025-05-23,1
2025-06-06,1w,ElasticNet,0,0.49341472787443835,0.49,core,True,1063,2025-05-23,1
2025-06-06,1w,Logistic,0,0.4683629694446307,0.5,core,True,1063,2025-05-23,1
2025-06-06,1w,XGBoost,0,0.47576388716697693,0.51,extended,True,1060,2025-05-23,1
2025-06-13,1w,HistoricalBaseRate,1,0.48872180451127817,0.5,benchmark,False,1064,2025-05-30,1
2025-06-13,1w,ElasticNet,1,0.4936470681087263,0.49,core,True,1064,2025-05-30,1
2025-06-13,1w,Logistic,1,0.4676951343261838,0.5,core,True,1064,2025-05-30,1
2025-06-13,1w,XGBoost,1,0.48775944113731384,0.51,extended,True,1061,2025-05-30,1
2025-06-20,1w,HistoricalBaseRate,0,0.48826291079812206,0.5,benchmark,False,1065,2025-06-06,1
2025-06-20,1w,ElasticNet,0,0.4989751854705519,0.49,core,True,1065,2025-06-06,1
2025-06-20,1w,Logistic,0,0.47131304539893704,0.5,core,True,1065,2025-06-06,1
2025-06-20,1w,XGBoost,0,0.4864364266395569,0.51,extended,True,1062,2025-06-06,1
2025-06-27,1w,HistoricalBaseRate,0,0.48874296435272047,0.5,benchmark,False,1066,2025-06-13,1
2025-06-27,1w,ElasticNet,0,0.4910560057373933,0.49,core,True,1066,2025-06-13,1
2025-06-27,1w,Logistic,0,0.47543134820501004,0.5,core,True,1066,2025-06-13,1
2025-06-27,1w,XGBoost,0,0.4857754707336426,0.51,extended,True,1063,2025-06-13,1
2025-07-04,1w,HistoricalBaseRate,1,0.48828491096532334,0.5,benchmark,False,1067,2025-06-20,1
2025-07-04,1w,ElasticNet,1,0.49668358795696166,0.49,core,True,1067,2025-06-20,1
2025-07-04,1w,Logistic,1,0.4815619344244463,0.5,core,True,1067,2025-06-20,1
2025-07-04,1w,XGBoost,1,0.470066100358963,0.51,extended,True,1064,2025-06-20,1
2025-07-11,1w,HistoricalBaseRate,1,0.48782771535580527,0.5,benchmark,False,1068,2025-06-27,1
2025-07-11,1w,ElasticNet,1,0.4859008826723152,0.49,core,True,1068,2025-06-27,1
2025-07-11,1w,Logistic,1,0.46979053060735343,0.5,core,True,1068,2025-06-27,1
2025-07-11,1w,XGBoost,1,0.4773963987827301,0.51,extended,True,1065,2025-06-27,1
2025-07-18,1w,HistoricalBaseRate,1,0.4883068288119738,0.5,benchmark,False,1069,2025-07-04,1
2025-07-18,1w,ElasticNet,1,0.5034953499668811,0.49,core,True,1069,2025-07-04,1
2025-07-18,1w,Logistic,1,0.47219757533750056,0.5,core,True,1069,2025-07-04,1
2025-07-18,1w,XGBoost,1,0.4763146638870239,0.51,extended,True,1066,2025-07-04,1
2025-07-25,1w,HistoricalBaseRate,1,0.48878504672897194,0.5,benchmark,False,1070,2025-07-11,1
2025-07-25,1w,ElasticNet,1,0.48330297841850056,0.49,core,True,1070,2025-07-11,1
2025-07-25,1w,Logistic,1,0.4776256921691493,0.5,core,True,1070,2025-07-11,1
2025-07-25,1w,XGBoost,1,0.4830038547515869,0.51,extended,True,1067,2025-07-11,1
2025-08-01,1w,HistoricalBaseRate,0,0.4892623716153128,0.5,benchmark,False,1071,2025-07-18,1
2025-08-01,1w,ElasticNet,0,0.4915672526336426,0.49,core,True,1071,2025-07-18,1
2025-08-01,1w,Logistic,0,0.4716340006785959,0.5,core,True,1071,2025-07-18,1
2025-08-01,1w,XGBoost,0,0.5183961391448975,0.51,extended,True,1068,2025-07-18,1
2025-08-08,1w,HistoricalBaseRate,1,0.48973880597014924,0.5,benchmark,False,1072,2025-07-25,1
2025-08-08,1w,ElasticNet,1,0.49865873578760206,0.49,core,True,1072,2025-07-25,1
2025-08-08,1w,Logistic,1,0.48174359762002167,0.5,core,True,1072,2025-07-25,1
2025-08-08,1w,XGBoost,1,0.4915757179260254,0.51,extended,True,1069,2025-07-25,1
2025-08-15,1w,HistoricalBaseRate,1,0.48928238583411,0.5,benchmark,False,1073,2025-08-01,1
2025-08-15,1w,ElasticNet,1,0.4897366803672031,0.49,core,True,1073,2025-08-01,1
2025-08-15,1w,Logistic,1,0.480049930835287,0.5,core,True,1073,2025-08-01,1
2025-08-15,1w,XGBoost,1,0.4845248758792877,0.51,extended,True,1070,2025-08-01,1
2025-08-22,1w,HistoricalBaseRate,0,0.4897579143389199,0.5,benchmark,False,1074,2025-08-08,1
2025-08-22,1w,ElasticNet,0,0.4859467456421141,0.49,core,True,1074,2025-08-08,1
2025-08-22,1w,Logistic,0,0.47483124855211045,0.5,core,True,1074,2025-08-08,1
2025-08-22,1w,XGBoost,0,0.481388121843338,0.51,extended,True,1071,2025-08-08,1
2025-08-29,1w,HistoricalBaseRate,1,0.49023255813953487,0.5,benchmark,False,1075,2025-08-15,1
2025-08-29,1w,ElasticNet,1,0.4951212098799715,0.49,core,True,1075,2025-08-15,1
2025-08-29,1w,Logistic,1,0.48169562232187396,0.5,core,True,1075,2025-08-15,1
2025-08-29,1w,XGBoost,1,0.4575546681880951,0.51,extended,True,1072,2025-08-15,1
2025-09-05,1w,HistoricalBaseRate,1,0.48977695167286245,0.5,benchmark,False,1076,2025-08-22,1
2025-09-05,1w,ElasticNet,1,0.504701401419059,0.49,core,True,1076,2025-08-22,1
2025-09-05,1w,Logistic,1,0.4774856717647265,0.5,core,True,1076,2025-08-22,1
2025-09-05,1w,XGBoost,1,0.4825562834739685,0.51,extended,True,1073,2025-08-22,1
2025-09-12,1w,HistoricalBaseRate,0,0.49025069637883006,0.5,benchmark,False,1077,2025-08-29,1
2025-09-12,1w,ElasticNet,0,0.49008565113899377,0.49,core,True,1077,2025-08-29,1
2025-09-12,1w,Logistic,0,0.483430768604284,0.5,core,True,1077,2025-08-29,1
2025-09-12,1w,XGBoost,0,0.49708831310272217,0.51,extended,True,1074,2025-08-29,1
2025-09-19,1w,HistoricalBaseRate,1,0.4907235621521336,0.5,benchmark,False,1078,2025-09-05,1
2025-09-19,1w,ElasticNet,1,0.490523493929272,0.49,core,True,1078,2025-09-05,1
2025-09-19,1w,Logistic,1,0.4838465872658692,0.5,core,True,1078,2025-09-05,1
2025-09-19,1w,XGBoost,1,0.49112340807914734,0.51,extended,True,1075,2025-09-05,1
2025-09-26,1w,HistoricalBaseRate,0,0.4902687673772011,0.5,benchmark,False,1079,2025-09-12,1
2025-09-26,1w,ElasticNet,0,0.4907390606225217,0.49,core,True,1079,2025-09-12,1
2025-09-26,1w,Logistic,0,0.48096174170945594,0.5,core,True,1079,2025-09-12,1
2025-09-26,1w,XGBoost,0,0.491853803396225,0.51,extended,True,1076,2025-09-12,1
2025-10-03,1w,HistoricalBaseRate,1,0.49074074074074076,0.5,benchmark,False,1080,2025-09-19,1
2025-10-03,1w,ElasticNet,1,0.493486789422401,0.49,core,True,1080,2025-09-19,1
2025-10-03,1w,Logistic,1,0.49001579818654334,0.5,core,True,1080,2025-09-19,1
2025-10-03,1w,XGBoost,1,0.4921008050441742,0.51,extended,True,1077,2025-09-19,1
2025-10-10,1w,HistoricalBaseRate,1,0.4902867715078631,0.5,benchmark,False,1081,2025-09-26,1
2025-10-10,1w,ElasticNet,1,0.48112095940650645,0.49,core,True,1081,2025-09-26,1
2025-10-10,1w,Logistic,1,0.4858015040651984,0.5,core,True,1081,2025-09-26,1
2025-10-10,1w,XGBoost,1,0.5169668197631836,0.51,extended,True,1078,2025-09-26,1
2025-10-17,1w,HistoricalBaseRate,0,0.4907578558225508,0.5,benchmark,False,1082,2025-10-03,1
2025-10-17,1w,ElasticNet,0,0.4865886755122055,0.49,core,True,1082,2025-10-03,1
2025-10-17,1w,Logistic,0,0.4833256685463023,0.5,core,True,1082,2025-10-03,1
2025-10-17,1w,XGBoost,0,0.4935046136379242,0.51,extended,True,1079,2025-10-03,1
2025-10-24,1w,HistoricalBaseRate,0,0.49122807017543857,0.5,benchmark,False,1083,2025-10-10,1
2025-10-24,1w,ElasticNet,0,0.48649738679147075,0.49,core,True,1083,2025-10-10,1
2025-10-24,1w,Logistic,0,0.4786977254784463,0.5,core,True,1083,2025-10-10,1
2025-10-24,1w,XGBoost,0,0.4926494359970093,0.51,extended,True,1080,2025-10-10,1
2025-10-31,1w,HistoricalBaseRate,1,0.4907749077490775,0.5,benchmark,False,1084,2025-10-17,1
2025-10-31,1w,ElasticNet,1,0.49497654874411057,0.49,core,True,1084,2025-10-17,1
2025-10-31,1w,Logistic,1,0.49206843304736125,0.5,core,True,1084,2025-10-17,1
2025-10-31,1w,XGBoost,1,0.4966822862625122,0.51,extended,True,1081,2025-10-17,1
2025-11-07,1w,HistoricalBaseRate,0,0.49032258064516127,0.5,benchmark,False,1085,2025-10-24,1
2025-11-07,1w,ElasticNet,0,0.509753447989773,0.49,core,True,1085,2025-10-24,1
2025-11-07,1w,Logistic,0,0.479952034143563,0.5,core,True,1085,2025-10-24,1
2025-11-07,1w,XGBoost,0,0.4891914427280426,0.51,extended,True,1082,2025-10-24,1
2025-11-14,1w,HistoricalBaseRate,1,0.49079189686924496,0.5,benchmark,False,1086,2025-10-31,1
2025-11-14,1w,ElasticNet,1,0.4928857789471422,0.49,core,True,1086,2025-10-31,1
2025-11-14,1w,Logistic,1,0.484604472905823,0.5,core,True,1086,2025-10-31,1
2025-11-14,1w,XGBoost,1,0.4891522526741028,0.51,extended,True,1083,2025-10-31,1
2025-11-21,1w,HistoricalBaseRate,0,0.49034038638454464,0.5,benchmark,False,1087,2025-11-07,1
2025-11-21,1w,ElasticNet,0,0.4928032797234346,0.49,core,True,1087,2025-11-07,1
2025-11-21,1w,Logistic,0,0.48350433973770535,0.5,core,True,1087,2025-11-07,1
2025-11-21,1w,XGBoost,0,0.5171859264373779,0.51,extended,True,1084,2025-11-07,1
2025-11-28,1w,HistoricalBaseRate,0,0.49080882352941174,0.5,benchmark,False,1088,2025-11-14,1
2025-11-28,1w,ElasticNet,0,0.4858162262165548,0.49,core,True,1088,2025-11-14,1
2025-11-28,1w,Logistic,0,0.472142612744136,0.5,core,True,1088,2025-11-14,1
2025-11-28,1w,XGBoost,0,0.4680008292198181,0.51,extended,True,1085,2025-11-14,1
2025-12-05,1w,HistoricalBaseRate,0,0.4903581267217631,0.5,benchmark,False,1089,2025-11-21,1
2025-12-05,1w,ElasticNet,0,0.49221386702322534,0.49,core,True,1089,2025-11-21,1
2025-12-05,1w,Logistic,0,0.47160406478815214,0.5,core,True,1089,2025-11-21,1
2025-12-05,1w,XGBoost,0,0.45456066727638245,0.51,extended,True,1086,2025-11-21,1
2025-12-12,1w,HistoricalBaseRate,0,0.48990825688073397,0.5,benchmark,False,1090,2025-11-28,1
2025-12-12,1w,ElasticNet,0,0.48946247458716396,0.49,core,True,1090,2025-11-28,1
2025-12-12,1w,Logistic,0,0.4805127438243728,0.5,core,True,1090,2025-11-28,1
2025-12-12,1w,XGBoost,0,0.47666457295417786,0.51,extended,True,1087,2025-11-28,1
2025-12-19,1w,HistoricalBaseRate,0,0.4894592117323556,0.5,benchmark,False,1091,2025-12-05,1
2025-12-19,1w,ElasticNet,0,0.4889073839321215,0.49,core,True,1091,2025-12-05,1
2025-12-19,1w,Logistic,0,0.481259436692435,0.5,core,True,1091,2025-12-05,1
2025-12-19,1w,XGBoost,0,0.48320895433425903,0.51,extended,True,1088,2025-12-05,1
2025-12-26,1w,HistoricalBaseRate,1,0.489010989010989,0.5,benchmark,False,1092,2025-12-12,1
2025-12-26,1w,ElasticNet,1,0.49356541833591683,0.49,core,True,1092,2025-12-12,1
2025-12-26,1w,Logistic,1,0.47554489320494336,0.5,core,True,1092,2025-12-12,1
2025-12-26,1w,XGBoost,1,0.46153944730758667,0.51,extended,True,1089,2025-12-12,1
2026-01-02,1w,HistoricalBaseRate,1,0.4885635864592864,0.5,benchmark,False,1093,2025-12-19,1
2026-01-02,1w,ElasticNet,1,0.48422879976797606,0.49,core,True,1093,2025-12-19,1
2026-01-02,1w,Logistic,1,0.47913552530189646,0.5,core,True,1093,2025-12-19,1
2026-01-02,1w,XGBoost,1,0.48642638325691223,0.51,extended,True,1090,2025-12-19,1
2026-01-09,1w,HistoricalBaseRate,1,0.4890310786106033,0.5,benchmark,False,1094,2025-12-26,1
2026-01-09,1w,ElasticNet,1,0.4866339369088767,0.49,core,True,1094,2025-12-26,1
2026-01-09,1w,Logistic,1,0.4786927775698557,0.5,core,True,1094,2025-12-26,1
2026-01-09,1w,XGBoost,1,0.48217353224754333,0.51,extended,True,1091,2025-12-26,1
2026-01-16,1w,HistoricalBaseRate,0,0.4894977168949772,0.5,benchmark,False,1095,2026-01-02,1
2026-01-16,1w,ElasticNet,0,0.4868329392239094,0.49,core,True,1095,2026-01-02,1
2026-01-16,1w,Logistic,0,0.48621645016240606,0.5,core,True,1095,2026-01-02,1
2026-01-16,1w,XGBoost,0,0.4957498610019684,0.51,extended,True,1092,2026-01-02,1
2026-01-23,1w,HistoricalBaseRate,0,0.48996350364963503,0.5,benchmark,False,1096,2026-01-09,1
2026-01-23,1w,ElasticNet,0,0.48728566595654615,0.49,core,True,1096,2026-01-09,1
2026-01-23,1w,Logistic,0,0.4795202667539468,0.5,core,True,1096,2026-01-09,1
2026-01-23,1w,XGBoost,0,0.45895645022392273,0.51,extended,True,1093,2026-01-09,1
2026-01-30,1w,HistoricalBaseRate,1,0.48951686417502277,0.5,benchmark,False,1097,2026-01-16,1
2026-01-30,1w,ElasticNet,1,0.48914053261903767,0.49,core,True,1097,2026-01-16,1
2026-01-30,1w,Logistic,1,0.4783900911990276,0.5,core,True,1097,2026-01-16,1
2026-01-30,1w,XGBoost,1,0.45940813422203064,0.51,extended,True,1094,2026-01-16,1
2026-02-06,1w,HistoricalBaseRate,0,0.4890710382513661,0.5,benchmark,False,1098,2026-01-23,1
2026-02-06,1w,ElasticNet,0,0.4868107634905627,0.49,core,True,1098,2026-01-23,1
2026-02-06,1w,Logistic,0,0.47846882841890376,0.5,core,True,1098,2026-01-23,1
2026-02-06,1w,XGBoost,0,0.4878522753715515,0.51,extended,True,1095,2026-01-23,1
2026-02-13,1w,HistoricalBaseRate,1,0.4895359417652411,0.5,benchmark,False,1099,2026-01-30,1
2026-02-13,1w,ElasticNet,1,0.491194948738725,0.49,core,True,1099,2026-01-30,1
2026-02-13,1w,Logistic,1,0.4873051121827317,0.5,core,True,1099,2026-01-30,1
2026-02-13,1w,XGBoost,1,0.5123419761657715,0.51,extended,True,1096,2026-01-30,1
2026-02-20,1w,HistoricalBaseRate,0,0.4890909090909091,0.5,benchmark,False,1100,2026-02-06,1
2026-02-20,1w,ElasticNet,0,0.4999737239486927,0.49,core,True,1100,2026-02-06,1
2026-02-20,1w,Logistic,0,0.48171001816197573,0.5,core,True,1100,2026-02-06,1
2026-02-20,1w,XGBoost,0,0.48781266808509827,0.51,extended,True,1097,2026-02-06,1
2026-02-27,1w,HistoricalBaseRate,0,0.4895549500454133,0.5,benchmark,False,1101,2026-02-13,1
2026-02-27,1w,ElasticNet,0,0.4888116766774033,0.49,core,True,1101,2026-02-13,1
2026-02-27,1w,Logistic,0,0.4794197032753434,0.5,core,True,1101,2026-02-13,1
2026-02-27,1w,XGBoost,0,0.49097079038619995,0.51,extended,True,1098,2026-02-13,1
2026-03-06,1w,HistoricalBaseRate,1,0.48911070780399274,0.5,benchmark,False,1102,2026-02-20,1
2026-03-06,1w,ElasticNet,1,0.48399684218198324,0.49,core,True,1102,2026-02-20,1
2026-03-06,1w,Logistic,1,0.46921667505473863,0.5,core,True,1102,2026-02-20,1
2026-03-06,1w,XGBoost,1,0.5112715363502502,0.51,extended,True,1099,2026-02-20,1
2026-03-13,1w,HistoricalBaseRate,0,0.4886672710788758,0.5,benchmark,False,1103,2026-02-27,1
2026-03-13,1w,ElasticNet,0,0.5052612406100112,0.49,core,True,1103,2026-02-27,1
2026-03-13,1w,Logistic,0,0.47275880173675777,0.5,core,True,1103,2026-02-27,1
2026-03-13,1w,XGBoost,0,0.4870133399963379,0.51,extended,True,1100,2026-02-27,1
2026-03-20,1w,HistoricalBaseRate,1,0.4891304347826087,0.5,benchmark,False,1104,2026-03-06,1
2026-03-20,1w,ElasticNet,1,0.4864167430906437,0.49,core,True,1104,2026-03-06,1
2026-03-20,1w,Logistic,1,0.47823970120730647,0.5,core,True,1104,2026-03-06,1
2026-03-20,1w,XGBoost,1,0.489551842212677,0.51,extended,True,1101,2026-03-06,1
2026-03-27,1w,HistoricalBaseRate,1,0.48868778280542985,0.5,benchmark,False,1105,2026-03-13,1
2026-03-27,1w,ElasticNet,1,0.49155168203214916,0.49,core,True,1105,2026-03-13,1
2026-03-27,1w,Logistic,1,0.4800337468258887,0.5,core,True,1105,2026-03-13,1
2026-03-27,1w,XGBoost,1,0.5168137550354004,0.51,extended,True,1102,2026-03-13,1
2026-04-03,1w,HistoricalBaseRate,0,0.4891500904159132,0.5,benchmark,False,1106,2026-03-20,1
2026-04-03,1w,ElasticNet,0,0.493849061628751,0.49,core,True,1106,2026-03-20,1
2026-04-03,1w,Logistic,0,0.46390224829346427,0.5,core,True,1106,2026-03-20,1
2026-04-03,1w,XGBoost,0,0.4669509828090668,0.51,extended,True,1103,2026-03-20,1
2026-04-10,1w,HistoricalBaseRate,0,0.4896115627822945,0.5,benchmark,False,1107,2026-03-27,1
2026-04-10,1w,ElasticNet,0,0.4827120423519213,0.49,core,True,1107,2026-03-27,1
2026-04-10,1w,Logistic,0,0.4857891145767334,0.5,core,True,1107,2026-03-27,1
2026-04-10,1w,XGBoost,0,0.45921021699905396,0.51,extended,True,1104,2026-03-27,1
2026-04-17,1w,HistoricalBaseRate,1,0.4891696750902527,0.5,benchmark,False,1108,2026-04-03,1
2026-04-17,1w,ElasticNet,1,0.48761933967965154,0.49,core,True,1108,2026-04-03,1
2026-04-17,1w,Logistic,1,0.484170626002008,0.5,core,True,1108,2026-04-03,1
2026-04-17,1w,XGBoost,1,0.45370835065841675,0.51,extended,True,1105,2026-04-03,1
